gene_name	string_id	abundance_ppm
TDH3	4932.YGR192C	23256
FBA1	4932.YKL060C	18922
ENO2	4932.YHR174W	15864
RPL39	4932.YJL189W	14211
PGK1	4932.YCR012W	13767
PDC1	4932.YLR044C	13022
CDC19	4932.YAL038W	12757
ADH1	4932.YOL086C	10581
TEF2	4932.YBR118W	9934
TPI1	4932.YDR050C	8981
TEF1	4932.YPR080W	8658
GPM1	4932.YKL152C	7558
TDH2	4932.YJR009C	7212
ENO1	4932.YGR254W	7201
AHP1	4932.YLR109W	7119
RPL10	4932.YLR075W	6957
YEF3	4932.YLR249W	6185
ILV5	4932.YLR355C	5123
SSA1	4932.YAL005C	5103
SSA2	4932.YLL024C	5018
PMA1	4932.YGL008C	4722
ASC1	4932.YMR116C	4717
RPS15	4932.YOL040C	4707
TSA1	4932.YML028W	4485
RPL25	4932.YOL127W	4226
RPP2B	4932.YDR382W	4154
RPS5	4932.YJR123W	4101
RPS3	4932.YNL178W	3980
RPL35B	4932.YDL136W	3886
RPL24A	4932.YGL031C	3770
RPL3	4932.YOR063W	3719
RPS31	4932.YLR167W	3709
EFB1	4932.YAL003W	3695
RPL32	4932.YBL092W	3692
RPL35A	4932.YDL191W	3678
RPS2	4932.YGL123W	3637
SSB1	4932.YDL229W	3608
RPS7A	4932.YOR096W	3593
ALD6	4932.YPL061W	3562
RPL8B	4932.YLL045C	3527
CPR1	4932.YDR155C	3512
TDH1	4932.YJL052W	3474
RPS11B	4932.YBR048W	3435
RPS20	4932.YHL015W	3433
RPL28	4932.YGL103W	3395
SSB2	4932.YNL209W	3387
RPP2A	4932.YOL039W	3323
SOD1	4932.YJR104C	3189
RPL8A	4932.YHL033C	3183
RPS1B	4932.YML063W	3181
RPL24B	4932.YGR148C	3162
MET6	4932.YER091C	3133
PGI1	4932.YBR196C	3110
RPS12	4932.YOR369C	3086
RPS11A	4932.YDR025W	3059
RPS23A	4932.YGR118W	3059
RPL1B	4932.YGL135W	3005
RPP0	4932.YLR340W	2987
RPL15A	4932.YLR029C	2929
RPL5	4932.YPL131W	2928
GPP1	4932.YIL053W	2919
RPS4B	4932.YHR203C	2895
RPL27A	4932.YHR010W	2856
EFT2	4932.YDR385W	2835
RPS23B	4932.YPR132W	2820
RPL4A	4932.YBR031W	2733
HYP2	4932.YEL034W	2725
RPS25B	4932.YLR333C	2720
RPS24A	4932.YER074W	2711
RPL36B	4932.YPL249C-A	2689
RPL38	4932.YLR325C	2685
RPL4B	4932.YDR012W	2677
RPS1A	4932.YLR441C	2657
RPL9A	4932.YGL147C	2651
RPL7A	4932.YGL076C	2626
RPS25A	4932.YGR027C	2606
ACT1	4932.YFL039C	2598
HHF1	4932.YBR009C	2595
RPS24B	4932.YIL069C	2592
RPL31A	4932.YDL075W	2578
RPL14A	4932.YKL006W	2577
HSP82	4932.YPL240C	2575
HXK2	4932.YGL253W	2556
RPS21B	4932.YJL136C	2551
PSA1	4932.YDL055C	2549
RPS18A	4932.YDR450W	2537
RPL16B	4932.YNL069C	2514
RPL26B	4932.YGR034W	2511
RPL22A	4932.YLR061W	2463
RPL19B	4932.YBL027W	2461
HSC82	4932.YMR186W	2455
RPS4A	4932.YJR145C	2451
RPL17A	4932.YKL180W	2432
RPL27B	4932.YDR471W	2395
SAH1	4932.YER043C	2391
RPS9B	4932.YBR189W	2390
RPL13B	4932.YMR142C	2390
STM1	4932.YLR150W	2371
RPS29B	4932.YDL061C	2356
RPS17B	4932.YDR447C	2355
RPL1A	4932.YPL220W	2341
RPS17A	4932.YML024W	2335
RPL18B	4932.YNL301C	2316
RPS6B	4932.YBR181C	2312
RPL30	4932.YGL030W	2252
RPS19B	4932.YNL302C	2200
RPS29A	4932.YLR388W	2170
RPL14B	4932.YHL001W	2166
RPS6A	4932.YPL090C	2164
RPL17B	4932.YJL177W	2155
RPL12B	4932.YDR418W	2147
TMA19	4932.YKL056C	2128
RPS14A	4932.YCR031C	2097
RPS13	4932.YDR064W	2095
ADK1	4932.YDR226W	2092
IPP1	4932.YBR011C	2082
RPL33A	4932.YPL143W	2078
RPL13A	4932.YDL082W	2074
RPS21A	4932.YKR057W	2072
RPL26A	4932.YLR344W	2064
RPL18A	4932.YOL120C	2060
RPL9B	4932.YNL067W	2045
RPL36A	4932.YMR194W	2018
RPS8A	4932.YBL072C	2013
GND1	4932.YHR183W	1991
HSP12	4932.YFL014W	1990
BMH1	4932.YER177W	1989
SSE1	4932.YPL106C	1987
URA1	4932.YKL216W	1977
RPS28A	4932.YOR167C	1937
RPL40B	4932.YKR094C	1928
RPL23A	4932.YBL087C	1924
ZEO1	4932.YOL109W	1915
HHF2	4932.YNL030W	1885
RPS18B	4932.YML026C	1882
EFT1	4932.YOR133W	1879
RPS9A	4932.YPL081W	1875
RPL2A	4932.YFR031C-A	1873
RPL40A	4932.YIL148W	1868
RPS7B	4932.YNL096C	1835
RPL19A	4932.YBR084C-A	1835
RPP1A	4932.YDL081C	1835
HTB2	4932.YBL002W	1831
RPS14B	4932.YJL191W	1825
RPL6A	4932.YML073C	1821
RPS27B	4932.YHR021C	1819
RPL23B	4932.YER117W	1808
RPS19A	4932.YOL121C	1803
PAB1	4932.YER165W	1799
RPS16B	4932.YDL083C	1781
RPL15B	4932.YMR121C	1773
GLN1	4932.YPR035W	1766
RPP1B	4932.YDL130W	1764
HHT1	4932.YBR010W	1758
RPS8B	4932.YER102W	1750
RPS27A	4932.YKL156W	1726
MMF1	4932.YIL051C	1723
RPL7B	4932.YPL198W	1719
POR1	4932.YNL055C	1712
RPL37A	4932.YLR185W	1695
RPL20A	4932.YMR242C	1693
RPL31B	4932.YLR406C	1677
LEU1	4932.YGL009C	1668
RPL12A	4932.YEL054C	1668
RPL11B	4932.YGR085C	1660
RPL21B	4932.YPL079W	1653
RPL2B	4932.YIL018W	1629
RPS28B	4932.YLR264W	1616
RPL33B	4932.YOR234C	1613
RPL6B	4932.YLR448W	1611
RPL16A	4932.YIL133C	1575
RPL20B	4932.YOR312C	1565
RPS0B	4932.YLR048W	1564
EGD1	4932.YPL037C	1563
RPS26A	4932.YGL189C	1551
EGD2	4932.YHR193C	1545
ACB1	4932.YGR037C	1528
RPS26B	4932.YER131W	1527
RPS22B	4932.YLR367W	1526
TRR1	4932.YDR353W	1501
GDH1	4932.YOR375C	1466
CYS4	4932.YGR155W	1461
HTB1	4932.YDR224C	1457
SAM1	4932.YLR180W	1457
RPS22A	4932.YJL190C	1456
HHT2	4932.YNL031C	1444
TAL1	4932.YLR354C	1438
RPL21A	4932.YBR191W	1437
TEF4	4932.YKL081W	1428
RPS16A	4932.YMR143W	1427
VMA1	4932.YDL185W	1423
RNR1	4932.YER070W	1418
KAR2	4932.YJL034W	1404
HOM6	4932.YJR139C	1383
RPL34B	4932.YIL052C	1370
RPL34A	4932.YER056C-A	1358
SSC1	4932.YJR045C	1354
ADH2	4932.YMR303C	1347
YDJ1	4932.YNL064C	1325
TIF2	4932.YJL138C	1323
VMA2	4932.YBR127C	1296
FAS1	4932.YKL182W	1284
COF1	4932.YLL050C	1280
ILV3	4932.YJR016C	1277
SNU13	4932.YEL026W	1271
RPS0A	4932.YGR214W	1262
RPL43B	4932.YJR094W-A	1256
PFK1	4932.YGR240C	1250
RPL37B	4932.YDR500C	1248
ARG1	4932.YOL058W	1244
YHB1	4932.YGR234W	1232
RPS10A	4932.YOR293W	1227
GAR1	4932.YHR089C	1226
SHM2	4932.YLR058C	1221
TRX1	4932.YLR043C	1220
RPL43A	4932.YPR043W	1219
CYS3	4932.YAL012W	1217
RPL11A	4932.YPR102C	1216
BMH2	4932.YDR099W	1216
OLA1	4932.YBR025C	1205
ATP2	4932.YJR121W	1199
HSP60	4932.YLR259C	1197
TKL1	4932.YPR074C	1195
UBC4	4932.YBR082C	1194
SSZ1	4932.YHR064C	1191
TRX2	4932.YGR209C	1180
KRS1	4932.YDR037W	1172
BAT1	4932.YHR208W	1155
FAS2	4932.YPL231W	1148
RPS30A	4932.YLR287C-A	1143
HOM2	4932.YDR158W	1135
PFK2	4932.YMR205C	1133
MBF1	4932.YOR298C-A	1131
SAM2	4932.YDR502C	1129
ASN1	4932.YPR145W	1116
FPR1	4932.YNL135C	1111
RPS30B	4932.YOR182C	1099
PMA2	4932.YPL036W	1096
ZUO1	4932.YGR285C	1096
CPR6	4932.YLR216C	1090
HTA2	4932.YBL003C	1084
ADO1	4932.YJR105W	1083
ACS2	4932.YLR153C	1082
GIS2	4932.YNL255C	1070
PET9	4932.YBL030C	1051
VMA4	4932.YOR332W	1039
RPS10B	4932.YMR230W	1027
ACO1	4932.YLR304C	1017
GLY1	4932.YEL046C	1014
THR4	4932.YCR053W	1000
VMA10	4932.YHR039C-A	996
ASN2	4932.YGR124W	985
RNR4	4932.YGR180C	984
YRB1	4932.YDR002W	981
STI1	4932.YOR027W	970
PFY1	4932.YOR122C	969
CDC60	4932.YPL160W	952
SES1	4932.YDR023W	946
ARO4	4932.YBR249C	945
PDC5	4932.YLR134W	944
GRS1	4932.YBR121C	937
PIL1	4932.YGR086C	937
SUI1	4932.YNL244C	932
GUS1	4932.YGL245W	930
ARC1	4932.YGL105W	925
NOP1	4932.YDL014W	889
TIF1	4932.YKR059W	882
CDC48	4932.YDL126C	880
SEC53	4932.YFL045C	861
ERG13	4932.YML126C	854
ERG10	4932.YPL028W	845
LSP1	4932.YPL004C	841
ATP1	4932.YBL099W	839
TPM1	4932.YNL079C	837
HSP10	4932.YOR020C	836
HTA1	4932.YDR225W	833
RPL42B	4932.YHR141C	829
YRA1	4932.YDR381W	826
BFR1	4932.YOR198C	817
PHO88	4932.YBR106W	804
MRH1	4932.YDR033W	802
DPS1	4932.YLL018C	800
RPN1	4932.YHR027C	799
ARF1	4932.YDL192W	798
CPA2	4932.YJR109C	788
ADE17	4932.YMR120C	777
TRP5	4932.YGL026C	777
NPL3	4932.YDR432W	776
RPL29	4932.YFR032C-A	775
NSR1	4932.YGR159C	767
HSP26	4932.YBR072W	763
APA1	4932.YCL050C	752
ERG6	4932.YML008C	745
OYE2	4932.YHR179W	739
NOP56	4932.YLR197W	737
RTN1	4932.YDR233C	734
ILS1	4932.YBL076C	730
PDC6	4932.YGR087C	712
ALA1	4932.YOR335C	712
HXK1	4932.YFR053C	703
RPL42A	4932.YNL162W	699
SUB2	4932.YDL084W	696
PDI1	4932.YCL043C	691
ARO8	4932.YGL202W	689
ADH3	4932.YMR083W	678
CCW12	4932.YLR110C	677
RNR2	4932.YJL026W	677
HIS4	4932.YCL030C	675
LYS9	4932.YNR050C	673
PDA1	4932.YER178W	672
ABF2	4932.YMR072W	640
YHR020W	4932.YHR020W	638
VAS1	4932.YGR094W	636
TYS1	4932.YGR185C	635
THS1	4932.YIL078W	634
GSP2	4932.YOR185C	627
IMD3	4932.YLR432W	620
YMR226C	4932.YMR226C	619
AAT2	4932.YLR027C	619
DED81	4932.YHR019C	618
SEC14	4932.YMR079W	617
PRO3	4932.YER023W	616
GSP1	4932.YLR293C	610
KAP123	4932.YER110C	608
GUK1	4932.YDR454C	606
SBP1	4932.YHL034C	605
CCW14	4932.YLR390W-A	602
PST2	4932.YDR032C	602
HSP104	4932.YLL026W	597
CDC33	4932.YOL139C	594
ADE3	4932.YGR204W	590
SGT2	4932.YOR007C	589
ACC1	4932.YNR016C	587
GUA1	4932.YMR217W	580
ILV2	4932.YMR108W	576
TUB2	4932.YFL037W	573
MIR1	4932.YJR077C	571
DLD3	4932.YEL071W	568
MES1	4932.YGR264C	568
LIA1	4932.YJR070C	566
SSA4	4932.YER103W	563
IDH2	4932.YOR136W	560
NOP58	4932.YOR310C	554
CMD1	4932.YBR109C	552
MET17	4932.YLR303W	551
TIF5	4932.YPR041W	551
LYS20	4932.YDL182W	550
YLR179C	4932.YLR179C	549
BGL2	4932.YGR282C	548
FRS1	4932.YLR060W	548
UGP1	4932.YKL035W	538
ADE5,7	4932.YGL234W	537
TIF3	4932.YPR163C	537
SPE3	4932.YPR069C	535
CAM1	4932.YPL048W	529
GAS1	4932.YMR307W	526
CYC1	4932.YJR048W	524
SCP160	4932.YJL080C	524
SIS1	4932.YNL007C	523
THR1	4932.YHR025W	522
ARF2	4932.YDL137W	519
ECM33	4932.YBR078W	516
ERG20	4932.YJL167W	513
GVP36	4932.YIL041W	513
DED1	4932.YOR204W	510
YNL010W	4932.YNL010W	508
UBA1	4932.YKL210W	505
IDP1	4932.YDL066W	500
TIF11	4932.YMR260C	499
MDH1	4932.YKL085W	498
URA2	4932.YJL130C	498
RPG1	4932.YBR079C	497
GCD11	4932.YER025W	496
DBP2	4932.YNL112W	496
SER1	4932.YOR184W	490
WTM1	4932.YOR230W	484
LPD1	4932.YFL018C	483
ATP5	4932.YDR298C	483
PEP4	4932.YPL154C	475
SUP45	4932.YBR143C	474
RIB4	4932.YOL143C	474
YNK1	4932.YKL067W	474
YDL124W	4932.YDL124W	473
GLK1	4932.YCL040W	471
SSA3	4932.YBL075C	470
ADE12	4932.YNL220W	462
SEC27	4932.YGL137W	462
GPP2	4932.YER062C	461
APE3	4932.YBR286W	461
URA5	4932.YML106W	454
HMF1	4932.YER057C	451
ARB1	4932.YER036C	451
ADE6	4932.YGR061C	449
TMA7	4932.YLR262C-A	449
GRX2	4932.YDR513W	449
YDR341C	4932.YDR341C	446
QCR2	4932.YPR191W	440
ARO2	4932.YGL148W	439
FRS2	4932.YFL022C	437
GPD1	4932.YDL022W	436
DPM1	4932.YPR183W	433
DUG1	4932.YFR044C	430
SUI2	4932.YJR007W	428
SHM1	4932.YBR263W	425
DYS1	4932.YHR068W	425
PAA1	4932.YDR071C	424
CHC1	4932.YGL206C	423
ALD4	4932.YOR374W	420
TIF34	4932.YMR146C	416
SBA1	4932.YKL117W	416
SOD2	4932.YHR008C	415
GCV3	4932.YAL044C	414
SAR1	4932.YPL218W	413
NTF2	4932.YER009W	413
URA7	4932.YBL039C	408
PMI40	4932.YER003C	406
PBI2	4932.YNL015W	404
PDB1	4932.YBR221C	402
CAR2	4932.YLR438W	401
RPL22B	4932.YFL034C-A	399
HOM3	4932.YER052C	398
CPR3	4932.YML078W	394
CBF5	4932.YLR175W	394
TIM9	4932.YEL020W-A	393
FUR1	4932.YHR128W	392
UBI4	4932.YLL039C	392
HTS1	4932.YPR033C	392
ILV6	4932.YCL009C	390
SMT3	4932.YDR510W	389
SUP35	4932.YDR172W	386
HYR1	4932.YIR037W	384
LAT1	4932.YNL071W	384
PNC1	4932.YGL037C	384
GLC7	4932.YER133W	379
KES1	4932.YPL145C	376
LYS1	4932.YIR034C	375
GRX1	4932.YCL035C	375
RPC19	4932.YNL113W	374
IMD4	4932.YML056C	366
VMA5	4932.YKL080W	366
LYS21	4932.YDL131W	364
MRT4	4932.YKL009W	363
YNL208W	4932.YNL208W	359
CIT1	4932.YNR001C	356
GLN4	4932.YOR168W	356
NHP6A	4932.YPR052C	355
YPL225W	4932.YPL225W	355
HRI1	4932.YLR301W	355
PUB1	4932.YNL016W	354
SAC6	4932.YDR129C	353
YNL134C	4932.YNL134C	353
TUF1	4932.YOR187W	352
YMR295C	4932.YMR295C	352
COR1	4932.YBL045C	349
NOP10	4932.YHR072W-A	348
MLC1	4932.YGL106W	348
YBR085C-A	4932.YBR085C-A	345
HPT1	4932.YDR399W	345
HIS1	4932.YER055C	344
ADH6	4932.YMR318C	344
DEF1	4932.YKL054C	343
PHO84	4932.YML123C	343
YPR1	4932.YDR368W	343
PUP2	4932.YGR253C	342
VPH1	4932.YOR270C	342
ABP1	4932.YCR088W	341
CCS1	4932.YMR038C	341
DAK1	4932.YML070W	338
LYS12	4932.YIL094C	336
NHP2	4932.YDL208W	334
FUN12	4932.YAL035W	333
LEU4	4932.YNL104C	333
ARO1	4932.YDR127W	332
SRO9	4932.YCL037C	331
RTC3	4932.YHR087W	328
LSC1	4932.YOR142W	326
CCT4	4932.YDL143W	324
APT1	4932.YML022W	322
HNT1	4932.YDL125C	321
RDL1	4932.YOR285W	321
VMA13	4932.YPR036W	320
TIM10	4932.YHR005C-A	318
HEF3	4932.YNL014W	317
SCS2	4932.YER120W	316
CLU1	4932.YMR012W	316
FAA1	4932.YOR317W	316
GET3	4932.YDL100C	314
NCE102	4932.YPR149W	314
COP1	4932.YDL145C	313
CAR1	4932.YPL111W	313
PRO2	4932.YOR323C	313
CCT8	4932.YJL008C	313
PRT1	4932.YOR361C	311
ZWF1	4932.YNL241C	310
RHO1	4932.YPR165W	310
SRV2	4932.YNL138W	307
BAT2	4932.YJR148W	306
FCY1	4932.YPR062W	306
RPC40	4932.YPR110C	303
NIP1	4932.YMR309C	302
IDH1	4932.YNL037C	301
MAP1	4932.YLR244C	301
PRE5	4932.YMR314W	301
QCR7	4932.YDR529C	299
DDR48	4932.YMR173W	297
GLR1	4932.YPL091W	297
ARO3	4932.YDR035W	295
NEW1	4932.YPL226W	295
SEC13	4932.YLR208W	295
RIM1	4932.YCR028C-A	295
PRE10	4932.YOR362C	294
RNA1	4932.YMR235C	294
COX6	4932.YHR051W	294
CIC1	4932.YHR052W	294
GDI1	4932.YER136W	294
RPN7	4932.YPR108W	294
RPC10	4932.YHR143W-A	293
GLT1	4932.YDL171C	292
HCR1	4932.YLR192C	291
ATP3	4932.YBR039W	291
RIB3	4932.YDR487C	290
PYC2	4932.YBR218C	290
FRD1	4932.YEL047C	289
YPT1	4932.YFL038C	285
PRE8	4932.YML092C	284
SCL1	4932.YGL011C	284
FPR3	4932.YML074C	284
IDI1	4932.YPL117C	284
MVD1	4932.YNR043W	282
SER3	4932.YER081W	281
TPS1	4932.YBR126C	280
ERV25	4932.YML012W	278
ARA1	4932.YBR149W	278
ATP15	4932.YPL271W	278
ADE1	4932.YAR015W	278
GRE3	4932.YHR104W	277
WRS1	4932.YOL097C	276
TPM2	4932.YIL138C	276
ATP7	4932.YKL016C	275
SAM4	4932.YPL273W	275
ERG2	4932.YMR202W	274
TOM70	4932.YNL121C	274
RVS161	4932.YCR009C	271
RPT4	4932.YOR259C	271
ADE13	4932.YLR359W	270
TUB1	4932.YML085C	269
ACO2	4932.YJL200C	269
ARG4	4932.YHR018C	269
AAH1	4932.YNL141W	267
HMO1	4932.YDR174W	267
SVF1	4932.YDR346C	266
NCL1	4932.YBL024W	266
ATP4	4932.YPL078C	265
PKR1	4932.YMR123W	264
YCP4	4932.YCR004C	264
YMR099C	4932.YMR099C	264
SUI3	4932.YPL237W	262
PRC1	4932.YMR297W	262
TIF35	4932.YDR429C	261
SEC21	4932.YNL287W	259
VMA3	4932.YEL027W	259
VPS1	4932.YKR001C	256
TIF6	4932.YPR016C	255
TRP2	4932.YER090W	253
PGM2	4932.YMR105C	251
YMR315W	4932.YMR315W	251
TIF4631	4932.YGR162W	250
SHB17	4932.YKR043C	249
RLI1	4932.YDR091C	249
SEC31	4932.YDL195W	249
POL30	4932.YBR088C	247
YNL247W	4932.YNL247W	246
FAA4	4932.YMR246W	244
UTH1	4932.YKR042W	244
AAP1	4932.YHR047C	243
ILV1	4932.YER086W	243
FSH1	4932.YHR049W	243
YHM2	4932.YMR241W	242
RPL41A	4932.YDL184C	242
NOG1	4932.YPL093W	242
NAP1	4932.YKR048C	242
MCR1	4932.YKL150W	240
CBR1	4932.YIL043C	239
MDH3	4932.YDL078C	239
ARX1	4932.YDR101C	238
CAF20	4932.YOR276W	237
SCW4	4932.YGR279C	237
CCT2	4932.YIL142W	237
CCT5	4932.YJR064W	236
GPX2	4932.YBR244W	236
RPB10	4932.YOR210W	236
HXT3	4932.YDR345C	235
YSA1	4932.YBR111C	235
LSM2	4932.YBL026W	235
ALD5	4932.YER073W	235
PRE6	4932.YOL038W	235
NPT1	4932.YOR209C	235
YOP1	4932.YPR028W	235
RPA135	4932.YPR010C	235
ZPR1	4932.YGR211W	232
CCT3	4932.YJL014W	231
YPT31	4932.YER031C	231
SSS1	4932.YDR086C	231
RAS2	4932.YNL098C	230
GPD2	4932.YOL059W	230
FUM1	4932.YPL262W	228
VMA7	4932.YGR020C	228
PMP1	4932.YCR024C-A	228
ARG5,6	4932.YER069W	227
ADE16	4932.YLR028C	227
NSA2	4932.YER126C	226
EMG1	4932.YLR186W	225
HIS7	4932.YBR248C	224
NCP1	4932.YHR042W	224
ERG1	4932.YGR175C	223
COX4	4932.YGL187C	222
EMP24	4932.YGL200C	221
RPE1	4932.YJL121C	220
CPR5	4932.YDR304C	220
GFA1	4932.YKL104C	220
TCP1	4932.YDR212W	220
PWP1	4932.YLR196W	219
DBP5	4932.YOR046C	218
RVB1	4932.YDR190C	218
VTC4	4932.YJL012C	218
MRP8	4932.YKL142W	217
PRE9	4932.YGR135W	217
YGP1	4932.YNL160W	216
NUG1	4932.YER006W	216
SAC1	4932.YKL212W	216
YKT6	4932.YKL196C	215
RPN8	4932.YOR261C	215
IRC22	4932.YEL001C	215
HMT1	4932.YBR034C	213
DHH1	4932.YDL160C	212
VMA6	4932.YLR447C	210
RPA12	4932.YJR063W	210
YKL033W-A	4932.YKL033W-A	209
PRE1	4932.YER012W	209
KAP95	4932.YLR347C	208
MIX17	4932.YMR002W	208
ARP3	4932.YJR065C	207
ARO7	4932.YPR060C	207
LEU9	4932.YOR108W	206
YIP3	4932.YNL044W	206
RPA190	4932.YOR341W	203
RPN6	4932.YDL097C	202
ADE4	4932.YMR300C	202
RRP5	4932.YMR229C	201
ARC18	4932.YLR370C	201
HEM15	4932.YOR176W	201
ARG8	4932.YOL140W	200
MNP1	4932.YGL068W	199
ANB1	4932.YJR047C	199
HCH1	4932.YNL281W	199
NOP2	4932.YNL061W	199
NHP6B	4932.YBR089C-A	199
RAD23	4932.YEL037C	198
SEC4	4932.YFL005W	198
YPT52	4932.YKR014C	197
YDL085C-A	4932.YDL085C-A	196
TOM40	4932.YMR203W	196
PDX3	4932.YBR035C	196
PUP1	4932.YOR157C	195
RNQ1	4932.YCL028W	194
CLC1	4932.YGR167W	193
SPT16	4932.YGL207W	193
LSO2	4932.YGR169C-A	193
YKL071W	4932.YKL071W	193
ERG11	4932.YHR007C	192
URA4	4932.YLR420W	191
TPS2	4932.YDR074W	191
ACP1	4932.YKL192C	191
REE1	4932.YJL217W	190
TRP3	4932.YKL211C	189
RPT5	4932.YOR117W	189
TOM22	4932.YNL131W	188
SUR7	4932.YML052W	187
ARG7	4932.YMR062C	187
HTZ1	4932.YOL012C	187
LYS2	4932.YBR115C	186
DBP3	4932.YGL078C	185
REV1	4932.YOR346W	185
NSP1	4932.YJL041W	184
URA6	4932.YKL024C	183
HAM1	4932.YJR069C	183
CRP1	4932.YHR146W	183
MGE1	4932.YOR232W	182
ALO1	4932.YML086C	181
RPB2	4932.YOR151C	181
CCT7	4932.YJL111W	180
RPN12	4932.YFR052W	179
CPS1	4932.YJL172W	179
RPN5	4932.YDL147W	179
NOP7	4932.YGR103W	179
ARC15	4932.YIL062C	179
BCY1	4932.YIL033C	178
EGO4	4932.YNR034W-A	178
XRN1	4932.YGL173C	178
SPF1	4932.YEL031W	178
ADE2	4932.YOR128C	177
AHA1	4932.YDR214W	177
KGD1	4932.YIL125W	177
YLR257W	4932.YLR257W	177
PMP2	4932.YEL017C-A	176
SEC23	4932.YPR181C	174
GRX5	4932.YPL059W	174
IFA38	4932.YBR159W	173
RPN10	4932.YHR200W	173
SEC61	4932.YLR378C	172
SFA1	4932.YDL168W	172
VMA8	4932.YEL051W	171
HRP1	4932.YOL123W	171
STF2	4932.YGR008C	171
PDR5	4932.YOR153W	171
CHA1	4932.YCL064C	171
MIS1	4932.YBR084W	170
MAE1	4932.YKL029C	170
TMA22	4932.YJR014W	170
APE2	4932.YKL157W	170
GCV1	4932.YDR019C	170
PRE4	4932.YFR050C	170
LHP1	4932.YDL051W	169
YPT7	4932.YML001W	169
NOG2	4932.YNR053C	168
CPA1	4932.YOR303W	167
ATP14	4932.YLR295C	166
IMD2	4932.YHR216W	166
RVS167	4932.YDR388W	166
SEC26	4932.YDR238C	166
PRS1	4932.YKL181W	165
PYC1	4932.YGL062W	165
UBP6	4932.YFR010W	165
ERG9	4932.YHR190W	165
RPT1	4932.YKL145W	165
SER33	4932.YIL074C	164
ARI1	4932.YGL157W	164
GCN1	4932.YGL195W	164
EXG1	4932.YLR300W	164
ARP2	4932.YDL029W	163
SEC28	4932.YIL076W	163
GGC1	4932.YDL198C	163
SOL3	4932.YHR163W	162
OLE1	4932.YGL055W	162
YAR1	4932.YPL239W	162
SRM1	4932.YGL097W	162
ERP1	4932.YAR002C-A	161
LYS4	4932.YDR234W	161
RPN2	4932.YIL075C	161
RPN11	4932.YFR004W	161
NAB2	4932.YGL122C	161
PRE3	4932.YJL001W	161
ELO3	4932.YLR372W	160
RPT6	4932.YGL048C	159
FES1	4932.YBR101C	159
ARC35	4932.YNR035C	159
WWM1	4932.YFL010C	159
CCT6	4932.YDR188W	158
UTP15	4932.YMR093W	158
RPA14	4932.YDR156W	158
RPB5	4932.YBR154C	158
FET3	4932.YMR058W	157
HEK2	4932.YBL032W	157
ARO9	4932.YHR137W	156
SSH1	4932.YBR283C	156
RET3	4932.YPL010W	156
SSE2	4932.YBR169C	156
RPL41B	4932.YDL133C-A	156
PRP43	4932.YGL120C	156
COX12	4932.YLR038C	156
LCB2	4932.YDR062W	155
POB3	4932.YML069W	154
PHB1	4932.YGR132C	154
GIR2	4932.YDR152W	154
CWP2	4932.YKL096W-A	153
YGR054W	4932.YGR054W	152
RBG2	4932.YGR173W	152
TPD3	4932.YAL016W	152
FPR4	4932.YLR449W	151
ARG3	4932.YJL088W	151
RET2	4932.YFR051C	150
DSK2	4932.YMR276W	150
NDE1	4932.YMR145C	150
CDC3	4932.YLR314C	150
NOP6	4932.YDL213C	149
RDI1	4932.YDL135C	149
ACH1	4932.YBL015W	149
RFA3	4932.YJL173C	149
NOP8	4932.YOL144W	149
HSP78	4932.YDR258C	149
SRP1	4932.YNL189W	148
GCS1	4932.YDL226C	148
AIP1	4932.YMR092C	148
YJL055W	4932.YJL055W	148
TUB3	4932.YML124C	148
ERG25	4932.YGR060W	148
NOP12	4932.YOL041C	148
DCS1	4932.YLR270W	148
CDC37	4932.YDR168W	148
PRS3	4932.YHL011C	148
HSP31	4932.YDR533C	147
GCN20	4932.YFR009W	147
EIS1	4932.YMR031C	146
MTD1	4932.YKR080W	146
ATP20	4932.YPR020W	146
PGA3	4932.YML125C	145
CYT1	4932.YOR065W	145
URA3	4932.YEL021W	145
FSF1	4932.YOR271C	145
GNP1	4932.YDR508C	145
HAS1	4932.YMR290C	145
GCV2	4932.YMR189W	145
RPN13	4932.YLR421C	145
SEC63	4932.YOR254C	144
CDC42	4932.YLR229C	144
VTC3	4932.YPL019C	143
RPO26	4932.YPR187W	143
KRE2	4932.YDR483W	143
NOP13	4932.YNL175C	143
LSM5	4932.YER146W	143
RRB1	4932.YMR131C	143
INA1	4932.YLR413W	142
ABP140	4932.YOR239W	142
KRI1	4932.YNL308C	142
SEC17	4932.YBL050W	142
RPN9	4932.YDR427W	141
HEM2	4932.YGL040C	141
EDE1	4932.YBL047C	141
TOM5	4932.YPR133W-A	141
YBL036C	4932.YBL036C	140
PUP3	4932.YER094C	140
HXT6	4932.YDR343C	140
CUB1	4932.YPL260W	139
SEC24	4932.YIL109C	139
TCB3	4932.YML072C	139
QRI1	4932.YDL103C	139
SKP1	4932.YDR328C	138
LSC2	4932.YGR244C	138
RBL2	4932.YOR265W	137
CWP1	4932.YKL096W	137
THO1	4932.YER063W	137
SRP40	4932.YKR092C	136
GSF2	4932.YML048W	136
ECM10	4932.YEL030W	136
RVB2	4932.YPL235W	136
RDL2	4932.YOR286W	136
MDY2	4932.YOL111C	135
TFS1	4932.YLR178C	135
FKS1	4932.YLR342W	135
GRE2	4932.YOL151W	134
GDA1	4932.YEL042W	134
ERG26	4932.YGL001C	134
ATP16	4932.YDL004W	134
PGM1	4932.YKL127W	134
RIP1	4932.YEL024W	134
GND2	4932.YGR256W	134
TIM50	4932.YPL063W	133
MSC7	4932.YHR039C	133
CIS3	4932.YJL158C	132
RPB8	4932.YOR224C	131
NAT1	4932.YDL040C	131
AIM45	4932.YPR004C	131
YTM1	4932.YOR272W	131
MRI1	4932.YPR118W	131
RPT2	4932.YDL007W	131
TSL1	4932.YML100W	130
RLP7	4932.YNL002C	130
UBC1	4932.YDR177W	130
PDR16	4932.YNL231C	130
YGR130C	4932.YGR130C	130
RPF2	4932.YKR081C	130
PRX1	4932.YBL064C	129
RKI1	4932.YOR095C	129
TMA20	4932.YER007C-A	129
CUP1-1	4932.YHR053C	129
VPS21	4932.YOR089C	129
MCA1	4932.YOR197W	128
NUP2	4932.YLR335W	128
PUT2	4932.YHR037W	128
CIR1	4932.YGR207C	127
HEM1	4932.YDR232W	127
RFS1	4932.YBR052C	127
NMD3	4932.YHR170W	127
MAM33	4932.YIL070C	127
PCM1	4932.YEL058W	127
YER156C	4932.YER156C	126
KGD2	4932.YDR148C	126
YPR063C	4932.YPR063C	126
RBG1	4932.YAL036C	126
SSO2	4932.YMR183C	126
VAC8	4932.YEL013W	125
YKE2	4932.YLR200W	125
MCK1	4932.YNL307C	124
ALB1	4932.YJL122W	124
PTC3	4932.YBL056W	124
CCP1	4932.YKR066C	124
YNR021W	4932.YNR021W	124
TOM20	4932.YGR082W	123
ERP2	4932.YAL007C	123
RPA49	4932.YNL248C	123
MMS2	4932.YGL087C	123
MET22	4932.YOL064C	123
LSM6	4932.YDR378C	123
TOS1	4932.YBR162C	122
WBP1	4932.YEL002C	122
YRO2	4932.YBR054W	122
PRE7	4932.YBL041W	122
RPO21	4932.YDL140C	122
ESS1	4932.YJR017C	121
TIM11	4932.YDR322C-A	121
RPB4	4932.YJL140W	121
SHP1	4932.YBL058W	121
SLC1	4932.YDL052C	120
CKB2	4932.YOR039W	120
MET3	4932.YJR010W	120
ARO10	4932.YDR380W	119
TUP1	4932.YCR084C	119
PAC10	4932.YGR078C	119
LOC1	4932.YFR001W	119
INH1	4932.YDL181W	119
PHO13	4932.YDL236W	119
PYK2	4932.YOR347C	118
EHT1	4932.YBR177C	118
SLA2	4932.YNL243W	118
ASP1	4932.YDR321W	118
NIF3	4932.YGL221C	118
ERV14	4932.YGL054C	117
CRN1	4932.YLR429W	117
TIM44	4932.YIL022W	117
TRM1	4932.YDR120C	117
PTC2	4932.YER089C	117
TIM13	4932.YGR181W	117
RSC8	4932.YFR037C	116
DST1	4932.YGL043W	116
HHO1	4932.YPL127C	116
TRM112	4932.YNR046W	116
UTP9	4932.YHR196W	116
BCP1	4932.YDR361C	115
CBF1	4932.YJR060W	115
CRM1	4932.YGR218W	115
SMI1	4932.YGR229C	114
TRR2	4932.YHR106W	114
SBH1	4932.YER087C-B	114
EBP2	4932.YKL172W	114
DPH5	4932.YLR172C	114
BNA1	4932.YJR025C	114
BDH1	4932.YAL060W	113
GGA2	4932.YHR108W	113
TCB1	4932.YOR086C	113
SRP68	4932.YPL243W	112
VTC2	4932.YFL004W	112
NFU1	4932.YKL040C	112
OAC1	4932.YKL120W	112
PHB2	4932.YGR231C	112
YPR170W-B	4932.YPR170W-B	112
OM14	4932.YBR230C	112
BRX1	4932.YOL077C	111
PRD1	4932.YCL057W	111
ARC19	4932.YKL013C	110
SDO1	4932.YLR022C	110
RPA43	4932.YOR340C	110
ETT1	4932.YOR051C	109
LSG1	4932.YGL099W	109
SML1	4932.YML058W	109
LSM4	4932.YER112W	109
PHO12	4932.YHR215W	109
SNC2	4932.YOR327C	109
PRS5	4932.YOL061W	109
GLO2	4932.YDR272W	108
YOR283W	4932.YOR283W	108
CAP2	4932.YIL034C	108
PMT1	4932.YDL095W	108
CAJ1	4932.YER048C	107
NIP7	4932.YPL211W	107
VOA1	4932.YGR106C	107
RPB3	4932.YIL021W	107
PUS1	4932.YPL212C	107
NOC2	4932.YOR206W	107
RRP1	4932.YDR087C	107
LSM1	4932.YJL124C	107
SNF4	4932.YGL115W	106
RFA2	4932.YNL312W	106
NPC2	4932.YDL046W	106
TIM23	4932.YNR017W	105
TPS3	4932.YMR261C	105
MAP2	4932.YBL091C	105
MXR1	4932.YER042W	105
DUT1	4932.YBR252W	105
YET3	4932.YDL072C	105
ERG3	4932.YLR056W	104
REB1	4932.YBR049C	104
CDC11	4932.YJR076C	104
HOR7	4932.YMR251W-A	104
STE24	4932.YJR117W	104
CDC12	4932.YHR107C	104
HSP150	4932.YJL159W	104
VTC1	4932.YER072W	104
SLA1	4932.YBL007C	103
VMA11	4932.YPL234C	103
ARC40	4932.YBR234C	103
SFM1	4932.YOR021C	102
GIM5	4932.YML094W	102
DCS2	4932.YOR173W	101
RPA34	4932.YJL148W	101
RPB11	4932.YOL005C	101
MYO2	4932.YOR326W	101
AIM17	4932.YHL021C	101
CAP1	4932.YKL007W	101
CYC7	4932.YEL039C	101
MGM101	4932.YJR144W	101
ETR1	4932.YBR026C	101
RIB5	4932.YBR256C	101
FPR2	4932.YDR519W	101
UTP8	4932.YGR128C	101
SDD2	4932.YMR074C	101
HEM13	4932.YDR044W	100
QCR6	4932.YFR033C	100
LAP3	4932.YNL239W	99.9
HOG1	4932.YLR113W	99.8
KTR1	4932.YOR099W	99.3
APE1	4932.YKL103C	99.1
OST1	4932.YJL002C	98.7
GCD6	4932.YDR211W	98.4
YDL086W	4932.YDL086W	98.4
NDI1	4932.YML120C	98.4
ERB1	4932.YMR049C	98.4
SDH2	4932.YLL041C	98.4
LEU2	4932.YCL018W	98.3
BAP2	4932.YBR068C	98.2
PET10	4932.YKR046C	98.1
PAN1	4932.YIR006C	98.1
MSC1	4932.YML128C	98.0
PMR1	4932.YGL167C	97.7
CKA2	4932.YOR061W	97.5
PUF6	4932.YDR496C	97.5
KRR1	4932.YCL059C	97.1
RPT3	4932.YDR394W	97.0
RRS1	4932.YOR294W	96.8
HIS5	4932.YIL116W	96.5
ERG5	4932.YMR015C	96.2
ENP1	4932.YBR247C	96.2
SER2	4932.YGR208W	96.1
RFA1	4932.YAR007C	95.9
CDC10	4932.YCR002C	95.8
MTC1	4932.YJL123C	95.8
UBC13	4932.YDR092W	95.6
RTT102	4932.YGR275W	95.4
PHO3	4932.YBR092C	94.4
RCK2	4932.YLR248W	94.3
ZRC1	4932.YMR243C	94.0
QCR10	4932.YHR001W-A	93.7
FMP52	4932.YER004W	93.7
FCY2	4932.YER056C	93.6
TVP18	4932.YMR071C	93.5
GAS5	4932.YOL030W	93.4
PAN5	4932.YHR063C	93.2
LCB1	4932.YMR296C	93.2
RPN3	4932.YER021W	93.0
SRP72	4932.YPL210C	92.9
PRB1	4932.YEL060C	92.9
KRE33	4932.YNL132W	92.7
CSL4	4932.YNL232W	92.7
PRO1	4932.YDR300C	92.3
MSS116	4932.YDR194C	92.2
SPT5	4932.YML010W	92.1
AGP1	4932.YCL025C	91.9
BOL2	4932.YGL220W	91.7
NUP57	4932.YGR119C	91.7
ADE8	4932.YDR408C	91.7
GRX3	4932.YDR098C	91.6
NOP16	4932.YER002W	91.3
ISU1	4932.YPL135W	91.0
LTP1	4932.YPR073C	91.0
ARL1	4932.YBR164C	90.5
GRH1	4932.YDR517W	90.5
TAF14	4932.YPL129W	90.4
CHS5	4932.YLR330W	90.1
TPA1	4932.YER049W	89.5
RPB9	4932.YGL070C	89.4
CSR1	4932.YLR380W	89.4
TRX3	4932.YCR083W	89.3
TRM82	4932.YDR165W	89.0
UGA1	4932.YGR019W	88.7
DID2	4932.YKR035W-A	88.7
ALT1	4932.YLR089C	88.6
EFM5	4932.YGR001C	88.6
PMT2	4932.YAL023C	88.4
ISD11	4932.YER048W-A	88.3
NIT3	4932.YLR351C	88.3
TMA46	4932.YOR091W	87.9
MEU1	4932.YLR017W	87.8
GLO3	4932.YER122C	87.8
SPT6	4932.YGR116W	87.8
SPT15	4932.YER148W	87.8
ERO1	4932.YML130C	87.7
COX2	4932.Q0250	87.6
PGA2	4932.YNL149C	87.4
YCK2	4932.YNL154C	87.2
GIM3	4932.YNL153C	87.2
AIM9	4932.YER080W	86.9
PHO11	4932.YAR071W	86.7
FYV7	4932.YLR068W	86.7
RGI1	4932.YER067W	86.6
GSY2	4932.YLR258W	86.5
SRP14	4932.YDL092W	86.4
TAF6	4932.YGL112C	86.1
DYN2	4932.YDR424C	86.1
IMD1	4932.YAR073W	86.1
GPH1	4932.YPR160W	86.0
YET1	4932.YKL065C	86.0
PHO86	4932.YJL117W	85.9
HSP42	4932.YDR171W	85.8
RHO3	4932.YIL118W	85.8
YER134C	4932.YER134C	85.7
ENT3	4932.YJR125C	85.5
CDC28	4932.YBR160W	85.4
THI3	4932.YDL080C	85.4
SHE10	4932.YGL228W	85.3
SKI6	4932.YGR195W	85.3
YJL068C	4932.YJL068C	85.2
PAM17	4932.YKR065C	85.1
APN1	4932.YKL114C	85.0
PDX1	4932.YGR193C	85.0
SPN1	4932.YPR133C	84.7
YIL082W	4932.YIL082W	84.6
MEO1	4932.YBR126W-A	84.5
YCR051W	4932.YCR051W	84.5
YMR31	4932.YFR049W	84.4
SDH1	4932.YKL148C	84.3
AIM41	4932.YOR215C	84.0
PXR1	4932.YGR280C	83.9
NOP15	4932.YNL110C	83.4
LSM3	4932.YLR438C-A	83.4
TSC13	4932.YDL015C	83.4
SWP1	4932.YMR149W	83.4
CIR2	4932.YOR356W	83.4
NOP4	4932.YPL043W	83.3
VRG4	4932.YGL225W	83.2
HGH1	4932.YGR187C	83.1
MDM38	4932.YOL027C	83.1
RRP12	4932.YPL012W	83.0
ESF1	4932.YDR365C	82.9
SED1	4932.YDR077W	82.9
PSE1	4932.YMR308C	82.8
NPA3	4932.YJR072C	82.7
SEC18	4932.YBR080C	82.7
BRE5	4932.YNR051C	82.6
BUD20	4932.YLR074C	82.4
YPR148C	4932.YPR148C	82.1
PRE2	4932.YPR103W	82.1
YJR085C	4932.YJR085C	82.0
LSM12	4932.YHR121W	82.0
SEC65	4932.YML105C	81.8
HXT2	4932.YMR011W	81.8
SCW10	4932.YMR305C	81.8
YMR178W	4932.YMR178W	81.7
SQT1	4932.YIR012W	81.5
ADH5	4932.YBR145W	81.5
MDJ1	4932.YFL016C	81.4
MAS2	4932.YHR024C	81.3
PIM1	4932.YBL022C	80.8
GTT1	4932.YIR038C	80.8
TSA2	4932.YDR453C	80.6
OM45	4932.YIL136W	80.4
YMR090W	4932.YMR090W	80.3
PCS60	4932.YBR222C	80.0
STF1	4932.YDL130W-A	79.9
PAM16	4932.YJL104W	79.8
SXM1	4932.YDR395W	79.7
PUS4	4932.YNL292W	79.6
ECM15	4932.YBL001C	79.5
ERG12	4932.YMR208W	79.4
RSP5	4932.YER125W	79.4
NAT5	4932.YOR253W	79.0
YMR027W	4932.YMR027W	78.9
DPL1	4932.YDR294C	78.8
RRP3	4932.YHR065C	78.8
QNS1	4932.YHR074W	78.8
UTR2	4932.YEL040W	78.7
OPI3	4932.YJR073C	78.7
GCY1	4932.YOR120W	78.6
TUM1	4932.YOR251C	78.6
GLC8	4932.YMR311C	78.5
TAF5	4932.YBR198C	78.5
ARD1	4932.YHR013C	78.5
FMP41	4932.YNL168C	78.4
YCR087C-A	4932.YCR087C-A	78.3
ERG27	4932.YLR100W	78.2
CYC8	4932.YBR112C	78.2
MIC60	4932.YKR016W	78.1
SBH2	4932.YER019C-A	78.1
GCD1	4932.YOR260W	78.1
DRE2	4932.YKR071C	78.0
MLS1	4932.YNL117W	78.0
GSH2	4932.YOL049W	78.0
CSE1	4932.YGL238W	78.0
ATP17	4932.YDR377W	77.9
CDS1	4932.YBR029C	77.9
NCE103	4932.YNL036W	77.7
GBP2	4932.YCL011C	77.5
BBC1	4932.YJL020C	77.4
GAS3	4932.YMR215W	77.3
PPT1	4932.YGR123C	77.2
MNN5	4932.YJL186W	76.9
EAP1	4932.YKL204W	76.8
IGO1	4932.YNL157W	76.7
CYB5	4932.YNL111C	76.6
SNF7	4932.YLR025W	76.5
CHZ1	4932.YER030W	76.3
EMP47	4932.YFL048C	76.2
SFH5	4932.YJL145W	76.0
YGL242C	4932.YGL242C	75.9
SSO1	4932.YPL232W	75.7
YDL121C	4932.YDL121C	75.6
MNN2	4932.YBR015C	75.6
FOL2	4932.YGR267C	75.6
BFR2	4932.YDR299W	75.5
TAF12	4932.YDR145W	75.5
CDC53	4932.YDL132W	75.3
YPT6	4932.YLR262C	75.2
MET14	4932.YKL001C	75.1
SEM1	4932.YDR363W-A	75.0
CKS1	4932.YBR135W	74.9
YPK1	4932.YKL126W	74.8
YML079W	4932.YML079W	74.8
SPS19	4932.YNL202W	74.8
SFB3	4932.YHR098C	74.6
DLD1	4932.YDL174C	74.4
SDS22	4932.YKL193C	74.4
ERV46	4932.YAL042W	74.2
YJU3	4932.YKL094W	74.1
COX13	4932.YGL191W	74.1
MIA40	4932.YKL195W	73.8
VIP1	4932.YLR410W	73.8
SLT2	4932.YHR030C	73.4
UBP3	4932.YER151C	73.2
UTP10	4932.YJL109C	73.2
HTL1	4932.YCR020W-B	73.1
MAK21	4932.YDR060W	73.1
TWF1	4932.YGR080W	73.0
SHR3	4932.YDL212W	72.8
AAC3	4932.YBR085W	72.7
TAF9	4932.YMR236W	72.7
TRM8	4932.YDL201W	72.4
NUP60	4932.YAR002W	72.4
NSL1	4932.YPL233W	72.4
TSR4	4932.YOL022C	72.2
CUE5	4932.YOR042W	72.2
FUS3	4932.YBL016W	72.1
GET4	4932.YOR164C	72.1
SUB1	4932.YMR039C	72.0
COX5A	4932.YNL052W	71.9
HXT7	4932.YDR342C	71.9
MRPL44	4932.YMR225C	71.7
POX1	4932.YGL205W	71.5
DLD2	4932.YDL178W	71.3
UTP22	4932.YGR090W	71.1
RSC58	4932.YLR033W	71.0
YHI9	4932.YHR029C	70.7
CKB1	4932.YGL019W	70.2
SNL1	4932.YIL016W	70.2
FMP16	4932.YDR070C	70.1
HOC1	4932.YJR075W	69.9
SUS1	4932.YBR111W-A	69.8
YRB2	4932.YIL063C	69.7
IRC24	4932.YIR036C	69.5
TSC3	4932.YBR058C-A	69.5
YBL028C	4932.YBL028C	69.5
NMT1	4932.YLR195C	69.4
MIC19	4932.YFR011C	69.4
UBC9	4932.YDL064W	69.3
SCD6	4932.YPR129W	69.2
PFD1	4932.YJL179W	69.2
STE18	4932.YJR086W	69.0
TOH1	4932.YJL171C	68.7
ELO2	4932.YCR034W	68.6
EMI2	4932.YDR516C	68.4
PEX11	4932.YOL147C	68.3
GOR1	4932.YNL274C	68.3
END3	4932.YNL084C	68.2
SRP21	4932.YKL122C	67.9
AYR1	4932.YIL124W	67.7
YLR287C	4932.YLR287C	67.7
COQ5	4932.YML110C	67.6
NCB2	4932.YDR397C	67.5
ATX1	4932.YNL259C	67.5
MSS51	4932.YLR203C	67.3
STO1	4932.YMR125W	66.9
MAK16	4932.YAL025C	66.8
YNL108C	4932.YNL108C	66.6
MRPL39	4932.YML009C	66.5
TAN1	4932.YGL232W	66.4
TIF4632	4932.YGL049C	66.4
NAN1	4932.YPL126W	66.4
VPS74	4932.YDR372C	66.3
PAM18	4932.YLR008C	66.3
YOL057W	4932.YOL057W	66.2
CDC21	4932.YOR074C	66.1
MTR4	4932.YJL050W	66.0
CMP2	4932.YML057W	65.7
APD1	4932.YBR151W	65.6
DJP1	4932.YIR004W	65.5
PBP1	4932.YGR178C	65.5
KRE6	4932.YPR159W	65.5
TAH1	4932.YCR060W	65.5
ALD3	4932.YMR169C	65.4
CMC2	4932.YBL059C-A	65.3
IKI3	4932.YLR384C	65.3
RFC3	4932.YNL290W	65.3
NRD1	4932.YNL251C	65.2
MRP1	4932.YDR347W	65.1
GET2	4932.YER083C	65.1
CUP1-2	4932.YHR055C	64.9
RTF1	4932.YGL244W	64.6
EMC5	4932.YIL027C	64.6
PRS4	4932.YBL068W	64.6
RFC2	4932.YJR068W	64.4
YMR321C	4932.YMR321C	64.3
GNA1	4932.YFL017C	64.3
COX9	4932.YDL067C	64.3
BNA3	4932.YJL060W	63.7
SEC66	4932.YBR171W	63.6
PHO5	4932.YBR093C	63.4
CHO2	4932.YGR157W	63.3
YGR210C	4932.YGR210C	63.1
YME1	4932.YPR024W	63.1
YPD1	4932.YDL235C	63.0
EMC1	4932.YCL045C	62.9
YFR006W	4932.YFR006W	62.9
TAF10	4932.YDR167W	62.7
NFS1	4932.YCL017C	62.7
EMC2	4932.YJR088C	62.7
ATO3	4932.YDR384C	62.7
LAP2	4932.YNL045W	62.6
DIM1	4932.YPL266W	62.6
SDD3	4932.YOL098C	62.6
PBP4	4932.YDL053C	62.5
NAB3	4932.YPL190C	62.1
MRPS12	4932.YNR036C	62.0
YAR075W	4932.YAR075W	62.0
PUS7	4932.YOR243C	62.0
YJU2	4932.YKL095W	61.9
SDS23	4932.YGL056C	61.9
AIM2	4932.YAL049C	61.9
SNF1	4932.YDR477W	61.9
SCS7	4932.YMR272C	61.8
MIC10	4932.YCL057C-A	61.7
IST2	4932.YBR086C	61.6
RSM27	4932.YGR215W	61.5
TMA17	4932.YDL110C	61.4
BUG1	4932.YDL099W	61.4
ENT1	4932.YDL161W	61.4
DBP9	4932.YLR276C	61.2
FAA2	4932.YER015W	61.2
MTR2	4932.YKL186C	61.2
UTP13	4932.YLR222C	61.1
YPL199C	4932.YPL199C	61.1
PHO8	4932.YDR481C	61.0
SPE2	4932.YOL052C	61.0
SEC7	4932.YDR170C	60.7
GCD7	4932.YLR291C	60.6
SDS24	4932.YBR214W	60.6
SUR2	4932.YDR297W	60.6
NAS6	4932.YGR232W	60.5
MEX67	4932.YPL169C	60.5
FOX2	4932.YKR009C	60.3
CMK2	4932.YOL016C	60.3
IMP3	4932.YHR148W	60.2
RRP15	4932.YPR143W	60.2
DIP5	4932.YPL265W	60.2
QCR8	4932.YJL166W	60.1
RRP40	4932.YOL142W	60.1
ATG27	4932.YJL178C	60.0
YLR118C	4932.YLR118C	59.9
ISW1	4932.YBR245C	59.8
ERV29	4932.YGR284C	59.7
PMU1	4932.YKL128C	59.7
KSS1	4932.YGR040W	59.7
MRPL13	4932.YKR006C	59.6
DDP1	4932.YOR163W	59.6
YRA2	4932.YKL214C	59.5
RIO2	4932.YNL207W	59.3
NIC96	4932.YFR002W	59.2
SNA2	4932.YDR525W-A	59.2
PIS1	4932.YPR113W	59.1
RAP1	4932.YNL216W	59.0
SRP102	4932.YKL154W	59.0
DAP1	4932.YPL170W	58.9
RRP4	4932.YHR069C	58.9
CRH1	4932.YGR189C	58.8
RPB7	4932.YDR404C	58.8
NNT1	4932.YLR285W	58.8
CNS1	4932.YBR155W	58.8
MRPL8	4932.YJL063C	58.8
YKR018C	4932.YKR018C	58.6
ACL4	4932.YDR161W	58.6
ECM14	4932.YHR132C	58.6
APE4	4932.YHR113W	58.6
SRP54	4932.YPR088C	58.6
NHP10	4932.YDL002C	58.6
TMA16	4932.YOR252W	58.5
MRPS17	4932.YMR188C	58.5
ERG8	4932.YMR220W	58.4
DET1	4932.YDR051C	58.3
GCD2	4932.YGR083C	58.3
TAE1	4932.YBR261C	58.2
VMA9	4932.YCL005W-A	58.2
RRP9	4932.YPR137W	58.1
KTR4	4932.YBR199W	58.1
UBP1	4932.YDL122W	57.8
PAF1	4932.YBR279W	57.7
CTR9	4932.YOL145C	57.7
GCN3	4932.YKR026C	57.6
COX17	4932.YLL009C	57.4
GUT2	4932.YIL155C	57.4
PPH21	4932.YDL134C	57.2
HEM3	4932.YDL205C	57.2
TSC10	4932.YBR265W	57.2
MPP10	4932.YJR002W	57.1
MET5	4932.YJR137C	57.0
MYO5	4932.YMR109W	57.0
OXA1	4932.YER154W	56.9
NPL6	4932.YMR091C	56.7
NET1	4932.YJL076W	56.7
SSF1	4932.YHR066W	56.7
ITR1	4932.YDR497C	56.5
AMD1	4932.YML035C	56.5
UTP18	4932.YJL069C	56.4
CDD1	4932.YLR245C	56.4
RAD27	4932.YKL113C	56.4
ICL1	4932.YER065C	56.4
OSH6	4932.YKR003W	56.3
GAD1	4932.YMR250W	56.3
CAF40	4932.YNL288W	56.2
NOP53	4932.YPL146C	56.1
BDF1	4932.YLR399C	56.1
YPR172W	4932.YPR172W	56.1
CDC73	4932.YLR418C	55.9
YPR010C-A	4932.YPR010C-A	55.8
DRS1	4932.YLL008W	55.7
PEX14	4932.YGL153W	55.7
SUN4	4932.YNL066W	55.7
KEL3	4932.YPL263C	55.7
NUM1	4932.YDR150W	55.6
FAP7	4932.YDL166C	55.6
YBR096W	4932.YBR096W	55.6
PPX1	4932.YHR201C	55.5
IPI3	4932.YNL182C	55.4
GLO1	4932.YML004C	55.4
PDR12	4932.YPL058C	55.3
SYP1	4932.YCR030C	55.3
SEY1	4932.YOR165W	55.3
ASF1	4932.YJL115W	55.2
DBP6	4932.YNR038W	55.2
PSP2	4932.YML017W	55.2
SSD1	4932.YDR293C	55.1
DIG1	4932.YPL049C	55.1
YKL063C	4932.YKL063C	55.1
ATP18	4932.YML081C-A	55.1
TCD1	4932.YHR003C	54.9
AIM29	4932.YKR074W	54.9
NOT5	4932.YPR072W	54.8
TMA108	4932.YIL137C	54.8
RPO31	4932.YOR116C	54.7
GRX4	4932.YER174C	54.6
UTP5	4932.YDR398W	54.6
RCN2	4932.YOR220W	54.4
DNM1	4932.YLL001W	54.4
RRP7	4932.YCL031C	54.3
LSB1	4932.YGR136W	54.3
RMT2	4932.YDR465C	54.2
TSR1	4932.YDL060W	54.2
MRPL19	4932.YNL185C	53.8
NUP159	4932.YIL115C	53.6
MRPS16	4932.YPL013C	53.5
UTP23	4932.YOR004W	53.4
UBC5	4932.YDR059C	53.3
GPI17	4932.YDR434W	53.2
SPT4	4932.YGR063C	53.1
MET10	4932.YFR030W	53.1
SHE3	4932.YBR130C	53.1
LSB3	4932.YFR024C-A	53.1
PTH2	4932.YBL057C	53.1
TRP4	4932.YDR354W	53.1
LIP1	4932.YMR298W	53.1
YMR122W-A	4932.YMR122W-A	53.0
PLP2	4932.YOR281C	53.0
RPC11	4932.YDR045C	53.0
SHS1	4932.YDL225W	52.8
MNN11	4932.YJL183W	52.7
SNC1	4932.YAL030W	52.6
SPC2	4932.YML055W	52.5
CTR1	4932.YPR124W	52.5
ENT2	4932.YLR206W	52.4
YCR016W	4932.YCR016W	52.2
SCJ1	4932.YMR214W	52.2
CDC34	4932.YDR054C	52.1
SLY1	4932.YDR189W	51.9
PPH22	4932.YDL188C	51.7
BNA5	4932.YLR231C	51.6
MAS1	4932.YLR163C	51.4
RPC17	4932.YJL011C	51.4
EMW1	4932.YNL313C	51.3
NTH1	4932.YDR001C	51.2
URM1	4932.YIL008W	51.2
RBD2	4932.YPL246C	51.1
ELP2	4932.YGR200C	50.9
EMC4	4932.YGL231C	50.9
CNB1	4932.YKL190W	50.9
KAP104	4932.YBR017C	50.9
RPO41	4932.YFL036W	50.9
ATP19	4932.YOL077W-A	50.6
REX2	4932.YLR059C	50.6
MDH2	4932.YOL126C	50.6
DCP2	4932.YNL118C	50.5
BNA6	4932.YFR047C	50.5
GTS1	4932.YGL181W	50.5
PEX25	4932.YPL112C	50.5
PIN4	4932.YBL051C	50.5
ALD2	4932.YMR170C	50.4
RLP24	4932.YLR009W	50.4
ABF1	4932.YKL112W	50.4
PEP1	4932.YBL017C	50.3
YKL077W	4932.YKL077W	50.3
MCM3	4932.YEL032W	50.3
RFC4	4932.YOL094C	50.3
SOL4	4932.YGR248W	50.3
CBP6	4932.YBR120C	50.2
RIX1	4932.YHR197W	50.2
SMX3	4932.YPR182W	50.2
VTI1	4932.YMR197C	50.2
LEO1	4932.YOR123C	50.2
TIM8	4932.YJR135W-A	50.1
MNN9	4932.YPL050C	50.1
DPB4	4932.YDR121W	50.1
YGL039W	4932.YGL039W	50.0
PCK1	4932.YKR097W	50.0
NSA1	4932.YGL111W	49.9
SVL3	4932.YPL032C	49.9
UBC6	4932.YER100W	49.9
RQC2	4932.YPL009C	49.8
NOB1	4932.YOR056C	49.8
GDH3	4932.YAL062W	49.7
VPS70	4932.YJR126C	49.7
YPT32	4932.YGL210W	49.6
FTR1	4932.YER145C	49.5
ORM1	4932.YGR038W	49.5
MCM1	4932.YMR043W	49.4
TOA2	4932.YKL058W	49.4
SLX9	4932.YGR081C	49.4
PRI1	4932.YIR008C	49.3
MLP1	4932.YKR095W	49.3
NQM1	4932.YGR043C	49.2
YBR056W	4932.YBR056W	49.2
AIM7	4932.YDR063W	49.2
REI1	4932.YBR267W	49.1
AGE2	4932.YIL044C	49.1
MAK11	4932.YKL021C	49.0
CCA1	4932.YER168C	49.0
PIN3	4932.YPR154W	49.0
ECM1	4932.YAL059W	49.0
DOA1	4932.YKL213C	48.8
SED5	4932.YLR026C	48.7
UTP7	4932.YER082C	48.6
CBC2	4932.YPL178W	48.6
SMY2	4932.YBR172C	48.6
UTP11	4932.YKL099C	48.6
PRS2	4932.YER099C	48.5
SEC72	4932.YLR292C	48.5
MRPL3	4932.YMR024W	48.5
SOF1	4932.YLL011W	48.4
GET1	4932.YGL020C	48.4
IGO2	4932.YHR132W-A	48.0
COX15	4932.YER141W	47.9
ARF3	4932.YOR094W	47.9
RCL1	4932.YOL010W	47.8
CMC1	4932.YKL137W	47.8
RSC3	4932.YDR303C	47.8
HCA4	4932.YJL033W	47.7
YIM1	4932.YMR152W	47.6
VPS29	4932.YHR012W	47.6
RGL1	4932.YPL066W	47.4
NMA111	4932.YNL123W	47.3
RPC53	4932.YDL150W	47.3
PAR32	4932.YDL173W	47.2
DUS3	4932.YLR401C	47.2
TOM6	4932.YOR045W	47.2
OST4	4932.YDL232W	47.1
TOP1	4932.YOL006C	47.0
BNI5	4932.YNL166C	46.9
SCP1	4932.YOR367W	46.9
GAL83	4932.YER027C	46.8
RSC4	4932.YKR008W	46.8
SEC62	4932.YPL094C	46.8
REH1	4932.YLR387C	46.7
GDH2	4932.YDL215C	46.7
PCC1	4932.YKR095W-A	46.6
YCK1	4932.YHR135C	46.6
GOS1	4932.YHL031C	46.5
FIS1	4932.YIL065C	46.5
BUR6	4932.YER159C	46.5
APS3	4932.YJL024C	46.4
YOR131C	4932.YOR131C	46.4
URA8	4932.YJR103W	46.3
YBR053C	4932.YBR053C	46.3
MRS6	4932.YOR370C	46.2
SEC22	4932.YLR268W	46.2
GLE2	4932.YER107C	46.2
NAM7	4932.YMR080C	46.0
NOP14	4932.YDL148C	46.0
YVH1	4932.YIR026C	45.8
URE2	4932.YNL229C	45.8
YLH47	4932.YPR125W	45.7
CDC39	4932.YCR093W	45.7
ERP4	4932.YOR016C	45.6
YNL303W	4932.YNL303W	45.5
SEC11	4932.YIR022W	45.4
LEM3	4932.YNL323W	45.4
PMT4	4932.YJR143C	45.3
CKA1	4932.YIL035C	45.3
GSC2	4932.YGR032W	45.2
SHE2	4932.YKL130C	45.2
PAN6	4932.YIL145C	45.1
RTG2	4932.YGL252C	45.1
COA6	4932.YMR244C-A	45.0
OSH7	4932.YHR001W	45.0
IMP4	4932.YNL075W	44.9
ATP11	4932.YNL315C	44.9
MET13	4932.YGL125W	44.8
TDA10	4932.YGR205W	44.8
KTR3	4932.YBR205W	44.8
HRR25	4932.YPL204W	44.7
SMD1	4932.YGR074W	44.7
MOT2	4932.YER068W	44.7
NUP145	4932.YGL092W	44.7
IXR1	4932.YKL032C	44.6
SPC3	4932.YLR066W	44.6
MRPL33	4932.YMR286W	44.5
SPT8	4932.YLR055C	44.5
ADD37	4932.YMR184W	44.4
MCX1	4932.YBR227C	44.4
SUA7	4932.YPR086W	44.4
RPF1	4932.YHR088W	44.3
OST2	4932.YOR103C	44.3
MRP20	4932.YDR405W	44.2
SEC16	4932.YPL085W	44.2
YGL082W	4932.YGL082W	44.2
DTD1	4932.YDL219W	44.2
CIT2	4932.YCR005C	44.2
PAL1	4932.YDR348C	44.1
APL5	4932.YPL195W	44.0
VCX1	4932.YDL128W	44.0
GRX8	4932.YLR364W	44.0
LSM8	4932.YJR022W	44.0
SIT4	4932.YDL047W	43.8
GFD1	4932.YMR255W	43.8
GPA1	4932.YHR005C	43.7
CAF16	4932.YFL028C	43.7
MHR1	4932.YDR296W	43.7
TYW1	4932.YPL207W	43.6
YPR127W	4932.YPR127W	43.5
CGI121	4932.YML036W	43.5
MRP13	4932.YGR084C	43.5
CWH41	4932.YGL027C	43.5
BCH1	4932.YMR237W	43.5
DIS3	4932.YOL021C	43.4
TCD2	4932.YKL027W	43.4
MRD1	4932.YPR112C	43.2
JIP5	4932.YPR169W	43.2
ROK1	4932.YGL171W	43.1
SOL2	4932.YCR073W-A	43.0
YCR090C	4932.YCR090C	42.9
GIM4	4932.YEL003W	42.9
MRPL1	4932.YDR116C	42.9
TIP1	4932.YBR067C	42.8
HMG1	4932.YML075C	42.8
ISU2	4932.YOR226C	42.8
PAP1	4932.YKR002W	42.8
SDA1	4932.YGR245C	42.7
NOC3	4932.YLR002C	42.6
ZTA1	4932.YBR046C	42.6
HEM12	4932.YDR047W	42.4
OST3	4932.YOR085W	42.4
MCY1	4932.YGR012W	42.4
HIS6	4932.YIL020C	42.3
INO1	4932.YJL153C	42.1
SRP101	4932.YDR292C	42.1
MDM20	4932.YOL076W	42.1
YBT1	4932.YLL048C	42.1
UFD1	4932.YGR048W	42.1
MET7	4932.YOR241W	42.0
ELP3	4932.YPL086C	41.9
WHI3	4932.YNL197C	41.8
UTP4	4932.YDR324C	41.8
PWP2	4932.YCR057C	41.7
EUG1	4932.YDR518W	41.7
RTN2	4932.YDL204W	41.7
PUF4	4932.YGL014W	41.6
TFG1	4932.YGR186W	41.6
NUP49	4932.YGL172W	41.6
CDC14	4932.YFR028C	41.5
TCB2	4932.YNL087W	41.5
ATG33	4932.YLR356W	41.4
RSN1	4932.YMR266W	41.2
ERG7	4932.YHR072W	41.2
NUP133	4932.YKR082W	41.2
ERV41	4932.YML067C	41.2
SNA3	4932.YJL151C	41.1
PNO1	4932.YOR145C	41.1
RPC82	4932.YPR190C	41.1
STH1	4932.YIL126W	41.1
RFC5	4932.YBR087W	41.0
SAS10	4932.YDL153C	41.0
SOP4	4932.YJL192C	40.9
YPQ1	4932.YOL092W	40.9
RUD3	4932.YOR216C	40.9
SIS2	4932.YKR072C	40.8
NUP100	4932.YKL068W	40.8
TSR2	4932.YLR435W	40.8
ENP2	4932.YGR145W	40.6
EMP70	4932.YLR083C	40.6
IMG1	4932.YCR046C	40.6
POT1	4932.YIL160C	40.6
SSP120	4932.YLR250W	40.6
TEM1	4932.YML064C	40.6
PTK2	4932.YJR059W	40.5
RRP8	4932.YDR083W	40.5
YHR112C	4932.YHR112C	40.4
ENT5	4932.YDR153C	40.4
MRP4	4932.YHL004W	40.4
LTV1	4932.YKL143W	40.4
ARP9	4932.YMR033W	40.4
UTP14	4932.YML093W	40.3
YGL101W	4932.YGL101W	40.3
SFH1	4932.YLR321C	40.3
DIP2	4932.YLR129W	40.3
MRP7	4932.YNL005C	40.2
MSA2	4932.YKR077W	40.1
YFH1	4932.YDL120W	40.1
SCW11	4932.YGL028C	40.1
BRE1	4932.YDL074C	40.1
HRK1	4932.YOR267C	40.0
MNN1	4932.YER001W	40.0
IDP2	4932.YLR174W	39.9
MCM6	4932.YGL201C	39.8
PNP1	4932.YLR209C	39.8
IMH1	4932.YLR309C	39.8
TFA1	4932.YKL028W	39.7
GPM3	4932.YOL056W	39.6
TOM7	4932.YNL070W	39.6
AIM46	4932.YHR199C	39.5
RET1	4932.YOR207C	39.5
YNL035C	4932.YNL035C	39.5
NSG1	4932.YHR133C	39.5
TBF1	4932.YPL128C	39.3
HIP1	4932.YGR191W	39.3
ERD2	4932.YBL040C	39.3
NUP82	4932.YJL061W	39.3
MAK5	4932.YBR142W	39.3
XDJ1	4932.YLR090W	39.2
KEX1	4932.YGL203C	39.2
OTU2	4932.YHL013C	39.2
CCC1	4932.YLR220W	39.2
LHS1	4932.YKL073W	39.2
MUP1	4932.YGR055W	39.2
RPD3	4932.YNL330C	39.2
MRPS8	4932.YMR158W	39.2
YGR026W	4932.YGR026W	39.1
NUP84	4932.YDL116W	39.0
BMS1	4932.YPL217C	39.0
NUP116	4932.YMR047C	39.0
SPC1	4932.YJR010C-A	38.9
PET191	4932.YJR034W	38.9
SLG1	4932.YOR008C	38.9
ARP7	4932.YPR034W	38.9
RCF2	4932.YNR018W	38.8
MRPL37	4932.YBR268W	38.8
NOT3	4932.YIL038C	38.7
MEF1	4932.YLR069C	38.7
RCF1	4932.YML030W	38.7
TAF4	4932.YMR005W	38.6
YDR391C	4932.YDR391C	38.6
UTP21	4932.YLR409C	38.5
NMA1	4932.YLR328W	38.5
RAD6	4932.YGL058W	38.5
SNX3	4932.YOR357C	38.5
PAT1	4932.YCR077C	38.4
SRB6	4932.YBR253W	38.4
LRP1	4932.YHR081W	38.3
PBR1	4932.YNL181W	38.2
ARP5	4932.YNL059C	38.2
EFG1	4932.YGR271C-A	38.2
SGF73	4932.YGL066W	38.2
YJR096W	4932.YJR096W	38.2
MRPL17	4932.YNL252C	38.1
MOT1	4932.YPL082C	38.0
NUP85	4932.YJR042W	38.0
RIB1	4932.YBL033C	37.9
MCM4	4932.YPR019W	37.9
ERG28	4932.YER044C	37.9
HXT1	4932.YHR094C	37.9
PRM15	4932.YMR278W	37.9
PEX19	4932.YDL065C	37.8
CDC55	4932.YGL190C	37.8
YTA12	4932.YMR089C	37.8
LSM7	4932.YNL147W	37.7
GRX7	4932.YBR014C	37.7
FSH2	4932.YMR222C	37.6
HRT1	4932.YOL133W	37.5
BRO1	4932.YPL084W	37.5
ESF2	4932.YNR054C	37.5
SOL1	4932.YNR034W	37.5
TOP2	4932.YNL088W	37.4
NPL4	4932.YBR170C	37.4
TPO4	4932.YOR273C	37.4
HRB1	4932.YNL004W	37.3
USO1	4932.YDL058W	37.3
RCM1	4932.YNL022C	37.3
YHR097C	4932.YHR097C	37.3
UFD2	4932.YDL190C	37.3
RAI1	4932.YGL246C	37.2
VPS4	4932.YPR173C	37.2
SIM1	4932.YIL123W	37.2
RTS1	4932.YOR014W	37.1
MPM1	4932.YJL066C	37.0
APL6	4932.YGR261C	37.0
MIT1	4932.YEL007W	36.9
ATP6	4932.Q0085	36.8
RRP17	4932.YDR412W	36.8
NVJ2	4932.YPR091C	36.8
SST2	4932.YLR452C	36.7
QCR9	4932.YGR183C	36.7
POL5	4932.YEL055C	36.7
CBP3	4932.YPL215W	36.7
DOT5	4932.YIL010W	36.7
SEH1	4932.YGL100W	36.6
KEL1	4932.YHR158C	36.5
RPC37	4932.YKR025W	36.4
YKL069W	4932.YKL069W	36.4
MSH2	4932.YOL090W	36.4
AIM36	4932.YMR157C	36.4
RER1	4932.YCL001W	36.3
UBA2	4932.YDR390C	36.3
MDG1	4932.YNL173C	36.2
ERG4	4932.YGL012W	36.2
NNR1	4932.YNL200C	36.1
RFC1	4932.YOR217W	36.1
AIM21	4932.YIR003W	36.1
RRP42	4932.YDL111C	36.1
MRPL36	4932.YBR122C	36.0
MRPL10	4932.YNL284C	36.0
UTR4	4932.YEL038W	35.9
HUB1	4932.YNR032C-A	35.9
RIX7	4932.YLL034C	35.9
SPA2	4932.YLL021W	35.8
YFR016C	4932.YFR016C	35.8
AIM19	4932.YIL087C	35.7
KSH1	4932.YNL024C-A	35.7
TIM17	4932.YJL143W	35.6
MRN1	4932.YPL184C	35.6
TDA1	4932.YMR291W	35.5
MFA1	4932.YDR461W	35.4
MRPL15	4932.YLR312W-A	35.4
VRP1	4932.YLR337C	35.3
LCP5	4932.YER127W	35.3
YBR139W	4932.YBR139W	35.2
FET5	4932.YFL041W	35.2
YIL002W-A	4932.YIL002W-A	35.1
DOM34	4932.YNL001W	35.1
YLR363W-A	4932.YLR363W-A	35.0
RRP45	4932.YDR280W	35.0
HSP30	4932.YCR021C	35.0
SPB1	4932.YCL054W	35.0
PHO85	4932.YPL031C	34.9
CUE4	4932.YML101C	34.8
DBP1	4932.YPL119C	34.7
SDH4	4932.YDR178W	34.7
POM152	4932.YMR129W	34.6
CPR7	4932.YJR032W	34.6
ORM2	4932.YLR350W	34.6
CTT1	4932.YGR088W	34.6
FRA1	4932.YLL029W	34.5
XPT1	4932.YJR133W	34.5
IES3	4932.YLR052W	34.5
MED2	4932.YDL005C	34.4
UTP30	4932.YKR060W	34.4
RSM23	4932.YGL129C	34.4
MPD2	4932.YOL088C	34.4
TMC1	4932.YOR052C	34.4
CYB2	4932.YML054C	34.3
SPT7	4932.YBR081C	34.2
DBP10	4932.YDL031W	34.2
IMP2	4932.YIL154C	34.2
NBA1	4932.YOL070C	34.2
SNQ2	4932.YDR011W	34.2
SKI8	4932.YGL213C	34.2
TFB1	4932.YDR311W	34.2
ERJ5	4932.YFR041C	34.1
ACS1	4932.YAL054C	34.1
STE23	4932.YLR389C	34.1
RRP46	4932.YGR095C	34.1
IDP3	4932.YNL009W	34.1
NSG2	4932.YNL156C	34.1
PPZ1	4932.YML016C	34.0
TAT1	4932.YBR069C	34.0
TFA2	4932.YKR062W	34.0
RKM4	4932.YDR257C	33.9
ABZ2	4932.YMR289W	33.9
SKI3	4932.YPR189W	33.9
RSA4	4932.YCR072C	33.9
PIR1	4932.YKL164C	33.9
OSM1	4932.YJR051W	33.8
UTP6	4932.YDR449C	33.8
DID4	4932.YKL002W	33.7
DFG5	4932.YMR238W	33.7
STT3	4932.YGL022W	33.7
ALG9	4932.YNL219C	33.7
FCF2	4932.YLR051C	33.7
FCF1	4932.YDR339C	33.5
ELO1	4932.YJL196C	33.5
AFG2	4932.YLR397C	33.5
HBS1	4932.YKR084C	33.4
YCR043C	4932.YCR043C	33.4
MRPL11	4932.YDL202W	33.4
RRP43	4932.YCR035C	33.3
RHO5	4932.YNL180C	33.3
EDC3	4932.YEL015W	33.3
INP53	4932.YOR109W	33.1
ASM4	4932.YDL088C	33.1
RSM25	4932.YIL093C	33.1
SLM1	4932.YIL105C	33.1
DCP1	4932.YOL149W	33.0
YCF1	4932.YDR135C	33.0
NUP188	4932.YML103C	33.0
HFI1	4932.YPL254W	32.9
SUC2	4932.YIL162W	32.9
DUR1,2	4932.YBR208C	32.9
RSC9	4932.YML127W	32.8
EFM1	4932.YHL039W	32.7
TOM71	4932.YHR117W	32.7
SKI2	4932.YLR398C	32.7
PTC7	4932.YHR076W	32.7
MRPL23	4932.YOR150W	32.6
MKT1	4932.YNL085W	32.6
REG1	4932.YDR028C	32.6
SPT3	4932.YDR392W	32.6
BAP3	4932.YDR046C	32.6
AKR1	4932.YDR264C	32.5
SKY1	4932.YMR216C	32.5
MIC26	4932.YGR235C	32.4
DIC1	4932.YLR348C	32.4
MIC12	4932.YBR262C	32.4
NMD5	4932.YJR132W	32.4
TRM7	4932.YBR061C	32.3
RSM24	4932.YDR175C	32.3
COX7	4932.YMR256C	32.3
STE20	4932.YHL007C	32.3
GCD14	4932.YJL125C	32.2
COT1	4932.YOR316C	32.2
RML2	4932.YEL050C	32.2
YDL012C	4932.YDL012C	32.2
RSR1	4932.YGR152C	32.2
COX14	4932.YML129C	32.2
MYO3	4932.YKL129C	32.2
BZZ1	4932.YHR114W	32.2
RAD51	4932.YER095W	32.1
RSE1	4932.YML049C	32.1
RSM7	4932.YJR113C	32.1
AOS1	4932.YPR180W	32.1
RTT103	4932.YDR289C	32.1
DOS2	4932.YDR068W	32.1
COX5B	4932.YIL111W	32.1
HLJ1	4932.YMR161W	32.0
MDE1	4932.YJR024C	32.0
INM1	4932.YHR046C	32.0
TRM5	4932.YHR070W	32.0
CAB4	4932.YGR277C	32.0
TMA64	4932.YDR117C	32.0
SGN1	4932.YIR001C	32.0
UTP25	4932.YIL091C	31.9
ANT1	4932.YPR128C	31.9
LAG1	4932.YHL003C	31.9
YIR035C	4932.YIR035C	31.9
MCM5	4932.YLR274W	31.9
CYM1	4932.YDR430C	31.8
NNF1	4932.YJR112W	31.8
CCR4	4932.YAL021C	31.7
MDN1	4932.YLR106C	31.7
GEA2	4932.YEL022W	31.7
IES4	4932.YOR189W	31.6
PEX30	4932.YLR324W	31.6
SCH9	4932.YHR205W	31.6
TDA3	4932.YHR009C	31.5
HIS3	4932.YOR202W	31.5
YKR070W	4932.YKR070W	31.4
YHR138C	4932.YHR138C	31.4
PBA1	4932.YLR199C	31.4
NUP1	4932.YOR098C	31.4
MSC6	4932.YOR354C	31.3
YJL133C-A	4932.YJL133C-A	31.3
ODC2	4932.YOR222W	31.3
RSC6	4932.YCR052W	31.3
EHD3	4932.YDR036C	31.3
POP2	4932.YNR052C	31.3
SYH1	4932.YPL105C	31.3
PST1	4932.YDR055W	31.2
UBP10	4932.YNL186W	31.2
EMC10	4932.YDR056C	31.2
SDH8	4932.YBR269C	31.2
YDR476C	4932.YDR476C	31.2
WTM2	4932.YOR229W	31.2
NOP9	4932.YJL010C	31.2
PET123	4932.YOR158W	31.2
RBK1	4932.YCR036W	31.1
GSH1	4932.YJL101C	31.1
COY1	4932.YKL179C	31.1
PUF3	4932.YLL013C	31.0
ECM16	4932.YMR128W	31.0
RTG1	4932.YOL067C	31.0
SWI3	4932.YJL176C	31.0
RAS1	4932.YOR101W	30.9
GCN5	4932.YGR252W	30.9
MRP49	4932.YKL167C	30.8
YAH1	4932.YPL252C	30.8
CGR1	4932.YGL029W	30.7
RHO2	4932.YNL090W	30.7
SRB2	4932.YHR041C	30.7
IPI1	4932.YHR085W	30.7
UBX7	4932.YBR273C	30.6
NUP192	4932.YJL039C	30.6
EFR3	4932.YMR212C	30.6
ERG24	4932.YNL280C	30.6
AKL1	4932.YBR059C	30.6
CAN1	4932.YEL063C	30.5
SPT20	4932.YOL148C	30.5
GON7	4932.YJL184W	30.4
COX20	4932.YDR231C	30.4
BPL1	4932.YDL141W	30.4
RIA1	4932.YNL163C	30.4
VPS60	4932.YDR486C	30.4
RRP6	4932.YOR001W	30.3
ADI1	4932.YMR009W	30.3
YMR196W	4932.YMR196W	30.3
PGD1	4932.YGL025C	30.3
CKI1	4932.YLR133W	30.3
FAT1	4932.YBR041W	30.2
MRPS5	4932.YBR251W	30.2
CAB2	4932.YIL083C	30.1
BET3	4932.YKR068C	30.1
PRP19	4932.YLL036C	30.1
ERV2	4932.YPR037C	30.1
DDI1	4932.YER143W	30.0
GSY1	4932.YFR015C	30.0
DAD1	4932.YDR016C	30.0
BAR1	4932.YIL015W	30.0
LIP5	4932.YOR196C	30.0
MCM7	4932.YBR202W	30.0
FUN30	4932.YAL019W	29.9
NUC1	4932.YJL208C	29.9
NOC4	4932.YPR144C	29.9
HNM1	4932.YGL077C	29.9
BOL1	4932.YAL044W-A	29.9
CTS1	4932.YLR286C	29.9
HFD1	4932.YMR110C	29.9
MRPL35	4932.YDR322W	29.8
CNA1	4932.YLR433C	29.8
SIF2	4932.YBR103W	29.8
RPP1	4932.YHR062C	29.8
DBP8	4932.YHR169W	29.8
PTA1	4932.YAL043C	29.7
PGC1	4932.YPL206C	29.7
ECM29	4932.YHL030W	29.7
PBS2	4932.YJL128C	29.7
LNP1	4932.YHR192W	29.6
GCD10	4932.YNL062C	29.6
NGG1	4932.YDR176W	29.6
CHD1	4932.YER164W	29.5
KTR6	4932.YPL053C	29.5
OXP1	4932.YKL215C	29.5
FRE1	4932.YLR214W	29.5
VMA16	4932.YHR026W	29.4
SDC1	4932.YDR469W	29.3
CDC36	4932.YDL165W	29.3
FAA3	4932.YIL009W	29.2
NDC1	4932.YML031W	29.2
YNR040W	4932.YNR040W	29.2
MRPS18	4932.YNL306W	29.2
PCT1	4932.YGR202C	29.1
GLC3	4932.YEL011W	29.1
TIM54	4932.YJL054W	29.1
RER2	4932.YBR002C	29.0
FDC1	4932.YDR539W	29.0
NUP170	4932.YBL079W	28.9
JAC1	4932.YGL018C	28.9
NUP53	4932.YMR153W	28.9
OST5	4932.YGL226C-A	28.8
SGF29	4932.YCL010C	28.8
YMC1	4932.YPR058W	28.8
ECT1	4932.YGR007W	28.8
UGA2	4932.YBR006W	28.7
AIM6	4932.YDL237W	28.7
HAT2	4932.YEL056W	28.7
YAP1	4932.YML007W	28.7
YPL067C	4932.YPL067C	28.6
TRM3	4932.YDL112W	28.6
CUE1	4932.YMR264W	28.6
VPS24	4932.YKL041W	28.6
TOP3	4932.YLR234W	28.6
COQ1	4932.YBR003W	28.6
ROT1	4932.YMR200W	28.6
SIN3	4932.YOL004W	28.5
ODC1	4932.YPL134C	28.5
RPC34	4932.YNR003C	28.5
RSM26	4932.YJR101W	28.5
GIN4	4932.YDR507C	28.4
REX4	4932.YOL080C	28.4
TRS33	4932.YOR115C	28.4
NGL2	4932.YMR285C	28.4
ALG2	4932.YGL065C	28.4
KTI11	4932.YBL071W-A	28.4
COQ11	4932.YLR290C	28.4
IMG2	4932.YCR071C	28.4
NAM9	4932.YNL137C	28.4
VID27	4932.YNL212W	28.3
MTR3	4932.YGR158C	28.3
PHO81	4932.YGR233C	28.3
WHI2	4932.YOR043W	28.3
GRX6	4932.YDL010W	28.3
MPE1	4932.YKL059C	28.2
UBA4	4932.YHR111W	28.2
TVP15	4932.YDR100W	28.2
STE2	4932.YFL026W	28.2
LCL2	4932.YLR104W	28.2
TRM44	4932.YPL030W	28.2
CET1	4932.YPL228W	28.1
PIC2	4932.YER053C	28.0
CEG1	4932.YGL130W	28.0
ELF1	4932.YKL160W	28.0
SLM4	4932.YBR077C	28.0
ARE2	4932.YNR019W	27.9
YBR137W	4932.YBR137W	27.9
HSH49	4932.YOR319W	27.9
YBR090C	4932.YBR090C	27.9
URB1	4932.YKL014C	27.9
SMC1	4932.YFL008W	27.9
RRT14	4932.YIL127C	27.9
OCH1	4932.YGL038C	27.8
DFM1	4932.YDR411C	27.8
NAB6	4932.YML117W	27.8
ORT1	4932.YOR130C	27.7
MRPS35	4932.YGR165W	27.7
BOS1	4932.YLR078C	27.6
MOT3	4932.YMR070W	27.6
PGA1	4932.YNL158W	27.5
RMD9	4932.YGL107C	27.5
MRPL50	4932.YNR022C	27.5
TYR1	4932.YBR166C	27.5
RNA14	4932.YMR061W	27.5
ZRT1	4932.YGL255W	27.5
POM34	4932.YLR018C	27.5
DSD1	4932.YGL196W	27.4
SFT2	4932.YBL102W	27.4
EFM4	4932.YIL064W	27.4
KRE9	4932.YJL174W	27.4
MRPL38	4932.YKL170W	27.4
TRS31	4932.YDR472W	27.4
MOB1	4932.YIL106W	27.4
MIX14	4932.YDR031W	27.3
MRPL28	4932.YDR462W	27.3
ZIM17	4932.YNL310C	27.3
HEL2	4932.YDR266C	27.3
TMA10	4932.YLR327C	27.3
NNR2	4932.YKL151C	27.3
BEM2	4932.YER155C	27.2
CUZ1	4932.YNL155W	27.2
CMK1	4932.YFR014C	27.1
TPK3	4932.YKL166C	27.1
RTT106	4932.YNL206C	27.1
NUP157	4932.YER105C	27.1
KEI1	4932.YDR367W	27.0
HEM4	4932.YOR278W	27.0
SNX4	4932.YJL036W	27.0
ADP1	4932.YCR011C	27.0
YDL144C	4932.YDL144C	26.9
PFK26	4932.YIL107C	26.9
YIL108W	4932.YIL108W	26.9
BUD23	4932.YCR047C	26.9
UBX2	4932.YML013W	26.9
YBR287W	4932.YBR287W	26.8
MRPL4	4932.YLR439W	26.8
SMB1	4932.YER029C	26.8
PUN1	4932.YLR414C	26.7
KAP122	4932.YGL016W	26.7
SEG1	4932.YMR086W	26.7
MEH1	4932.YKR007W	26.7
YLR225C	4932.YLR225C	26.6
SOV1	4932.YMR066W	26.6
NCS6	4932.YGL211W	26.5
CDC1	4932.YDR182W	26.4
VAN1	4932.YML115C	26.4
YPL245W	4932.YPL245W	26.4
MFT1	4932.YML062C	26.4
IML2	4932.YJL082W	26.4
STE4	4932.YOR212W	26.4
SFT1	4932.YKL006C-A	26.4
SEN15	4932.YMR059W	26.4
PHS1	4932.YJL097W	26.3
ADA2	4932.YDR448W	26.3
TPO3	4932.YPR156C	26.3
CST6	4932.YIL036W	26.3
MPC1	4932.YGL080W	26.3
GPM2	4932.YDL021W	26.2
MPD1	4932.YOR288C	26.2
MSN2	4932.YMR037C	26.2
TFC1	4932.YBR123C	26.1
GDE1	4932.YPL110C	26.1
YOR302W	4932.YOR302W	26.1
SEC2	4932.YNL272C	26.1
CDC8	4932.YJR057W	26.0
YGR266W	4932.YGR266W	26.0
YER034W	4932.YER034W	26.0
RSC2	4932.YLR357W	26.0
AIM24	4932.YJR080C	26.0
EAF3	4932.YPR023C	26.0
YPS1	4932.YLR120C	26.0
MOG1	4932.YJR074W	26.0
SNA4	4932.YDL123W	26.0
MRPS28	4932.YDR337W	25.9
VTS1	4932.YOR359W	25.9
PHO91	4932.YNR013C	25.9
SGF11	4932.YPL047W	25.9
TED1	4932.YIL039W	25.9
DUG2	4932.YBR281C	25.8
RAD3	4932.YER171W	25.8
MXR2	4932.YCL033C	25.8
SYO1	4932.YDL063C	25.7
SWD3	4932.YBR175W	25.7
YER053C-A	4932.YER053C-A	25.7
GAP1	4932.YKR039W	25.7
OSW5	4932.YMR148W	25.6
RUB1	4932.YDR139C	25.6
TPK1	4932.YJL164C	25.4
CCL1	4932.YPR025C	25.4
STE12	4932.YHR084W	25.4
VPS27	4932.YNR006W	25.4
AST1	4932.YBL069W	25.4
GPT2	4932.YKR067W	25.3
RAT1	4932.YOR048C	25.3
LYP1	4932.YNL268W	25.3
MOB2	4932.YFL034C-B	25.2
SSF2	4932.YDR312W	25.2
AQY2	4932.YLL052C	25.2
COQ6	4932.YGR255C	25.1
PAI3	4932.YMR174C	25.1
APL2	4932.YKL135C	25.1
YKL091C	4932.YKL091C	25.1
HSE1	4932.YHL002W	25.0
LPX1	4932.YOR084W	25.0
PAM1	4932.YDR251W	25.0
YHR127W	4932.YHR127W	25.0
INO80	4932.YGL150C	25.0
FMP46	4932.YKR049C	25.0
RRP14	4932.YKL082C	25.0
PSP1	4932.YDR505C	24.9
COX8	4932.YLR395C	24.9
BUD13	4932.YGL174W	24.9
IES5	4932.YER092W	24.9
TAF1	4932.YGR274C	24.9
GGA1	4932.YDR358W	24.9
YLR361C-A	4932.YLR361C-A	24.8
PEP8	4932.YJL053W	24.8
MIM2	4932.YLR099W-A	24.7
ANR2	4932.YKL047W	24.7
STB3	4932.YDR169C	24.7
NRP1	4932.YDL167C	24.7
LSB5	4932.YCL034W	24.6
POM33	4932.YLL023C	24.6
SFB2	4932.YNL049C	24.6
FMN1	4932.YDR236C	24.6
AVL9	4932.YLR114C	24.6
HIF1	4932.YLL022C	24.5
SMC3	4932.YJL074C	24.5
CMS1	4932.YLR003C	24.5
LAS17	4932.YOR181W	24.5
CEX1	4932.YOR112W	24.4
ARP8	4932.YOR141C	24.4
YLR042C	4932.YLR042C	24.4
MRPL51	4932.YPR100W	24.4
BUD21	4932.YOR078W	24.4
ART5	4932.YGR068C	24.4
ALG5	4932.YPL227C	24.4
PDR17	4932.YNL264C	24.3
SWH1	4932.YAR042W	24.3
CSM1	4932.YCR086W	24.3
VTA1	4932.YLR181C	24.3
DOT6	4932.YER088C	24.2
YER010C	4932.YER010C	24.1
MRPL32	4932.YCR003W	24.1
SMM1	4932.YNR015W	24.1
RUP1	4932.YOR138C	24.1
IES2	4932.YNL215W	24.0
POL12	4932.YBL035C	24.0
LCB4	4932.YOR171C	24.0
UBC7	4932.YMR022W	23.9
GAL1	4932.YBR020W	23.9
EPS1	4932.YIL005W	23.9
REF2	4932.YDR195W	23.9
FIP1	4932.YJR093C	23.9
MRPL24	4932.YMR193W	23.9
YMR130W	4932.YMR130W	23.9
MSN5	4932.YDR335W	23.8
PDE2	4932.YOR360C	23.8
TMA23	4932.YMR269W	23.8
MSH6	4932.YDR097C	23.7
TPK2	4932.YPL203W	23.7
SNZ1	4932.YMR096W	23.7
HNT2	4932.YDR305C	23.7
YML6	4932.YML025C	23.7
VPS5	4932.YOR069W	23.7
FAR8	4932.YMR029C	23.7
OCA1	4932.YNL099C	23.7
BOL3	4932.YAL046C	23.6
UBX4	4932.YMR067C	23.5
MID2	4932.YLR332W	23.5
YKU80	4932.YMR106C	23.5
SHO1	4932.YER118C	23.5
YLR050C	4932.YLR050C	23.5
YBR230W-A	4932.YBR230W-A	23.4
RSA3	4932.YLR221C	23.4
TPO1	4932.YLL028W	23.4
KTI12	4932.YKL110C	23.4
AUR1	4932.YKL004W	23.4
SFC1	4932.YJR095W	23.4
POS5	4932.YPL188W	23.4
SKN7	4932.YHR206W	23.3
SEC9	4932.YGR009C	23.3
MRPL27	4932.YBR282W	23.2
GPG1	4932.YGL121C	23.2
TFB4	4932.YPR056W	23.2
GPA2	4932.YER020W	23.2
VPS13	4932.YLL040C	23.2
MNN10	4932.YDR245W	23.2
BET1	4932.YIL004C	23.2
SGT1	4932.YOR057W	23.2
AAT1	4932.YKL106W	23.1
NPR1	4932.YNL183C	23.1
KAE1	4932.YKR038C	23.1
FKH1	4932.YIL131C	23.1
CTA1	4932.YDR256C	23.0
SSQ1	4932.YLR369W	23.0
OSH2	4932.YDL019C	23.0
TVP23	4932.YDR084C	23.0
HEM14	4932.YER014W	22.9
DPH2	4932.YKL191W	22.9
YCH1	4932.YGR203W	22.9
TOS6	4932.YNL300W	22.9
GPN2	4932.YOR262W	22.9
CSS1	4932.YIL169C	22.9
MGR2	4932.YPL098C	22.9
DPP1	4932.YDR284C	22.9
VBA4	4932.YDR119W	22.9
OTU1	4932.YFL044C	22.8
GPI16	4932.YHR188C	22.8
AAC1	4932.YMR056C	22.8
KRE1	4932.YNL322C	22.8
PDS5	4932.YMR076C	22.7
PER33	4932.YLR064W	22.7
LST8	4932.YNL006W	22.6
SPC24	4932.YMR117C	22.6
UBP15	4932.YMR304W	22.6
TRL1	4932.YJL087C	22.6
PTC5	4932.YOR090C	22.5
URA10	4932.YMR271C	22.5
VPS75	4932.YNL246W	22.5
VAM7	4932.YGL212W	22.5
MGR1	4932.YCL044C	22.5
SUM1	4932.YDR310C	22.4
DSE4	4932.YNR067C	22.4
IST1	4932.YNL265C	22.4
YNR029C	4932.YNR029C	22.4
OYE3	4932.YPL171C	22.4
DUO1	4932.YGL061C	22.4
YPT10	4932.YBR264C	22.4
LOA1	4932.YPR139C	22.4
YER079W	4932.YER079W	22.4
CBP4	4932.YGR174C	22.4
CSG2	4932.YBR036C	22.4
SDH7	4932.YDR511W	22.3
NUS1	4932.YDL193W	22.3
MSC3	4932.YLR219W	22.3
DUS1	4932.YML080W	22.3
CIA2	4932.YHR122W	22.2
CDC9	4932.YDL164C	22.2
VPS45	4932.YGL095C	22.2
IMO32	4932.YGR031W	22.2
SRB5	4932.YGR104C	22.2
CAB3	4932.YKL088W	22.1
YME2	4932.YMR302C	22.1
BUD22	4932.YMR014W	22.1
MRPL31	4932.YKL138C	22.1
PSR1	4932.YLL010C	22.0
ADD66	4932.YKL206C	22.0
NYV1	4932.YLR093C	22.0
VPS35	4932.YJL154C	22.0
CYC3	4932.YAL039C	21.9
EMC3	4932.YKL207W	21.9
ERP3	4932.YDL018C	21.9
YPR114W	4932.YPR114W	21.9
RPC31	4932.YNL151C	21.8
KIN28	4932.YDL108W	21.8
SPT2	4932.YER161C	21.8
RTK1	4932.YDL025C	21.8
RIM11	4932.YMR139W	21.8
YGR182C	4932.YGR182C	21.8
NGR1	4932.YBR212W	21.8
APL4	4932.YPR029C	21.7
PBY1	4932.YBR094W	21.7
VAC14	4932.YLR386W	21.6
MRPL22	4932.YNL177C	21.6
UBP2	4932.YOR124C	21.6
CAT2	4932.YML042W	21.6
MRP51	4932.YPL118W	21.6
SMD2	4932.YLR275W	21.6
BIL1	4932.YOR304C-A	21.5
SIR2	4932.YDL042C	21.5
GTB1	4932.YDR221W	21.5
MLF3	4932.YNL074C	21.5
HST2	4932.YPL015C	21.5
MHP1	4932.YJL042W	21.5
IES1	4932.YFL013C	21.4
RAD52	4932.YML032C	21.4
SAM3	4932.YPL274W	21.4
YGR283C	4932.YGR283C	21.4
DBF2	4932.YGR092W	21.4
GYP6	4932.YJL044C	21.4
DUG3	4932.YNL191W	21.4
NAT2	4932.YGR147C	21.3
THI80	4932.YOR143C	21.3
TFC7	4932.YOR110W	21.3
DCW1	4932.YKL046C	21.2
MIC27	4932.YNL100W	21.2
ANP1	4932.YEL036C	21.2
SPB4	4932.YFL002C	21.2
FMP10	4932.YER182W	21.2
SWI6	4932.YLR182W	21.2
YJL026C-A	4932.YJL026C-A	21.2
VPS9	4932.YML097C	21.2
LOS1	4932.YKL205W	21.1
SAP185	4932.YJL098W	21.1
ARP4	4932.YJL081C	21.1
ZPS1	4932.YOL154W	21.1
CAB1	4932.YDR531W	21.1
YIL156W-B	4932.YIL156W-B	21.0
UBP12	4932.YJL197W	21.0
TFB3	4932.YDR460W	21.0
SPC110	4932.YDR356W	21.0
SWD2	4932.YKL018W	21.0
AFG3	4932.YER017C	20.9
GYL1	4932.YMR192W	20.9
SAP155	4932.YFR040W	20.9
MET18	4932.YIL128W	20.9
ABD1	4932.YBR236C	20.9
THP2	4932.YHR167W	20.8
TAF3	4932.YPL011C	20.8
TFG2	4932.YGR005C	20.8
FRQ1	4932.YDR373W	20.8
VAR1	4932.Q0140	20.8
SDT1	4932.YGL224C	20.7
MED6	4932.YHR058C	20.7
TRM10	4932.YOL093W	20.7
KCS1	4932.YDR017C	20.7
RKM1	4932.YPL208W	20.6
COG8	4932.YML071C	20.6
TUB4	4932.YLR212C	20.6
CAB5	4932.YDR196C	20.6
SMF3	4932.YLR034C	20.6
PLB1	4932.YMR008C	20.6
ALG13	4932.YGL047W	20.6
SIP2	4932.YGL208W	20.5
SIL1	4932.YOL031C	20.5
YLR126C	4932.YLR126C	20.5
ALG1	4932.YBR110W	20.5
DSS4	4932.YPR017C	20.5
COA1	4932.YIL157C	20.4
ISN1	4932.YOR155C	20.4
CPD1	4932.YGR247W	20.4
VID24	4932.YBR105C	20.4
TRM732	4932.YMR259C	20.4
UTP20	4932.YBL004W	20.4
SAN1	4932.YDR143C	20.3
ELP6	4932.YMR312W	20.3
YGR111W	4932.YGR111W	20.3
MRPL49	4932.YJL096W	20.2
UBX5	4932.YDR330W	20.2
ELP4	4932.YPL101W	20.2
YCR018C-A	4932.YCR018C-A	20.2
MSO1	4932.YNR049C	20.2
HAT1	4932.YPL001W	20.1
UBP14	4932.YBR058C	20.1
DUN1	4932.YDL101C	20.1
YLR407W	4932.YLR407W	20.1
MRPL20	4932.YKR085C	20.1
GNT1	4932.YOR320C	20.1
CWC15	4932.YDR163W	20.1
PTM1	4932.YKL039W	20.0
MYO4	4932.YAL029C	20.0
YHL017W	4932.YHL017W	20.0
ALE1	4932.YOR175C	20.0
MEI5	4932.YPL121C	20.0
MGR3	4932.YMR115W	19.9
TNA1	4932.YGR260W	19.9
NAS2	4932.YIL007C	19.9
UBP8	4932.YMR223W	19.9
YJL045W	4932.YJL045W	19.9
YNL058C	4932.YNL058C	19.9
RBA50	4932.YDR527W	19.9
FOL1	4932.YNL256W	19.9
VMA22	4932.YHR060W	19.8
MCM2	4932.YBL023C	19.8
HBN1	4932.YCL026C-B	19.8
FUI1	4932.YBL042C	19.8
RIE1	4932.YGR250C	19.8
TIP20	4932.YGL145W	19.8
SEC10	4932.YLR166C	19.7
BIM1	4932.YER016W	19.7
SCT1	4932.YBL011W	19.7
TGL1	4932.YKL140W	19.7
RSM28	4932.YDR494W	19.7
RNR3	4932.YIL066C	19.7
DOG2	4932.YHR043C	19.7
ASG1	4932.YIL130W	19.7
YDR061W	4932.YDR061W	19.7
NUT2	4932.YPR168W	19.6
RPC25	4932.YKL144C	19.6
SWA2	4932.YDR320C	19.6
LDB7	4932.YBL006C	19.6
POP5	4932.YAL033W	19.6
PTI1	4932.YGR156W	19.6
MRPL6	4932.YHR147C	19.5
CTP1	4932.YBR291C	19.5
CBK1	4932.YNL161W	19.5
VPS17	4932.YOR132W	19.4
YBL055C	4932.YBL055C	19.4
TIP41	4932.YPR040W	19.4
NUP42	4932.YDR192C	19.4
YGL041W-A	4932.YGL041W-A	19.4
UME1	4932.YPL139C	19.3
GTT3	4932.YEL017W	19.3
YDR248C	4932.YDR248C	19.3
DAD3	4932.YBR233W-A	19.3
PXL1	4932.YKR090W	19.3
BEM1	4932.YBR200W	19.3
OPI10	4932.YOL032W	19.2
VPH2	4932.YKL119C	19.2
MAM3	4932.YOL060C	19.2
KAP120	4932.YPL125W	19.2
YPF1	4932.YKL100C	19.2
RGD1	4932.YBR260C	19.2
NUT1	4932.YGL151W	19.2
SEC12	4932.YNR026C	19.2
PAP2	4932.YOL115W	19.2
MDM35	4932.YKL053C-A	19.2
RNT1	4932.YMR239C	19.1
HOS3	4932.YPL116W	19.1
MST1	4932.YKL194C	19.1
MRPL16	4932.YBL038W	19.1
TRA1	4932.YHR099W	19.1
CST26	4932.YBR042C	19.1
UFD4	4932.YKL010C	19.0
CDC16	4932.YKL022C	19.0
GAL11	4932.YOL051W	19.0
SGD1	4932.YLR336C	18.9
GPI11	4932.YDR302W	18.9
YCK3	4932.YER123W	18.9
IOC3	4932.YFR013W	18.9
CDC31	4932.YOR257W	18.8
SUA5	4932.YGL169W	18.8
CTF4	4932.YPR135W	18.8
SVP26	4932.YHR181W	18.8
PRY1	4932.YJL079C	18.8
POL3	4932.YDL102W	18.8
CIA1	4932.YDR267C	18.8
CTR86	4932.YCR054C	18.7
GAL4	4932.YPL248C	18.7
YML108W	4932.YML108W	18.7
NPY1	4932.YGL067W	18.7
EGT2	4932.YNL327W	18.7
TRM9	4932.YML014W	18.7
FCP1	4932.YMR277W	18.7
YMR310C	4932.YMR310C	18.6
ATP12	4932.YJL180C	18.6
YDL157C	4932.YDL157C	18.6
IAH1	4932.YOR126C	18.6
ASK1	4932.YKL052C	18.6
DBP7	4932.YKR024C	18.5
HPM1	4932.YIL110W	18.5
SMD3	4932.YLR147C	18.5
YLR419W	4932.YLR419W	18.5
ENV10	4932.YLR065C	18.4
PXP2	4932.YJR111C	18.4
MCT1	4932.YOR221C	18.4
MKC7	4932.YDR144C	18.4
RDS3	4932.YPR094W	18.4
NDC80	4932.YIL144W	18.4
KSP1	4932.YHR082C	18.4
TAF11	4932.YML015C	18.3
IKI1	4932.YHR187W	18.3
TIM12	4932.YBR091C	18.3
SNF6	4932.YHL025W	18.3
BUD27	4932.YFL023W	18.3
MET12	4932.YPL023C	18.3
HDA1	4932.YNL021W	18.3
RSM10	4932.YDR041W	18.3
DFR1	4932.YOR236W	18.3
BUD32	4932.YGR262C	18.2
PTR2	4932.YKR093W	18.2
DPH6	4932.YLR143W	18.2
AFG1	4932.YEL052W	18.2
IVY1	4932.YDR229W	18.2
SKT5	4932.YBL061C	18.2
SOK2	4932.YMR016C	18.1
DPH1	4932.YIL103W	18.1
SFK1	4932.YKL051W	18.1
SHQ1	4932.YIL104C	18.1
TVP38	4932.YKR088C	18.0
MNS1	4932.YJR131W	18.0
TRM11	4932.YOL124C	18.0
URB2	4932.YJR041C	18.0
UTR1	4932.YJR049C	18.0
YAP1802	4932.YGR241C	18.0
THO2	4932.YNL139C	18.0
CHO1	4932.YER026C	18.0
GRE1	4932.YPL223C	17.9
PDH1	4932.YPR002W	17.9
SPC25	4932.YER018C	17.9
TRM2	4932.YKR056W	17.9
MVP1	4932.YMR004W	17.8
XKS1	4932.YGR194C	17.8
SET5	4932.YHR207C	17.8
MET4	4932.YNL103W	17.8
APM3	4932.YBR288C	17.8
SSM4	4932.YIL030C	17.8
YOS1	4932.YER074W-A	17.7
ENA1	4932.YDR040C	17.7
APT2	4932.YDR441C	17.7
YNL115C	4932.YNL115C	17.7
YOR289W	4932.YOR289W	17.7
KAR4	4932.YCL055W	17.7
DOP1	4932.YDR141C	17.6
YBR242W	4932.YBR242W	17.6
TFB2	4932.YPL122C	17.6
HPR1	4932.YDR138W	17.6
ECI1	4932.YLR284C	17.6
POL1	4932.YNL102W	17.5
SLK19	4932.YOR195W	17.5
YIL161W	4932.YIL161W	17.5
GAA1	4932.YLR088W	17.5
MAK3	4932.YPR051W	17.4
HIS2	4932.YFR025C	17.4
RTR1	4932.YER139C	17.4
GAT1	4932.YFL021W	17.4
YSH1	4932.YLR277C	17.3
GIP3	4932.YPL137C	17.3
RRF1	4932.YHR038W	17.3
MRPL9	4932.YGR220C	17.3
JSN1	4932.YJR091C	17.3
SLF1	4932.YDR515W	17.2
ATG8	4932.YBL078C	17.2
IGD1	4932.YFR017C	17.2
ALG12	4932.YNR030W	17.2
ABZ1	4932.YNR033W	17.2
GPN3	4932.YLR243W	17.1
DSL1	4932.YNL258C	17.1
MRS4	4932.YKR052C	17.1
BEM4	4932.YPL161C	17.1
RSM19	4932.YNR037C	17.1
INO2	4932.YDR123C	17.1
SAP30	4932.YMR263W	17.1
ERV1	4932.YGR029W	17.1
HRT3	4932.YLR097C	17.1
MAD1	4932.YGL086W	17.1
MRPL25	4932.YGR076C	17.0
MDL2	4932.YPL270W	17.0
LAC1	4932.YKL008C	17.0
SKO1	4932.YNL167C	17.0
DAM1	4932.YGR113W	16.9
NUP120	4932.YKL057C	16.9
STU2	4932.YLR045C	16.9
MET30	4932.YIL046W	16.9
MLC2	4932.YPR188C	16.9
PNG1	4932.YPL096W	16.8
FUN14	4932.YAL008W	16.8
EPO1	4932.YMR124W	16.8
COG2	4932.YGR120C	16.8
MIG1	4932.YGL035C	16.7
SCO1	4932.YBR037C	16.7
HEH2	4932.YDR458C	16.7
YER090C-A	4932.YER090C-A	16.6
PHA2	4932.YNL316C	16.6
SEC1	4932.YDR164C	16.6
YML131W	4932.YML131W	16.6
SPC19	4932.YDR201W	16.6
QDR2	4932.YIL121W	16.6
COX19	4932.YLL018C-A	16.6
MTM1	4932.YGR257C	16.5
YCL042W	4932.YCL042W	16.5
VMS1	4932.YDR049W	16.5
RNA15	4932.YGL044C	16.5
ISW2	4932.YOR304W	16.5
MSI1	4932.YBR195C	16.5
IOC2	4932.YLR095C	16.5
MUM2	4932.YBR057C	16.5
ILM1	4932.YJR118C	16.4
YPI1	4932.YFR003C	16.4
YDR210W	4932.YDR210W	16.4
IES6	4932.YEL044W	16.4
SRY1	4932.YKL218C	16.3
FSH3	4932.YOR280C	16.3
RAM2	4932.YKL019W	16.3
PSY2	4932.YNL201C	16.3
FMP45	4932.YDL222C	16.3
TIM21	4932.YGR033C	16.3
AGX1	4932.YFL030W	16.3
ERG29	4932.YMR134W	16.3
UNG1	4932.YML021C	16.2
DGK1	4932.YOR311C	16.2
WHI4	4932.YDL224C	16.2
YIP1	4932.YGR172C	16.2
HBT1	4932.YDL223C	16.2
NRK1	4932.YNL129W	16.2
MPP6	4932.YNR024W	16.2
PRY3	4932.YJL078C	16.1
EMC6	4932.YLL014W	16.1
SDH5	4932.YOL071W	16.1
RGD2	4932.YFL047W	16.1
COX23	4932.YHR116W	16.1
EXO70	4932.YJL085W	16.0
BUD6	4932.YLR319C	16.0
OCA5	4932.YHL029C	16.0
SDS3	4932.YIL084C	16.0
PSD1	4932.YNL169C	16.0
CEM1	4932.YER061C	16.0
APQ12	4932.YIL040W	15.9
PER1	4932.YCR044C	15.9
YPL247C	4932.YPL247C	15.9
YDR381C-A	4932.YDR381C-A	15.9
SPE4	4932.YLR146C	15.9
YOR385W	4932.YOR385W	15.9
EXO84	4932.YBR102C	15.8
YSC84	4932.YHR016C	15.8
RTT10	4932.YPL183C	15.8
BOI1	4932.YBL085W	15.8
RHB1	4932.YCR027C	15.8
DAP2	4932.YHR028C	15.8
MED1	4932.YPR070W	15.7
UBC8	4932.YEL012W	15.7
APA2	4932.YDR530C	15.7
YNL050C	4932.YNL050C	15.7
YBR016W	4932.YBR016W	15.6
ASP3-4	4932.YLR160C	15.6
SRB4	4932.YER022W	15.6
MZM1	4932.YDR493W	15.6
NMD4	4932.YLR363C	15.6
TRM13	4932.YOL125W	15.5
CRZ1	4932.YNL027W	15.5
YAP3	4932.YHL009C	15.5
SNU114	4932.YKL173W	15.5
VPS30	4932.YPL120W	15.5
YBP1	4932.YBR216C	15.5
ECM25	4932.YJL201W	15.5
HPC2	4932.YBR215W	15.5
FPS1	4932.YLL043W	15.4
SMY1	4932.YKL079W	15.4
VFA1	4932.YER128W	15.4
NAM8	4932.YHR086W	15.4
SNF12	4932.YNR023W	15.4
PSF3	4932.YOL146W	15.4
MED8	4932.YBR193C	15.4
FTH1	4932.YBR207W	15.3
YVC1	4932.YOR087W	15.3
TRS23	4932.YDR246W	15.3
BNA4	4932.YBL098W	15.3
BEM3	4932.YPL115C	15.3
BUD14	4932.YAR014C	15.3
PCF11	4932.YDR228C	15.3
TMT1	4932.YER175C	15.3
YGR117C	4932.YGR117C	15.3
ACF2	4932.YLR144C	15.3
YRB30	4932.YGL164C	15.2
MSW1	4932.YDR268W	15.2
MED4	4932.YOR174W	15.2
YGR017W	4932.YGR017W	15.2
GRS2	4932.YPR081C	15.2
MDL1	4932.YLR188W	15.2
MCD1	4932.YDL003W	15.2
HPA3	4932.YEL066W	15.2
MTR10	4932.YOR160W	15.2
SDH6	4932.YDR379C-A	15.1
PHO2	4932.YDL106C	15.1
NMA2	4932.YGR010W	15.1
TRZ1	4932.YKR079C	15.1
BER1	4932.YLR412W	15.1
TPO2	4932.YGR138C	15.1
ENT4	4932.YLL038C	15.1
BUB3	4932.YOR026W	15.1
PPA2	4932.YMR267W	15.1
COG4	4932.YPR105C	15.1
RQC1	4932.YDR333C	15.1
MPC2	4932.YHR162W	15.0
MAF1	4932.YDR005C	15.0
YER152C	4932.YER152C	15.0
MGM1	4932.YOR211C	15.0
PDR15	4932.YDR406W	15.0
PAN3	4932.YKL025C	15.0
DRS2	4932.YAL026C	14.9
SCD5	4932.YOR329C	14.9
TRI1	4932.YMR233W	14.9
PEA2	4932.YER149C	14.9
ATM1	4932.YMR301C	14.8
PRP6	4932.YBR055C	14.8
VID22	4932.YLR373C	14.8
PMC1	4932.YGL006W	14.8
PEP3	4932.YLR148W	14.8
RXT3	4932.YDL076C	14.8
NST1	4932.YNL091W	14.8
PRP11	4932.YDL043C	14.8
PKC1	4932.YBL105C	14.8
PFS2	4932.YNL317W	14.7
CAT5	4932.YOR125C	14.7
TKL2	4932.YBR117C	14.7
INO4	4932.YOL108C	14.7
SIN4	4932.YNL236W	14.7
DUF1	4932.YOL087C	14.6
BIO2	4932.YGR286C	14.6
CDC24	4932.YAL041W	14.6
RIM2	4932.YBR192W	14.6
PIH1	4932.YHR034C	14.6
CMR1	4932.YDL156W	14.6
MSL5	4932.YLR116W	14.5
MSP1	4932.YGR028W	14.5
KIN1	4932.YDR122W	14.5
ROT2	4932.YBR229C	14.5
TAF7	4932.YMR227C	14.5
YPR097W	4932.YPR097W	14.5
RME1	4932.YGR044C	14.5
ARA2	4932.YMR041C	14.5
YPR174C	4932.YPR174C	14.4
MON2	4932.YNL297C	14.4
MAG2	4932.YLR427W	14.4
SSU72	4932.YNL222W	14.4
BOI2	4932.YER114C	14.4
MYO1	4932.YHR023W	14.4
ALG11	4932.YNL048W	14.4
SKG3	4932.YLR187W	14.4
SDH3	4932.YKL141W	14.4
BNA7	4932.YDR428C	14.4
MED7	4932.YOL135C	14.3
INA17	4932.YPL099C	14.3
NAT3	4932.YPR131C	14.3
ATG40	4932.YOR152C	14.3
SAM50	4932.YNL026W	14.3
MRX12	4932.YJR003C	14.3
YNL040W	4932.YNL040W	14.2
BUD17	4932.YNR027W	14.2
YML018C	4932.YML018C	14.2
GDB1	4932.YPR184W	14.2
RTG3	4932.YBL103C	14.2
VMA21	4932.YGR105W	14.1
TAT2	4932.YOL020W	14.1
FLC1	4932.YPL221W	14.1
YJR084W	4932.YJR084W	14.1
PRR1	4932.YKL116C	14.1
TYW3	4932.YGL050W	14.1
ECM11	4932.YDR446W	14.1
YBL029C-A	4932.YBL029C-A	14.1
COQ9	4932.YLR201C	14.0
MPT5	4932.YGL178W	14.0
YJL169W	4932.YJL169W	14.0
MRPS9	4932.YBR146W	14.0
POP7	4932.YBR167C	13.9
BLM10	4932.YFL007W	13.9
YJR142W	4932.YJR142W	13.9
VPS68	4932.YOL129W	13.9
SKG1	4932.YKR100C	13.9
YOR020W-A	4932.YOR020W-A	13.8
PDP3	4932.YLR455W	13.8
STR2	4932.YJR130C	13.8
YNL320W	4932.YNL320W	13.8
EPT1	4932.YHR123W	13.8
MUD2	4932.YKL074C	13.8
CTK3	4932.YML112W	13.7
OPI1	4932.YHL020C	13.7
SYG1	4932.YIL047C	13.7
TOM1	4932.YDR457W	13.7
SEC5	4932.YDR166C	13.7
VHS2	4932.YIL135C	13.7
FHL1	4932.YPR104C	13.7
ERP5	4932.YHR110W	13.7
RGR1	4932.YLR071C	13.6
VAM3	4932.YOR106W	13.6
PRP21	4932.YJL203W	13.6
SAP190	4932.YKR028W	13.6
RAD1	4932.YPL022W	13.6
RHO4	4932.YKR055W	13.6
YUH1	4932.YJR099W	13.5
SEC20	4932.YDR498C	13.5
THG1	4932.YGR024C	13.5
NCS2	4932.YNL119W	13.5
GYP5	4932.YPL249C	13.5
COG3	4932.YER157W	13.4
MPS3	4932.YJL019W	13.4
FYV8	4932.YGR196C	13.4
JJJ1	4932.YNL227C	13.4
ISA2	4932.YPR067W	13.4
GCR2	4932.YNL199C	13.4
YLR345W	4932.YLR345W	13.4
SNF5	4932.YBR289W	13.3
YPK2	4932.YMR104C	13.3
MRPL40	4932.YPL173W	13.3
NUF2	4932.YOL069W	13.3
YPK3	4932.YBR028C	13.3
RSM18	4932.YER050C	13.2
RLF2	4932.YPR018W	13.2
PSY4	4932.YBL046W	13.2
MTW1	4932.YAL034W-A	13.2
RIB2	4932.YOL066C	13.2
IRC21	4932.YMR073C	13.2
ASK10	4932.YGR097W	13.2
BRF1	4932.YGR246C	13.2
RXT2	4932.YBR095C	13.2
CAC2	4932.YML102W	13.2
TOD6	4932.YBL054W	13.1
DEG1	4932.YFL001W	13.1
FAF1	4932.YIL019W	13.1
YIH1	4932.YCR059C	13.1
BUR2	4932.YLR226W	13.1
GEA1	4932.YJR031C	13.1
SMX2	4932.YFL017W-A	13.0
FAU1	4932.YER183C	13.0
BET4	4932.YJL031C	13.0
ECM31	4932.YBR176W	13.0
ARH1	4932.YDR376W	13.0
RSC30	4932.YHR056C	13.0
PRI2	4932.YKL045W	13.0
YJL218W	4932.YJL218W	13.0
YKR023W	4932.YKR023W	12.9
RDH54	4932.YBR073W	12.9
YPP1	4932.YGR198W	12.9
RAD53	4932.YPL153C	12.9
STE50	4932.YCL032W	12.9
POC4	4932.YPL144W	12.9
TES1	4932.YJR019C	12.9
OAR1	4932.YKL055C	12.8
MRPL7	4932.YDR237W	12.8
USE1	4932.YGL098W	12.8
GLE1	4932.YDL207W	12.8
EDC1	4932.YGL222C	12.8
CLP1	4932.YOR250C	12.8
YEH1	4932.YLL012W	12.8
HAA1	4932.YPR008W	12.8
SKG6	4932.YHR149C	12.7
TAF8	4932.YML114C	12.7
PBN1	4932.YCL052C	12.7
SRF1	4932.YDL133W	12.7
SIR3	4932.YLR442C	12.6
FBP26	4932.YJL155C	12.6
SAM35	4932.YHR083W	12.6
SGM1	4932.YJR134C	12.6
DNF1	4932.YER166W	12.6
YPQ2	4932.YDR352W	12.6
NBP2	4932.YDR162C	12.6
ECM32	4932.YER176W	12.6
TGL3	4932.YMR313C	12.6
YML082W	4932.YML082W	12.6
SEC3	4932.YER008C	12.6
FYV4	4932.YHR059W	12.5
VPS53	4932.YJL029C	12.5
FMC1	4932.YIL098C	12.5
APM1	4932.YPL259C	12.5
GCG1	4932.YER163C	12.5
DLS1	4932.YJL065C	12.5
IRR1	4932.YIL026C	12.5
HMG2	4932.YLR450W	12.5
GID8	4932.YMR135C	12.5
BIK1	4932.YCL029C	12.5
AIR1	4932.YIL079C	12.4
YTA7	4932.YGR270W	12.4
FOL3	4932.YMR113W	12.4
MLP2	4932.YIL149C	12.4
HSF1	4932.YGL073W	12.4
POP6	4932.YGR030C	12.4
OPY1	4932.YBR129C	12.4
SQS1	4932.YNL224C	12.4
AIM18	4932.YHR198C	12.4
CDC43	4932.YGL155W	12.4
GYP7	4932.YDL234C	12.4
PCL6	4932.YER059W	12.4
YCL012C	4932.YCL012C	12.3
OSH3	4932.YHR073W	12.3
COG6	4932.YNL041C	12.3
PPM1	4932.YDR435C	12.3
APS1	4932.YLR170C	12.3
SGV1	4932.YPR161C	12.3
YDR262W	4932.YDR262W	12.3
YHR045W	4932.YHR045W	12.3
ITC1	4932.YGL133W	12.2
YGL108C	4932.YGL108C	12.2
YOR1	4932.YGR281W	12.2
ACF4	4932.YJR083C	12.1
MSB2	4932.YGR014W	12.1
GID7	4932.YCL039W	12.1
CIP1	4932.YPL014W	12.1
ATG21	4932.YPL100W	12.1
DCD1	4932.YHR144C	12.1
YDC1	4932.YPL087W	12.1
LAA1	4932.YJL207C	12.1
LCD1	4932.YDR499W	12.1
YPL162C	4932.YPL162C	12.1
TRS85	4932.YDR108W	12.1
SIP5	4932.YMR140W	12.1
SSL2	4932.YIL143C	12.1
PBP2	4932.YBR233W	12.1
MRP10	4932.YDL045W-A	12.1
ROX3	4932.YBL093C	12.0
GIS1	4932.YDR096W	12.0
POA1	4932.YBR022W	12.0
FYV6	4932.YNL133C	12.0
PRP46	4932.YPL151C	12.0
SFP1	4932.YLR403W	12.0
PAH1	4932.YMR165C	12.0
CWC25	4932.YNL245C	12.0
MAC1	4932.YMR021C	12.0
CWC21	4932.YDR482C	12.0
COA3	4932.YJL062W-A	12.0
RRD1	4932.YIL153W	11.9
YNL143C	4932.YNL143C	11.9
CSE2	4932.YNR010W	11.9
GOT1	4932.YMR292W	11.9
COQ8	4932.YGL119W	11.9
SIP3	4932.YNL257C	11.9
MED11	4932.YMR112C	11.9
COG5	4932.YNL051W	11.9
UIP3	4932.YAR027W	11.9
ISA1	4932.YLL027W	11.9
ATR1	4932.YML116W	11.9
SHG1	4932.YBR258C	11.9
YPR089W	4932.YPR089W	11.9
MEF2	4932.YJL102W	11.9
CDC123	4932.YLR215C	11.8
BUD31	4932.YCR063W	11.8
MDV1	4932.YJL112W	11.8
SEN1	4932.YLR430W	11.8
COX1	4932.Q0045	11.8
YMR209C	4932.YMR209C	11.8
BTS1	4932.YPL069C	11.8
GTR2	4932.YGR163W	11.8
YPR147C	4932.YPR147C	11.7
ENV9	4932.YOR246C	11.7
ISC1	4932.YER019W	11.7
MCD4	4932.YKL165C	11.7
VID30	4932.YGL227W	11.6
SWC4	4932.YGR002C	11.6
KIN2	4932.YLR096W	11.6
HDA3	4932.YPR179C	11.6
SYF2	4932.YGR129W	11.5
VTC5	4932.YDR089W	11.5
DRN1	4932.YGR093W	11.5
MET31	4932.YPL038W	11.5
TOA1	4932.YOR194C	11.5
SOG2	4932.YOR353C	11.5
BCD1	4932.YHR040W	11.4
ADH4	4932.YGL256W	11.4
FZO1	4932.YBR179C	11.4
ALY2	4932.YJL084C	11.4
TFB5	4932.YDR079C-A	11.4
ORC4	4932.YPR162C	11.4
INP54	4932.YOL065C	11.4
RPN14	4932.YGL004C	11.3
MDR1	4932.YGR100W	11.3
SAM37	4932.YMR060C	11.3
AIM3	4932.YBR108W	11.3
ECM2	4932.YBR065C	11.3
ATF2	4932.YGR177C	11.3
SCM4	4932.YGR049W	11.3
UME6	4932.YDR207C	11.3
APL3	4932.YBL037W	11.3
IFM1	4932.YOL023W	11.3
PEX17	4932.YNL214W	11.3
SET3	4932.YKR029C	11.3
THP3	4932.YPR045C	11.3
ESC1	4932.YMR219W	11.3
NBP35	4932.YGL091C	11.3
PTP1	4932.YDL230W	11.2
CYR1	4932.YJL005W	11.2
RTC6	4932.YPL183W-A	11.2
CRG1	4932.YHR209W	11.2
VHT1	4932.YGR065C	11.2
RAD14	4932.YMR201C	11.2
RTC5	4932.YOR118W	11.2
ATP10	4932.YLR393W	11.2
GDT1	4932.YBR187W	11.2
STE7	4932.YDL159W	11.2
FAL1	4932.YDR021W	11.1
AIR2	4932.YDL175C	11.1
CTO1	4932.YCR015C	11.1
HIT1	4932.YJR055W	11.1
YSC83	4932.YHR017W	11.1
RCO1	4932.YMR075W	11.1
ICE2	4932.YIL090W	11.1
SPE1	4932.YKL184W	11.1
ECM4	4932.YKR076W	11.1
RGI2	4932.YIL057C	11.1
FMP33	4932.YJL161W	11.0
NTA1	4932.YJR062C	11.0
RAD59	4932.YDL059C	11.0
SRB7	4932.YDR308C	11.0
MTF1	4932.YMR228W	11.0
HSM3	4932.YBR272C	11.0
DAL7	4932.YIR031C	11.0
CPT1	4932.YNL130C	11.0
PSK1	4932.YAL017W	11.0
DSN1	4932.YIR010W	11.0
ERR2	4932.YPL281C	11.0
ALR1	4932.YOL130W	10.9
LGE1	4932.YPL055C	10.9
RAX2	4932.YLR084C	10.9
DAD2	4932.YKR083C	10.9
MTQ1	4932.YNL063W	10.9
URK1	4932.YNR012W	10.9
RRP36	4932.YOR287C	10.9
SPC105	4932.YGL093W	10.9
PSH1	4932.YOL054W	10.8
GPI8	4932.YDR331W	10.8
MRL1	4932.YPR079W	10.8
YNR048W	4932.YNR048W	10.8
KRE5	4932.YOR336W	10.8
DAT1	4932.YML113W	10.8
RSC1	4932.YGR056W	10.8
CHS3	4932.YBR023C	10.8
BUD3	4932.YCL014W	10.8
THI20	4932.YOL055C	10.8
OMS1	4932.YDR316W	10.7
YGR021W	4932.YGR021W	10.7
LEA1	4932.YPL213W	10.7
EXG2	4932.YDR261C	10.7
CUP2	4932.YGL166W	10.7
YDR239C	4932.YDR239C	10.7
ERR1	4932.YOR393W	10.7
ICP55	4932.YER078C	10.7
MHF2	4932.YDL160C-A	10.7
BCS1	4932.YDR375C	10.7
TSR3	4932.YOR006C	10.6
CUE3	4932.YGL110C	10.6
FLC3	4932.YGL139W	10.6
NOP19	4932.YGR251W	10.6
YKL023W	4932.YKL023W	10.6
SIW14	4932.YNL032W	10.6
YGR122W	4932.YGR122W	10.6
ROY1	4932.YMR258C	10.6
SEC8	4932.YPR055W	10.6
SAC7	4932.YDR389W	10.6
SET2	4932.YJL168C	10.6
RCN1	4932.YKL159C	10.6
YEH2	4932.YLR020C	10.5
RKR1	4932.YMR247C	10.5
TAF13	4932.YML098W	10.5
YOR238W	4932.YOR238W	10.5
FPK1	4932.YNR047W	10.5
DNF2	4932.YDR093W	10.5
PIB2	4932.YGL023C	10.5
POL2	4932.YNL262W	10.5
NMD2	4932.YHR077C	10.5
CWH43	4932.YCR017C	10.4
SRC1	4932.YML034W	10.4
PHO23	4932.YNL097C	10.4
CTK1	4932.YKL139W	10.4
SEC39	4932.YLR440C	10.4
VPS52	4932.YDR484W	10.4
STR3	4932.YGL184C	10.4
MRP21	4932.YBL090W	10.4
OMA1	4932.YKR087C	10.4
PXP1	4932.YEL020C	10.4
LOT5	4932.YKL183W	10.4
GUP1	4932.YGL084C	10.4
YOS9	4932.YDR057W	10.4
MKK2	4932.YPL140C	10.4
COQ3	4932.YOL096C	10.3
MSB1	4932.YOR188W	10.3
SPC42	4932.YKL042W	10.3
JEM1	4932.YJL073W	10.3
ECM19	4932.YLR390W	10.3
YAT2	4932.YER024W	10.3
UPF3	4932.YGR072W	10.3
BIG1	4932.YHR101C	10.2
DPB2	4932.YPR175W	10.2
PFF1	4932.YBR074W	10.2
YHR054C	4932.YHR054C	10.2
PTC1	4932.YDL006W	10.2
DBF20	4932.YPR111W	10.2
FET4	4932.YMR319C	10.2
KAP114	4932.YGL241W	10.2
CWC23	4932.YGL128C	10.2
TRP1	4932.YDR007W	10.2
PIR5	4932.YJL160C	10.2
SPC34	4932.YKR037C	10.2
SHE4	4932.YOR035C	10.2
YIF1	4932.YNL263C	10.2
RSM22	4932.YKL155C	10.1
YOR111W	4932.YOR111W	10.1
YKL075C	4932.YKL075C	10.1
FUN26	4932.YAL022C	10.1
COG1	4932.YGL223C	10.1
YNL217W	4932.YNL217W	10.1
PDR1	4932.YGL013C	10.1
BSD2	4932.YBR290W	10.1
RCR2	4932.YDR003W	10.1
YFR018C	4932.YFR018C	10.1
APL1	4932.YJR005W	10.0
TFB6	4932.YOR352W	10.0
CNE1	4932.YAL058W	10.0
ERR3	4932.YMR323W	10.0
NUD1	4932.YOR373W	10.0
TFC6	4932.YDR362C	9.99
PDC2	4932.YDR081C	9.98
MTQ2	4932.YDR140W	9.98
NTE1	4932.YML059C	9.97
SKS1	4932.YPL026C	9.96
ISY1	4932.YJR050W	9.93
CLB2	4932.YPR119W	9.93
SPL2	4932.YHR136C	9.93
INN1	4932.YNL152W	9.91
EAF5	4932.YEL018W	9.91
RPH1	4932.YER169W	9.89
EGO2	4932.YCR075W-A	9.89
PET100	4932.YDR079W	9.88
PEP5	4932.YMR231W	9.87
PPN1	4932.YDR452W	9.86
AMS1	4932.YGL156W	9.85
RSA1	4932.YPL193W	9.85
PKH1	4932.YDR490C	9.83
RPM2	4932.YML091C	9.83
YLR001C	4932.YLR001C	9.83
EMI1	4932.YDR512C	9.83
BRR2	4932.YER172C	9.81
FAD1	4932.YDL045C	9.8
APM4	4932.YOL062C	9.8
SSL1	4932.YLR005W	9.8
LAS21	4932.YJL062W	9.8
SIR4	4932.YDR227W	9.8
SHY1	4932.YGR112W	9.79
HSH155	4932.YMR288W	9.78
RNH202	4932.YDR279W	9.77
YHL012W	4932.YHL012W	9.75
PIN2	4932.YOR104W	9.74
BDF2	4932.YDL070W	9.74
YMR102C	4932.YMR102C	9.74
MKS1	4932.YNL076W	9.73
CSE4	4932.YKL049C	9.73
RTT107	4932.YHR154W	9.72
PEX13	4932.YLR191W	9.72
MET16	4932.YPR167C	9.72
PIK1	4932.YNL267W	9.71
CLA4	4932.YNL298W	9.69
SYC1	4932.YOR179C	9.69
YGL159W	4932.YGL159W	9.68
HDA2	4932.YDR295C	9.68
SEC6	4932.YIL068C	9.68
KRE28	4932.YDR532C	9.65
SRO7	4932.YPR032W	9.65
PEX12	4932.YMR026C	9.64
PRP4	4932.YPR178W	9.63
ATE1	4932.YGL017W	9.62
UBC12	4932.YLR306W	9.62
KEX2	4932.YNL238W	9.6
ESA1	4932.YOR244W	9.6
DIG2	4932.YDR480W	9.6
NHX1	4932.YDR456W	9.59
HIR2	4932.YOR038C	9.59
MSN4	4932.YKL062W	9.58
BDH2	4932.YAL061W	9.58
ECM21	4932.YBL101C	9.58
BMT5	4932.YIL096C	9.57
KIC1	4932.YHR102W	9.56
NVJ1	4932.YHR195W	9.56
YBR197C	4932.YBR197C	9.55
DPB3	4932.YBR278W	9.55
STE5	4932.YDR103W	9.53
SMC2	4932.YFR031C	9.53
ATG18	4932.YFR021W	9.52
MBA1	4932.YBR185C	9.52
UBR1	4932.YGR184C	9.51
TCA17	4932.YEL048C	9.46
BNI1	4932.YNL271C	9.43
TMS1	4932.YDR105C	9.43
SET1	4932.YHR119W	9.42
SAC3	4932.YDR159W	9.41
FKH2	4932.YNL068C	9.41
AGP2	4932.YBR132C	9.4
MDM32	4932.YOR147W	9.39
YEL043W	4932.YEL043W	9.38
SWI1	4932.YPL016W	9.38
ELA1	4932.YNL230C	9.38
VPS34	4932.YLR240W	9.36
ATG3	4932.YNR007C	9.35
RIO1	4932.YOR119C	9.34
NEO1	4932.YIL048W	9.34
UMP1	4932.YBR173C	9.33
STV1	4932.YMR054W	9.33
BDP1	4932.YNL039W	9.3
PSF2	4932.YJL072C	9.3
MID1	4932.YNL291C	9.3
COG7	4932.YGL005C	9.29
FDO1	4932.YMR144W	9.27
YTH1	4932.YPR107C	9.25
ENA5	4932.YDR038C	9.2
SEC15	4932.YGL233W	9.19
ADY2	4932.YCR010C	9.19
VPS33	4932.YLR396C	9.16
MSL1	4932.YIR009W	9.16
RAD10	4932.YML095C	9.11
TGL4	4932.YKR089C	9.11
BLI1	4932.YKL061W	9.11
GPI13	4932.YLL031C	9.11
TOF2	4932.YKR010C	9.1
RAD50	4932.YNL250W	9.1
DAD4	4932.YDR320C-A	9.09
RBS1	4932.YDL189W	9.09
RIM20	4932.YOR275C	9.09
GMH1	4932.YKR030W	9.07
TPT1	4932.YOL102C	9.06
VPS51	4932.YKR020W	9.05
ZRT3	4932.YKL175W	9.04
RNY1	4932.YPL123C	9.04
CAX4	4932.YGR036C	9.04
MPC3	4932.YGR243W	9.03
MSF1	4932.YPR047W	9.02
YLL032C	4932.YLL032C	9.02
YAF9	4932.YNL107W	9.0
MDJ2	4932.YNL328C	8.99
URH1	4932.YDR400W	8.99
MSY1	4932.YPL097W	8.99
SIC1	4932.YLR079W	8.99
SLU7	4932.YDR088C	8.98
DIB1	4932.YPR082C	8.98
YOL019W	4932.YOL019W	8.97
YML020W	4932.YML020W	8.97
DHR2	4932.YKL078W	8.95
YAR028W	4932.YAR028W	8.95
HOS2	4932.YGL194C	8.94
INA22	4932.YIR024C	8.94
CHS7	4932.YHR142W	8.94
ROD1	4932.YOR018W	8.92
CIT3	4932.YPR001W	8.91
WSC2	4932.YNL283C	8.91
BAS1	4932.YKR099W	8.91
BNI4	4932.YNL233W	8.91
ATG20	4932.YDL113C	8.9
UBP13	4932.YBL067C	8.9
MRM1	4932.YOR201C	8.88
PET54	4932.YGR222W	8.86
PUF2	4932.YPR042C	8.84
OCA4	4932.YCR095C	8.83
FIN1	4932.YDR130C	8.8
DIF1	4932.YLR437C	8.8
TPH3	4932.YJL016W	8.78
PRP3	4932.YDR473C	8.75
NCA2	4932.YPR155C	8.75
SFL1	4932.YOR140W	8.74
THI6	4932.YPL214C	8.73
MRF1	4932.YGL143C	8.73
KIN4	4932.YOR233W	8.72
LDB19	4932.YOR322C	8.71
ICL2	4932.YPR006C	8.71
YNR014W	4932.YNR014W	8.7
SPP381	4932.YBR152W	8.7
PRK1	4932.YIL095W	8.7
PEX1	4932.YKL197C	8.69
ALT2	4932.YDR111C	8.69
FLC2	4932.YAL053W	8.68
BUD2	4932.YKL092C	8.68
YLR125W	4932.YLR125W	8.67
RTS2	4932.YOR077W	8.67
EDC2	4932.YER035W	8.67
YBL086C	4932.YBL086C	8.66
INP2	4932.YMR163C	8.63
DAS2	4932.YDR020C	8.62
IRC15	4932.YPL017C	8.6
YMR075C-A	4932.YMR075C-A	8.6
CWC2	4932.YDL209C	8.59
PSK2	4932.YOL045W	8.57
TDA2	4932.YER071C	8.55
CBP2	4932.YHL038C	8.54
ORC1	4932.YML065W	8.53
YLR460C	4932.YLR460C	8.52
SPS100	4932.YHR139C	8.5
TAP42	4932.YMR028W	8.5
PKP1	4932.YIL042C	8.49
PEX3	4932.YDR329C	8.47
BUD4	4932.YJR092W	8.47
GCN4	4932.YEL009C	8.47
ZRT2	4932.YLR130C	8.46
WHI5	4932.YOR083W	8.45
SIP1	4932.YDR422C	8.45
YHL018W	4932.YHL018W	8.44
SCS3	4932.YGL126W	8.43
TFC4	4932.YGR047C	8.42
UPS2	4932.YLR168C	8.42
SEA4	4932.YBL104C	8.41
OSW7	4932.YFR039C	8.4
RKM3	4932.YBR030W	8.39
RAM1	4932.YDL090C	8.39
STE6	4932.YKL209C	8.36
SWS2	4932.YNL081C	8.36
RNH70	4932.YGR276C	8.35
CHM7	4932.YJL049W	8.35
YAE1	4932.YJR067C	8.33
COQ4	4932.YDR204W	8.33
IOC4	4932.YMR044W	8.33
THP1	4932.YOL072W	8.33
VPS16	4932.YPL045W	8.32
DMA1	4932.YHR115C	8.31
GTR1	4932.YML121W	8.31
SPO24	4932.YPR036W-A	8.31
GPB1	4932.YOR371C	8.3
GDS1	4932.YOR355W	8.29
YCR038W-A	4932.YCR038W-A	8.28
SCY1	4932.YGL083W	8.27
FUB1	4932.YCR076C	8.27
CFT2	4932.YLR115W	8.26
HSL7	4932.YBR133C	8.26
MSK1	4932.YNL073W	8.26
RGM1	4932.YMR182C	8.26
NHA1	4932.YLR138W	8.25
MCM10	4932.YIL150C	8.25
PTC4	4932.YBR125C	8.25
SWP82	4932.YFL049W	8.24
UFE1	4932.YOR075W	8.24
CSM3	4932.YMR048W	8.24
CTI6	4932.YPL181W	8.23
SNF2	4932.YOR290C	8.22
COS1	4932.YNL336W	8.21
ECM38	4932.YLR299W	8.19
YKR078W	4932.YKR078W	8.19
HEM25	4932.YDL119C	8.18
DUS4	4932.YLR405W	8.18
RNH201	4932.YNL072W	8.17
DAL81	4932.YIR023W	8.17
SYS1	4932.YJL004C	8.16
TAH11	4932.YJR046W	8.15
GCN2	4932.YDR283C	8.14
SOH1	4932.YGL127C	8.14
HAL5	4932.YJL165C	8.13
PHO90	4932.YJL198W	8.12
HAP2	4932.YGL237C	8.12
ATG32	4932.YIL146C	8.12
BTT1	4932.YDR252W	8.11
AST2	4932.YER101C	8.11
MRS1	4932.YIR021W	8.11
IRC25	4932.YLR021W	8.1
DOA4	4932.YDR069C	8.08
CHS1	4932.YNL192W	8.08
TAF2	4932.YCR042C	8.06
PRP9	4932.YDL030W	8.06
STE14	4932.YDR410C	8.05
PMT7	4932.YDR307W	8.03
MPO1	4932.YGL010W	8.02
ENA2	4932.YDR039C	8.01
PXA2	4932.YKL188C	8.01
HAC1	4932.YFL031W	7.99
NRM1	4932.YNR009W	7.98
SBE22	4932.YHR103W	7.97
NTR2	4932.YKR022C	7.96
MTF2	4932.YDL044C	7.96
YIP4	4932.YGL198W	7.95
SED4	4932.YCR067C	7.94
YGR125W	4932.YGR125W	7.94
AIM23	4932.YJL131C	7.93
CPR8	4932.YNR028W	7.91
CNM67	4932.YNL225C	7.91
MEP3	4932.YPR138C	7.91
UIP4	4932.YPL186C	7.9
IRC23	4932.YOR044W	7.89
OST6	4932.YML019W	7.87
CFT1	4932.YDR301W	7.87
RAD33	4932.YML011C	7.86
BRL1	4932.YHR036W	7.85
VHS1	4932.YDR247W	7.85
MCP2	4932.YLR253W	7.84
SNT1	4932.YCR033W	7.83
COA4	4932.YLR218C	7.83
YAK1	4932.YJL141C	7.82
AIM34	4932.YMR003W	7.82
CAF4	4932.YKR036C	7.82
RAV2	4932.YDR202C	7.81
EKI1	4932.YDR147W	7.81
VPS20	4932.YMR077C	7.8
MSE1	4932.YOL033W	7.8
TEC1	4932.YBR083W	7.79
PEX5	4932.YDR244W	7.79
MBP1	4932.YDL056W	7.77
SWC3	4932.YAL011W	7.77
PMT3	4932.YOR321W	7.77
HXT4	4932.YHR092C	7.77
CAD1	4932.YDR423C	7.75
RSF1	4932.YMR030W	7.74
INP52	4932.YNL106C	7.73
AIM10	4932.YER087W	7.73
STP2	4932.YHR006W	7.72
CDC5	4932.YMR001C	7.71
IWR1	4932.YDL115C	7.69
SWC7	4932.YLR385C	7.68
MHO1	4932.YJR008W	7.68
SEG2	4932.YKL105C	7.68
YML007C-A	4932.YML007C-A	7.67
YJR087W	4932.YJR087W	7.67
POP8	4932.YBL018C	7.67
HER1	4932.YOR227W	7.66
CSN9	4932.YDR179C	7.65
YAP1801	4932.YHR161C	7.64
YGR201C	4932.YGR201C	7.64
YGR126W	4932.YGR126W	7.64
UGO1	4932.YDR470C	7.64
KKQ8	4932.YKL168C	7.63
PRM5	4932.YIL117C	7.63
MOD5	4932.YOR274W	7.62
CDC25	4932.YLR310C	7.61
SPC29	4932.YPL124W	7.61
BUL1	4932.YMR275C	7.6
TIM22	4932.YDL217C	7.6
YPK9	4932.YOR291W	7.6
EPL1	4932.YFL024C	7.59
TCO89	4932.YPL180W	7.58
SWE1	4932.YJL187C	7.58
AAR2	4932.YBL074C	7.58
FMP25	4932.YLR077W	7.57
PEX29	4932.YDR479C	7.55
MMT1	4932.YMR177W	7.53
DCC1	4932.YCL016C	7.51
PIF1	4932.YML061C	7.5
ENV11	4932.YGR071C	7.49
NTC20	4932.YBR188C	7.49
SLP1	4932.YOR154W	7.46
DNA2	4932.YHR164C	7.46
PET8	4932.YNL003C	7.46
NKP2	4932.YLR315W	7.46
RNH203	4932.YLR154C	7.45
OCA6	4932.YDR067C	7.45
MTH1	4932.YDR277C	7.44
AIM11	4932.YER093C-A	7.43
TAH18	4932.YPR048W	7.41
FMS1	4932.YMR020W	7.4
MSS4	4932.YDR208W	7.39
YLR177W	4932.YLR177W	7.39
IST3	4932.YIR005W	7.38
SSK1	4932.YLR006C	7.36
SNU23	4932.YDL098C	7.36
PRP38	4932.YGR075C	7.36
YMD8	4932.YML038C	7.35
SRN2	4932.YLR119W	7.34
LOT6	4932.YLR011W	7.34
PSR2	4932.YLR019W	7.32
AHC2	4932.YCR082W	7.32
NKP1	4932.YDR383C	7.32
JJJ3	4932.YJR097W	7.32
CCM1	4932.YGR150C	7.31
TAZ1	4932.YPR140W	7.3
GEP7	4932.YGL057C	7.3
SMC4	4932.YLR086W	7.29
YKU70	4932.YMR284W	7.27
SLS1	4932.YLR139C	7.27
RRT8	4932.YOL048C	7.26
FOB1	4932.YDR110W	7.26
OKP1	4932.YGR179C	7.26
DEP1	4932.YAL013W	7.26
WAR1	4932.YML076C	7.26
PIR3	4932.YKL163W	7.25
POG1	4932.YIL122W	7.24
STB1	4932.YNL309W	7.23
VPS54	4932.YDR027C	7.21
BUL2	4932.YML111W	7.21
YNG2	4932.YHR090C	7.19
TGL5	4932.YOR081C	7.19
MNT3	4932.YIL014W	7.15
AZF1	4932.YOR113W	7.14
NEM1	4932.YHR004C	7.14
SPC97	4932.YHR172W	7.14
SNU56	4932.YDR240C	7.14
BCH2	4932.YKR027W	7.13
HUL5	4932.YGL141W	7.12
YSP2	4932.YDR326C	7.12
BUD7	4932.YOR299W	7.11
PEX6	4932.YNL329C	7.09
YIP5	4932.YGL161C	7.09
LRO1	4932.YNR008W	7.08
PRP39	4932.YML046W	7.07
HMS2	4932.YJR147W	7.04
YTA6	4932.YPL074W	7.03
DMA2	4932.YNL116W	7.02
EAF1	4932.YDR359C	7.02
OCT1	4932.YKL134C	7.02
MET2	4932.YNL277W	7.01
AME1	4932.YBR211C	7.01
RMD8	4932.YFR048W	7.0
ORC6	4932.YHR118C	6.99
CAF120	4932.YNL278W	6.99
YIL165C	4932.YIL165C	6.96
SRX1	4932.YKL086W	6.96
YCG1	4932.YDR325W	6.96
SUR1	4932.YPL057C	6.96
RPI1	4932.YIL119C	6.96
SLM2	4932.YNL047C	6.94
GCR1	4932.YPL075W	6.94
YOR161C-C	4932.YOR161C-C	6.94
VHS3	4932.YOR054C	6.93
CDC50	4932.YCR094W	6.91
PRM8	4932.YGL053W	6.9
AVT1	4932.YJR001W	6.89
COQ10	4932.YOL008W	6.88
CDC27	4932.YBL084C	6.87
MMR1	4932.YLR190W	6.87
TEA1	4932.YOR337W	6.87
RRD2	4932.YPL152W	6.86
YOL107W	4932.YOL107W	6.85
YFH7	4932.YFR007W	6.85
OCA2	4932.YNL056W	6.85
AIF1	4932.YNR074C	6.84
GEP4	4932.YHR100C	6.84
YGL185C	4932.YGL185C	6.84
RTC1	4932.YOL138C	6.84
HAP3	4932.YBL021C	6.83
PHO4	4932.YFR034C	6.81
BSP1	4932.YPR171W	6.8
IDS2	4932.YJL146W	6.8
HFA1	4932.YMR207C	6.78
MRP17	4932.YKL003C	6.78
PEX10	4932.YDR265W	6.77
PEX4	4932.YGR133W	6.77
FMP32	4932.YFL046W	6.77
USA1	4932.YML029W	6.76
YDR124W	4932.YDR124W	6.75
STP3	4932.YLR375W	6.74
CTF18	4932.YMR078C	6.73
SAD1	4932.YFR005C	6.73
MIX23	4932.YBL107C	6.72
YOL159C-A	4932.YOL159C-A	6.71
AVT7	4932.YIL088C	6.7
TMN3	4932.YER113C	6.7
OPY2	4932.YPR075C	6.69
YPT11	4932.YNL304W	6.69
COS6	4932.YGR295C	6.68
CFD1	4932.YIL003W	6.68
PRP45	4932.YAL032C	6.68
TLG1	4932.YDR468C	6.67
SNP1	4932.YIL061C	6.67
YJR056C	4932.YJR056C	6.65
YEL073C	4932.YEL073C	6.65
TFC3	4932.YAL001C	6.64
CMG1	4932.YLR271W	6.63
DIA1	4932.YMR316W	6.63
STE11	4932.YLR362W	6.62
YLR352W	4932.YLR352W	6.61
HPF1	4932.YOL155C	6.61
MRX3	4932.YBL095W	6.58
THI7	4932.YLR237W	6.57
VPS55	4932.YJR044C	6.56
PNT1	4932.YOR266W	6.56
SNX41	4932.YDR425W	6.56
ULP1	4932.YPL020C	6.55
SWI4	4932.YER111C	6.55
YPR098C	4932.YPR098C	6.55
YDR461C-A	4932.YDR461C-A	6.55
RRT2	4932.YBR246W	6.54
SCO2	4932.YBR024W	6.52
PEP12	4932.YOR036W	6.52
YBP2	4932.YGL060W	6.51
SPI1	4932.YER150W	6.51
PRP8	4932.YHR165C	6.5
SAT4	4932.YCR008W	6.5
CAK1	4932.YFL029C	6.48
CIN2	4932.YPL241C	6.48
HOF1	4932.YMR032W	6.47
TRM12	4932.YML005W	6.47
NAF1	4932.YNL124W	6.47
TPN1	4932.YGL186C	6.45
HAP1	4932.YLR256W	6.42
LUC7	4932.YDL087C	6.41
EAF6	4932.YJR082C	6.41
YML096W	4932.YML096W	6.39
PET117	4932.YER058W	6.39
HXT5	4932.YHR096C	6.39
VHR1	4932.YIL056W	6.39
POP3	4932.YNL282W	6.39
FRE7	4932.YOL152W	6.38
PCL7	4932.YIL050W	6.38
ATF1	4932.YOR377W	6.37
BXI1	4932.YNL305C	6.37
SPP1	4932.YPL138C	6.37
CDC7	4932.YDL017W	6.37
YGL140C	4932.YGL140C	6.37
YBL111C	4932.YBL111C	6.36
SPG4	4932.YMR107W	6.35
YOL134C	4932.YOL134C	6.35
BMT6	4932.YLR063W	6.35
VPS28	4932.YPL065W	6.34
RAV1	4932.YJR033C	6.33
ARG82	4932.YDR173C	6.33
MUK1	4932.YPL070W	6.32
NCR1	4932.YPL006W	6.32
EBS1	4932.YDR206W	6.32
SWI5	4932.YDR146C	6.31
ECM30	4932.YLR436C	6.3
YPL107W	4932.YPL107W	6.3
SWC5	4932.YBR231C	6.29
POP1	4932.YNL221C	6.29
PRP40	4932.YKL012W	6.28
TAD3	4932.YLR316C	6.27
PRP28	4932.YDR243C	6.26
YIL077C	4932.YIL077C	6.26
MRS3	4932.YJL133W	6.25
PET127	4932.YOR017W	6.23
REX3	4932.YLR107W	6.23
PDR10	4932.YOR328W	6.23
YMR262W	4932.YMR262W	6.22
YGL117W	4932.YGL117W	6.21
MDS3	4932.YGL197W	6.21
YKE4	4932.YIL023C	6.21
FIG4	4932.YNL325C	6.2
GLN3	4932.YER040W	6.2
SPO14	4932.YKR031C	6.2
SPO7	4932.YAL009W	6.19
SRL2	4932.YLR082C	6.19
RGC1	4932.YPR115W	6.18
VPS41	4932.YDR080W	6.18
DOT1	4932.YDR440W	6.18
CCZ1	4932.YBR131W	6.18
IBA57	4932.YJR122W	6.16
RCY1	4932.YJL204C	6.16
LCB5	4932.YLR260W	6.15
YGL165C	4932.YGL165C	6.15
PMD1	4932.YER132C	6.14
MNR2	4932.YKL064W	6.14
DOG1	4932.YHR044C	6.13
PSF1	4932.YDR013W	6.13
ATG4	4932.YNL223W	6.12
CDC15	4932.YAR019C	6.12
RFM1	4932.YOR279C	6.11
IRA2	4932.YOL081W	6.11
SIP18	4932.YMR175W	6.09
MAK10	4932.YEL053C	6.08
PRP18	4932.YGR006W	6.08
YOR248W	4932.YOR248W	6.08
YOR062C	4932.YOR062C	6.08
YBR238C	4932.YBR238C	6.08
SLX5	4932.YDL013W	6.08
PEX22	4932.YAL055W	6.07
SKI7	4932.YOR076C	6.07
PRY2	4932.YKR013W	6.07
OGG1	4932.YML060W	6.06
TIM18	4932.YOR297C	6.06
MSD1	4932.YPL104W	6.05
RIM101	4932.YHL027W	6.03
MEP1	4932.YGR121C	6.02
ALG6	4932.YOR002W	6.02
POL31	4932.YJR006W	6.01
FUS2	4932.YMR232W	6.0
CWC22	4932.YGR278W	5.99
YHC1	4932.YLR298C	5.99
RTS3	4932.YGR161C	5.98
HIR1	4932.YBL008W	5.98
PET112	4932.YBL080C	5.98
ADR1	4932.YDR216W	5.98
CWC27	4932.YPL064C	5.97
CDC23	4932.YHR166C	5.97
FBP1	4932.YLR377C	5.96
YNL190W	4932.YNL190W	5.96
SWD1	4932.YAR003W	5.96
CHK1	4932.YBR274W	5.96
KIP3	4932.YGL216W	5.96
ACE2	4932.YLR131C	5.95
ELC1	4932.YPL046C	5.95
URN1	4932.YPR152C	5.94
HOS4	4932.YIL112W	5.94
AIM4	4932.YBR194W	5.93
VPS72	4932.YDR485C	5.93
PML39	4932.YML107C	5.92
CPR2	4932.YHR057C	5.92
STU1	4932.YBL034C	5.9
GTF1	4932.YGR102C	5.89
GWT1	4932.YJL091C	5.87
MFB1	4932.YDR219C	5.87
BRE2	4932.YLR015W	5.87
YGR237C	4932.YGR237C	5.86
GYP1	4932.YOR070C	5.86
HTD2	4932.YHR067W	5.85
PEX31	4932.YGR004W	5.85
PPZ2	4932.YDR436W	5.84
BRN1	4932.YBL097W	5.83
DSS1	4932.YMR287C	5.83
KTR7	4932.YIL085C	5.83
ALK1	4932.YGL021W	5.83
YUR1	4932.YJL139C	5.83
HUA1	4932.YGR268C	5.82
YER084W	4932.YER084W	5.82
ARP6	4932.YLR085C	5.8
CTK2	4932.YJL006C	5.8
BPT1	4932.YLL015W	5.8
EGH1	4932.YIR007W	5.79
OXR1	4932.YPL196W	5.79
SPC72	4932.YAL047C	5.79
YGR269W	4932.YGR269W	5.78
GEP3	4932.YOR205C	5.78
ORC3	4932.YLL004W	5.78
SAS4	4932.YDR181C	5.77
SKN1	4932.YGR143W	5.77
TAM41	4932.YGR046W	5.77
PAN2	4932.YGL094C	5.77
RIC1	4932.YLR039C	5.76
TFC8	4932.YPL007C	5.76
HRD1	4932.YOL013C	5.76
RIM4	4932.YHL024W	5.75
OPT1	4932.YJL212C	5.74
YJR015W	4932.YJR015W	5.74
PPH3	4932.YDR075W	5.74
YER190C-A	4932.YER190C-A	5.74
YGR296C-A	4932.YGR296C-A	5.74
YML133W-A	4932.YML133W-A	5.74
YNL339W-A	4932.YNL339W-A	5.74
YPL283W-A	4932.YPL283W-A	5.74
PFA3	4932.YNL326C	5.72
PNS1	4932.YOR161C	5.72
FMP40	4932.YPL222W	5.72
STT4	4932.YLR305C	5.7
SNU71	4932.YGR013W	5.69
LRS4	4932.YDR439W	5.69
PRP16	4932.YKR086W	5.69
POF1	4932.YCL047C	5.69
SWR1	4932.YDR334W	5.68
PHO87	4932.YCR037C	5.67
YMC2	4932.YBR104W	5.67
MIG2	4932.YGL209W	5.67
RAD5	4932.YLR032W	5.67
YMR253C	4932.YMR253C	5.67
ASH1	4932.YKL185W	5.66
RGA2	4932.YDR379W	5.66
FAR11	4932.YNL127W	5.65
SLH1	4932.YGR271W	5.63
MSN1	4932.YOL116W	5.62
MSM1	4932.YGR171C	5.61
ARK1	4932.YNL020C	5.61
ACM1	4932.YPL267W	5.61
VPS71	4932.YML041C	5.61
ERV15	4932.YBR210W	5.6
YDR464C-A	4932.YDR464C-A	5.58
ANY1	4932.YMR010W	5.58
YBR241C	4932.YBR241C	5.58
CTM1	4932.YHR109W	5.57
BYE1	4932.YKL005C	5.57
PDE1	4932.YGL248W	5.57
YLR278C	4932.YLR278C	5.56
POL32	4932.YJR043C	5.56
APC11	4932.YDL008W	5.54
LTO1	4932.YNL260C	5.54
IRA1	4932.YBR140C	5.53
BUD16	4932.YEL029C	5.53
YOR342C	4932.YOR342C	5.52
PPM2	4932.YOL141W	5.52
YMR147W	4932.YMR147W	5.52
ATP23	4932.YNR020C	5.51
CEP3	4932.YMR168C	5.49
GAL10	4932.YBR019C	5.49
CBF2	4932.YGR140W	5.48
APS2	4932.YJR058C	5.48
FRK1	4932.YPL141C	5.48
PRP22	4932.YER013W	5.48
MAD2	4932.YJL030W	5.48
PLP1	4932.YDR183W	5.47
AVT3	4932.YKL146W	5.47
GPI12	4932.YMR281W	5.47
VNX1	4932.YNL321W	5.46
UBX3	4932.YDL091C	5.44
GUT1	4932.YHL032C	5.44
CPR4	4932.YCR069W	5.42
AXL2	4932.YIL140W	5.42
MET8	4932.YBR213W	5.42
SNN1	4932.YNL086W	5.42
MSB3	4932.YNL293W	5.42
PUS6	4932.YGR169C	5.41
YJR011C	4932.YJR011C	5.41
YFR045W	4932.YFR045W	5.41
AEP2	4932.YMR282C	5.39
CCE1	4932.YKL011C	5.39
AQR1	4932.YNL065W	5.39
NGL1	4932.YOL042W	5.39
CUS2	4932.YNL286W	5.39
PPE1	4932.YHR075C	5.38
SAL1	4932.YNL083W	5.38
RIT1	4932.YMR283C	5.38
YJR098C	4932.YJR098C	5.37
YDL057W	4932.YDL057W	5.35
SRS2	4932.YJL092W	5.34
SPT14	4932.YPL175W	5.33
SAK1	4932.YER129W	5.33
NAM2	4932.YLR382C	5.33
ATG1	4932.YGL180W	5.32
MMS21	4932.YEL019C	5.32
YCS4	4932.YLR272C	5.31
PRP31	4932.YGR091W	5.31
FZF1	4932.YGL254W	5.3
MLH1	4932.YMR167W	5.3
RCR1	4932.YBR005W	5.3
YLR108C	4932.YLR108C	5.29
UPS1	4932.YLR193C	5.29
ARL3	4932.YPL051W	5.28
GIP4	4932.YAL031C	5.28
SOK1	4932.YDR006C	5.27
YPS7	4932.YDR349C	5.27
GZF3	4932.YJL110C	5.27
YDR090C	4932.YDR090C	5.27
COS8	4932.YHL048W	5.26
GPI14	4932.YJR013W	5.25
VIK1	4932.YPL253C	5.25
YDR034W-B	4932.YDR034W-B	5.25
SRL1	4932.YOR247W	5.24
PIB1	4932.YDR313C	5.24
AIM32	4932.YML050W	5.23
YBR285W	4932.YBR285W	5.23
RNH1	4932.YMR234W	5.23
RAD4	4932.YER162C	5.23
FAR7	4932.YFR008W	5.21
GIS4	4932.YML006C	5.21
EFM2	4932.YBR271W	5.2
DBR1	4932.YKL149C	5.18
PLB2	4932.YMR006C	5.17
AQY1	4932.YPR192W	5.16
SAS5	4932.YOR213C	5.16
RIM8	4932.YGL045W	5.15
YNL011C	4932.YNL011C	5.15
DCR2	4932.YLR361C	5.13
GLG2	4932.YJL137C	5.13
SAP1	4932.YER047C	5.12
JLP2	4932.YMR132C	5.11
MMM1	4932.YLL006W	5.1
ATG15	4932.YCR068W	5.1
RSF2	4932.YJR127C	5.09
SSK2	4932.YNR031C	5.08
SIT1	4932.YEL065W	5.07
FMP42	4932.YMR221C	5.07
VPS36	4932.YLR417W	5.07
PAD1	4932.YDR538W	5.05
COX10	4932.YPL172C	5.05
NTH2	4932.YBR001C	5.05
GIS3	4932.YLR094C	5.05
CYC2	4932.YOR037W	5.04
SAP4	4932.YGL229C	5.04
TDA9	4932.YML081W	5.04
LAM6	4932.YLR072W	5.03
MRC1	4932.YCL061C	5.02
NUR1	4932.YDL089W	5.02
HAP5	4932.YOR358W	5.02
MSH3	4932.YCR092C	5.02
FYV10	4932.YIL097W	5.01
AFT1	4932.YGL071W	5.01
YBL010C	4932.YBL010C	5.0
TOF1	4932.YNL273W	5.0
SLO1	4932.YER180C-A	5.0
FEN2	4932.YCR028C	5.0
RMD1	4932.YDL001W	4.99
VAM6	4932.YDL077C	4.99
GYP8	4932.YFL027C	4.97
JIP4	4932.YDR475C	4.97
ESC2	4932.YDR363W	4.96
FMP27	4932.YLR454W	4.96
CYT2	4932.YKL087C	4.96
ACA1	4932.YER045C	4.96
IFH1	4932.YLR223C	4.96
MPS1	4932.YDL028C	4.95
NNF2	4932.YGR089W	4.94
EAR1	4932.YMR171C	4.94
YKR075C	4932.YKR075C	4.94
HOL1	4932.YNR055C	4.94
VID28	4932.YIL017C	4.93
CTF19	4932.YPL018W	4.93
RDS2	4932.YPL133C	4.92
YKL018C-A	4932.YKL018C-A	4.91
CDC40	4932.YDR364C	4.91
RLM1	4932.YPL089C	4.91
YDR222W	4932.YDR222W	4.91
SPP41	4932.YDR464W	4.91
LDH1	4932.YBR204C	4.9
NDL1	4932.YLR254C	4.9
GUF1	4932.YLR289W	4.9
HSV2	4932.YGR223C	4.88
MUD1	4932.YBR119W	4.87
YNR005C	4932.YNR005C	4.87
SRD1	4932.YCR018C	4.86
TRS65	4932.YGR166W	4.86
YLF2	4932.YHL014C	4.85
YNL046W	4932.YNL046W	4.85
NAR1	4932.YNL240C	4.84
VPS3	4932.YDR495C	4.84
IPA1	4932.YJR141W	4.83
SUV3	4932.YPL029W	4.82
HSK3	4932.YKL138C-A	4.81
HOT1	4932.YMR172W	4.81
NPP1	4932.YCR026C	4.81
TYE7	4932.YOR344C	4.81
YPL191C	4932.YPL191C	4.81
VPS25	4932.YJR102C	4.8
APP1	4932.YNL094W	4.8
YDR514C	4932.YDR514C	4.79
ROM2	4932.YLR371W	4.79
WSC3	4932.YOL105C	4.79
SEN2	4932.YLR105C	4.79
MSS2	4932.YDL107W	4.79
PRP42	4932.YDR235W	4.78
RMR1	4932.YGL250W	4.78
ALG14	4932.YBR070C	4.77
TRS20	4932.YBR254C	4.77
PKH2	4932.YOL100W	4.77
FRT2	4932.YAL028W	4.76
GPX1	4932.YKL026C	4.76
INM2	4932.YDR287W	4.76
FAT3	4932.YKL187C	4.76
SCC2	4932.YDR180W	4.76
SNU66	4932.YOR308C	4.76
CUS1	4932.YMR240C	4.76
SMC5	4932.YOL034W	4.76
TRS120	4932.YDR407C	4.76
CBP1	4932.YJL209W	4.75
MNE1	4932.YOR350C	4.75
MHT1	4932.YLL062C	4.75
TOR1	4932.YJR066W	4.74
ECM22	4932.YLR228C	4.74
PEX15	4932.YOL044W	4.74
SLD7	4932.YOR060C	4.74
FAR1	4932.YJL157C	4.72
ARG2	4932.YJL071W	4.71
YMR1	4932.YJR110W	4.71
NBP1	4932.YLR457C	4.71
MPS2	4932.YGL075C	4.7
AVO2	4932.YMR068W	4.69
CSI2	4932.YOL007C	4.69
YGL036W	4932.YGL036W	4.68
SAY1	4932.YGR263C	4.68
ICY1	4932.YMR195W	4.68
AHC1	4932.YOR023C	4.67
CUL3	4932.YGR003W	4.66
QDR3	4932.YBR043C	4.66
SSN3	4932.YPL042C	4.66
ATG29	4932.YPL166W	4.65
PHO89	4932.YBR296C	4.65
ACK1	4932.YDL203C	4.64
PRP5	4932.YBR237W	4.64
MUS81	4932.YDR386W	4.63
MVB12	4932.YGR206W	4.62
YDR444W	4932.YDR444W	4.62
SEN54	4932.YPL083C	4.62
DIA4	4932.YHR011W	4.62
IRC7	4932.YFR055W	4.62
LDB17	4932.YDL146W	4.61
LIN1	4932.YHR156C	4.61
SLY41	4932.YOR307C	4.6
BBP1	4932.YPL255W	4.6
PHR1	4932.YOR386W	4.59
YJR071W	4932.YJR071W	4.59
SBE2	4932.YDR351W	4.59
DGA1	4932.YOR245C	4.58
VBA1	4932.YMR088C	4.58
PCP1	4932.YGR101W	4.58
RGP1	4932.YDR137W	4.57
GPC1	4932.YGR149W	4.57
ATG19	4932.YOL082W	4.57
PLB3	4932.YOL011W	4.57
PZF1	4932.YPR186C	4.56
SYN8	4932.YAL014C	4.55
CTS2	4932.YDR371W	4.53
YJL070C	4932.YJL070C	4.53
ISM1	4932.YPL040C	4.52
YOX1	4932.YML027W	4.52
HUA2	4932.YOR284W	4.51
GIP2	4932.YER054C	4.5
CYK3	4932.YDL117W	4.49
HYM1	4932.YKL189W	4.48
ROX1	4932.YPR065W	4.48
UFO1	4932.YML088W	4.47
SLD2	4932.YKL108W	4.47
GAL7	4932.YBR018C	4.47
MGS1	4932.YNL218W	4.45
BIT61	4932.YJL058C	4.45
YIL134C-A	4932.YIL134C-A	4.44
PPG1	4932.YNR032W	4.43
GIC2	4932.YDR309C	4.43
NBL1	4932.YHR199C-A	4.42
GTT2	4932.YLL060C	4.42
ORC2	4932.YBR060C	4.41
ATG26	4932.YLR189C	4.41
CTR2	4932.YHR175W	4.4
VAC7	4932.YNL054W	4.39
EAF7	4932.YNL136W	4.38
ZDS2	4932.YML109W	4.38
DSC2	4932.YOL073C	4.38
BLS1	4932.YLR408C	4.37
SIZ1	4932.YDR409W	4.37
ADK2	4932.YER170W	4.36
RAD7	4932.YJR052W	4.35
UBA3	4932.YPR066W	4.34
ZDS1	4932.YMR273C	4.33
YDL180W	4932.YDL180W	4.33
ASE1	4932.YOR058C	4.31
LIF1	4932.YGL090W	4.31
YBL059W	4932.YBL059W	4.31
CSH1	4932.YBR161W	4.31
VHR2	4932.YER064C	4.31
YLR326W	4932.YLR326W	4.3
YPT53	4932.YNL093W	4.3
GLO4	4932.YOR040W	4.29
PEF1	4932.YGR058W	4.29
MEP2	4932.YNL142W	4.28
MSC2	4932.YDR205W	4.28
MCM21	4932.YDR318W	4.28
STB4	4932.YMR019W	4.28
RTR2	4932.YDR066C	4.28
YDL050C	4932.YDL050C	4.27
IMP1	4932.YMR150C	4.27
MDM10	4932.YAL010C	4.27
CNL1	4932.YDR357C	4.26
ALF1	4932.YNL148C	4.25
YPL229W	4932.YPL229W	4.25
RKM5	4932.YLR137W	4.25
FAR3	4932.YMR052W	4.23
ESBP6	4932.YNL125C	4.22
MHF1	4932.YOL086W-A	4.22
YBR225W	4932.YBR225W	4.21
DOC1	4932.YGL240W	4.21
PUT4	4932.YOR348C	4.21
RRI1	4932.YDL216C	4.21
TLG2	4932.YOL018C	4.21
PRP2	4932.YNR011C	4.19
YKR011C	4932.YKR011C	4.18
NCW2	4932.YLR194C	4.17
DMC1	4932.YER179W	4.17
CDC13	4932.YDL220C	4.17
TAO3	4932.YIL129C	4.17
MIL1	4932.YFL034W	4.17
BRR1	4932.YPR057W	4.16
CDC20	4932.YGL116W	4.16
PCL8	4932.YPL219W	4.16
YML119W	4932.YML119W	4.16
HMI1	4932.YOL095C	4.16
MRH4	4932.YGL064C	4.15
SNT309	4932.YPR101W	4.15
ELM1	4932.YKL048C	4.15
UGA3	4932.YDL170W	4.15
GEF1	4932.YJR040W	4.15
YOL075C	4932.YOL075C	4.15
LIP2	4932.YLR239C	4.14
RMI1	4932.YPL024W	4.14
ALG3	4932.YBL082C	4.14
YOR381W-A	4932.YOR381W-A	4.12
CNN1	4932.YFR046C	4.12
CDC26	4932.YFR036W	4.11
YLR154W-E	4932.YLR154W-E	4.1
MAL12	4932.YGR292W	4.09
YPL109C	4932.YPL109C	4.09
MIM1	4932.YOL026C	4.08
YKL065W-A	4932.YKL065W-A	4.08
CUP9	4932.YPL177C	4.07
TRS130	4932.YMR218C	4.07
TRF5	4932.YNL299W	4.07
SPO13	4932.YHR014W	4.06
YOR316C-A	4932.YOR316C-A	4.06
FIG1	4932.YBR040W	4.06
POR2	4932.YIL114C	4.05
KXD1	4932.YGL079W	4.04
YPR169W-A	4932.YPR169W-A	4.03
EMP46	4932.YLR080W	4.03
YNL165W	4932.YNL165W	4.03
YAT1	4932.YAR035W	4.03
CEF1	4932.YMR213W	4.02
DNF3	4932.YMR162C	4.02
SYF1	4932.YDR416W	4.01
DCI1	4932.YOR180C	4.01
SSN2	4932.YDR443C	4.01
RRG8	4932.YPR116W	4.0
HST1	4932.YOL068C	4.0
MTO1	4932.YGL236C	4.0
CLF1	4932.YLR117C	3.98
APC4	4932.YDR118W	3.98
KAR3	4932.YPR141C	3.98
HAL9	4932.YOL089C	3.97
YLL058W	4932.YLL058W	3.97
NFI1	4932.YOR156C	3.97
CWC24	4932.YLR323C	3.96
ATG2	4932.YNL242W	3.96
MAD3	4932.YJL013C	3.95
RTT109	4932.YLL002W	3.95
SFI1	4932.YLL003W	3.95
HER2	4932.YMR293C	3.95
YBR071W	4932.YBR071W	3.94
MRX14	4932.YDR115W	3.94
KOG1	4932.YHR186C	3.93
APM2	4932.YHL019C	3.93
EFM6	4932.YNL024C	3.93
HCS1	4932.YKL017C	3.93
BRR6	4932.YGL247W	3.93
YML037C	4932.YML037C	3.91
BET5	4932.YML077W	3.9
YSY6	4932.YBR162W-A	3.89
YMR111C	4932.YMR111C	3.89
RRN11	4932.YML043C	3.88
AIM25	4932.YJR100C	3.88
SCM3	4932.YDL139C	3.87
PML1	4932.YLR016C	3.87
SRB8	4932.YCR081W	3.87
ARP1	4932.YHR129C	3.87
DCK1	4932.YLR422W	3.86
KEL2	4932.YGR238C	3.86
PUT1	4932.YLR142W	3.85
DSF2	4932.YBR007C	3.85
DDC1	4932.YPL194W	3.83
AGA1	4932.YNR044W	3.82
RIM15	4932.YFL033C	3.82
RPR2	4932.YIR015W	3.82
DPB11	4932.YJL090C	3.82
SLM3	4932.YDL033C	3.81
ATG13	4932.YPR185W	3.81
MSH1	4932.YHR120W	3.8
LRG1	4932.YDL240W	3.8
YGR127W	4932.YGR127W	3.8
NSE3	4932.YDR288W	3.79
LAM5	4932.YFL042C	3.78
PTP3	4932.YER075C	3.78
YJL222W-A	4932.YJL222W-A	3.78
SKP2	4932.YNL311C	3.78
LCB3	4932.YJL134W	3.77
SNZ2	4932.YNL333W	3.77
MRX9	4932.YDL027C	3.77
SND1	4932.YDR186C	3.77
LEU3	4932.YLR451W	3.76
NSI1	4932.YDR026C	3.76
YDL211C	4932.YDL211C	3.76
MON1	4932.YGL124C	3.75
IML3	4932.YBR107C	3.75
YMR114C	4932.YMR114C	3.74
YOR050C	4932.YOR050C	3.73
STP4	4932.YDL048C	3.72
IML1	4932.YJR138W	3.72
ENB1	4932.YOL158C	3.72
SCC4	4932.YER147C	3.72
URC2	4932.YDR520C	3.71
BCK1	4932.YJL095W	3.71
BOP3	4932.YNL042W	3.71
BSC6	4932.YOL137W	3.7
VPS64	4932.YDR200C	3.7
CBS2	4932.YDR197W	3.69
ATG41	4932.YPL250C	3.69
SPP2	4932.YOR148C	3.69
AGE1	4932.YDR524C	3.68
FLO1	4932.YAR050W	3.68
MPH1	4932.YIR002C	3.67
UPC2	4932.YDR213W	3.67
HCM1	4932.YCR065W	3.67
UBP7	4932.YIL156W	3.66
SLD5	4932.YDR489W	3.65
RRN5	4932.YLR141W	3.65
YND1	4932.YER005W	3.64
SPT10	4932.YJL127C	3.64
TEX1	4932.YNL253W	3.64
ICS2	4932.YBR157C	3.64
YPL108W	4932.YPL108W	3.63
SNZ3	4932.YFL059W	3.63
ALY1	4932.YKR021W	3.63
YMR084W	4932.YMR084W	3.63
BIO4	4932.YNR057C	3.63
LPL1	4932.YOR059C	3.62
NDE2	4932.YDL085W	3.62
BFA1	4932.YJR053W	3.62
RMD5	4932.YDR255C	3.62
IPT1	4932.YDR072C	3.62
MSB4	4932.YOL112W	3.62
YDL177C	4932.YDL177C	3.61
ATP25	4932.YMR098C	3.61
AMN1	4932.YBR158W	3.61
LMO1	4932.YLL007C	3.6
TMN2	4932.YDR107C	3.6
HSL1	4932.YKL101W	3.6
AXL1	4932.YPR122W	3.59
YDR132C	4932.YDR132C	3.59
MIP1	4932.YOR330C	3.59
CLN2	4932.YPL256C	3.58
FAP1	4932.YNL023C	3.58
MSR1	4932.YHR091C	3.58
ZRG17	4932.YNR039C	3.58
TOR2	4932.YKL203C	3.58
BNR1	4932.YIL159W	3.57
DIA2	4932.YOR080W	3.57
TPO5	4932.YKL174C	3.57
DDL1	4932.YOR022C	3.56
ART10	4932.YLR392C	3.56
GSM1	4932.YJL103C	3.56
CAF130	4932.YGR134W	3.54
AGA2	4932.YGL032C	3.53
SAW1	4932.YAL027W	3.53
YCR061W	4932.YCR061W	3.53
MIG3	4932.YER028C	3.53
ARE1	4932.YCR048W	3.52
SNF11	4932.YDR073W	3.52
DSE1	4932.YER124C	3.52
RIF2	4932.YLR453C	3.51
LYS14	4932.YDR034C	3.51
COX26	4932.YDR119W-A	3.51
KNS1	4932.YLL019C	3.51
HLR1	4932.YDR528W	3.51
PCL10	4932.YGL134W	3.49
YEL014C	4932.YEL014C	3.49
KCC4	4932.YCL024W	3.49
YDR415C	4932.YDR415C	3.49
SEI1	4932.YLR404W	3.49
RFT1	4932.YBL020W	3.49
MDM12	4932.YOL009C	3.49
PIG2	4932.YIL045W	3.48
RIF1	4932.YBR275C	3.48
NIS1	4932.YNL078W	3.48
HRQ1	4932.YDR291W	3.48
CDC45	4932.YLR103C	3.48
RAD61	4932.YDR014W	3.47
HIR3	4932.YJR140C	3.47
JID1	4932.YPR061C	3.47
UBR2	4932.YLR024C	3.47
ULS1	4932.YOR191W	3.47
DSE3	4932.YOR264W	3.46
RRG9	4932.YNL213C	3.46
CIN5	4932.YOR028C	3.45
CIN4	4932.YMR138W	3.45
SKM1	4932.YOL113W	3.44
CHS6	4932.YJL099W	3.44
MCM22	4932.YJR135C	3.44
YOR114W	4932.YOR114W	3.44
YAP7	4932.YOL028C	3.44
LAM1	4932.YHR155W	3.44
AIM39	4932.YOL053W	3.44
ASI1	4932.YMR119W	3.44
MMP1	4932.YLL061W	3.44
LPP1	4932.YDR503C	3.43
MSS18	4932.YPR134W	3.43
INP1	4932.YMR204C	3.43
YNL195C	4932.YNL195C	3.42
CLB3	4932.YDL155W	3.42
RTT101	4932.YJL047C	3.42
GAL80	4932.YML051W	3.41
IBD2	4932.YNL164C	3.41
TDA5	4932.YLR426W	3.41
MKK1	4932.YOR231W	3.41
PET122	4932.YER153C	3.41
MAL32	4932.YBR299W	3.4
SYM1	4932.YLR251W	3.4
SAS3	4932.YBL052C	3.4
YGR151C	4932.YGR151C	3.39
YLR281C	4932.YLR281C	3.39
RFX1	4932.YLR176C	3.38
PAC11	4932.YDR488C	3.37
YNL146W	4932.YNL146W	3.36
PUT3	4932.YKL015W	3.36
SPP382	4932.YLR424W	3.36
YPL088W	4932.YPL088W	3.36
STB5	4932.YHR178W	3.36
BOR1	4932.YNL275W	3.35
KIP2	4932.YPL155C	3.35
MCM16	4932.YPR046W	3.35
STS1	4932.YIR011C	3.35
SNO1	4932.YMR095C	3.34
MGL2	4932.YMR210W	3.34
YAP6	4932.YDR259C	3.34
BET2	4932.YPR176C	3.34
PSD2	4932.YGR170W	3.34
FMP30	4932.YPL103C	3.34
EXO5	4932.YBR163W	3.33
ARR1	4932.YPR199C	3.32
PRP24	4932.YMR268C	3.32
BUD5	4932.YCR038C	3.31
CIN1	4932.YOR349W	3.31
PEP7	4932.YDR323C	3.3
ATG11	4932.YPR049C	3.29
ULP2	4932.YIL031W	3.28
LAS1	4932.YKR063C	3.28
SPR2	4932.YOR214C	3.27
GPB2	4932.YAL056W	3.27
PUS9	4932.YDL036C	3.27
SLM5	4932.YCR024C	3.27
FMP23	4932.YBR047W	3.27
YNG1	4932.YOR064C	3.27
YDR371C-A	4932.YDR371C-A	3.26
YJL107C	4932.YJL107C	3.26
GPI2	4932.YPL076W	3.26
YHR022C	4932.YHR022C	3.25
CIN8	4932.YEL061C	3.25
STP1	4932.YDR463W	3.24
YLR236C	4932.YLR236C	3.24
MAG1	4932.YER142C	3.23
RAD2	4932.YGR258C	3.23
MTC3	4932.YGL226W	3.23
AVO1	4932.YOL078W	3.22
ATG16	4932.YMR159C	3.22
TDP1	4932.YBR223C	3.22
EFM3	4932.YJR129C	3.22
SVS1	4932.YPL163C	3.22
KCH1	4932.YJR054W	3.22
XBP1	4932.YIL101C	3.21
DYN1	4932.YKR054C	3.21
TTI2	4932.YJR136C	3.21
UBX6	4932.YJL048C	3.21
GAL3	4932.YDR009W	3.21
TBS1	4932.YBR150C	3.21
FUS1	4932.YCL027W	3.2
IRC20	4932.YLR247C	3.2
MCP1	4932.YOR228C	3.2
RRG7	4932.YOR305W	3.19
JHD2	4932.YJR119C	3.19
INP51	4932.YIL002C	3.19
SWM2	4932.YNR004W	3.18
DBF4	4932.YDR052C	3.18
YLL056C	4932.YLL056C	3.18
TAD2	4932.YJL035C	3.18
SPO12	4932.YHR152W	3.17
GIC1	4932.YHR061C	3.17
YNL193W	4932.YNL193W	3.17
PIP2	4932.YOR363C	3.17
BCK2	4932.YER167W	3.16
MRP2	4932.YPR166C	3.15
YHL026C	4932.YHL026C	3.15
BNA2	4932.YJR078W	3.15
CHL4	4932.YDR254W	3.15
NDD1	4932.YOR372C	3.15
GPI10	4932.YGL142C	3.14
PEX2	4932.YJL210W	3.14
YMR160W	4932.YMR160W	3.14
SSP2	4932.YOR242C	3.14
DAL82	4932.YNL314W	3.14
CMC4	4932.YMR194C-B	3.14
PHD1	4932.YKL043W	3.13
RRG1	4932.YDR065W	3.13
YNL234W	4932.YNL234W	3.12
YDR269C	4932.YDR269C	3.12
YPR011C	4932.YPR011C	3.1
DML1	4932.YMR211W	3.09
SOM1	4932.YEL059C-A	3.09
FMP48	4932.YGR052W	3.09
TDA11	4932.YHR159W	3.08
XRS2	4932.YDR369C	3.07
EOS1	4932.YNL080C	3.06
ASF2	4932.YDL197C	3.06
MSG5	4932.YNL053W	3.06
RRN9	4932.YMR270C	3.06
FDH1	4932.YOR388C	3.06
QRI7	4932.YDL104C	3.05
POP4	4932.YBR257W	3.04
DXO1	4932.YDR370C	3.03
SLN1	4932.YIL147C	3.03
YKL050C	4932.YKL050C	3.02
YJL144W	4932.YJL144W	3.02
COS10	4932.YNR075W	3.01
SHE9	4932.YDR393W	3.01
RTC4	4932.YNL254C	3.01
RGA1	4932.YOR127W	3.0
YEA6	4932.YEL006W	3.0
MRE11	4932.YMR224C	2.99
YHR182W	4932.YHR182W	2.99
YHR033W	4932.YHR033W	2.99
ZRG8	4932.YER033C	2.98
PMT6	4932.YGR199W	2.98
YJR154W	4932.YJR154W	2.98
MGA2	4932.YIR033W	2.97
HRD3	4932.YLR207W	2.97
NTG1	4932.YAL015C	2.96
RFU1	4932.YLR073C	2.96
AEP3	4932.YPL005W	2.96
YPT35	4932.YHR105W	2.95
LTE1	4932.YAL024C	2.95
SLI15	4932.YBR156C	2.94
UBC11	4932.YOR339C	2.94
NIT2	4932.YJL126W	2.93
RAD9	4932.YDR217C	2.93
ESL2	4932.YKR096W	2.93
YJL175W	4932.YJL175W	2.92
ATG38	4932.YLR211C	2.92
MDM36	4932.YPR083W	2.91
RRI2	4932.YOL117W	2.91
ITR2	4932.YOL103W	2.91
FMT1	4932.YBL013W	2.9
MDM34	4932.YGL219C	2.9
YPR003C	4932.YPR003C	2.9
MTC5	4932.YDR128W	2.9
GPR1	4932.YDL035C	2.89
YPL150W	4932.YPL150W	2.89
NPR2	4932.YEL062W	2.89
SUT1	4932.YGL162W	2.89
YML084W	4932.YML084W	2.89
ORC5	4932.YNL261W	2.89
YNL194C	4932.YNL194C	2.88
IKS1	4932.YJL057C	2.88
MRX4	4932.YPL168W	2.87
YLR036C	4932.YLR036C	2.87
MET28	4932.YIR017C	2.87
APC2	4932.YLR127C	2.85
YNL122C	4932.YNL122C	2.85
SNM1	4932.YDR478W	2.85
MTC4	4932.YBR255W	2.85
YLR157W-D	4932.YLR157W-D	2.85
RIB7	4932.YBR153W	2.85
SDD4	4932.YPR022C	2.84
ARG81	4932.YML099C	2.84
YLR156W	4932.YLR156W	2.83
HOT13	4932.YKL084W	2.83
YIL067C	4932.YIL067C	2.83
DGR2	4932.YKL121W	2.83
YKL222C	4932.YKL222C	2.83
TOS4	4932.YLR183C	2.81
MET32	4932.YDR253C	2.81
ATG34	4932.YOL083W	2.81
SPG1	4932.YGR236C	2.8
COQ2	4932.YNR041C	2.8
YOR199W	4932.YOR199W	2.79
TIR1	4932.YER011W	2.79
YOR105W	4932.YOR105W	2.79
YAR066W	4932.YAR066W	2.78
YHR214W	4932.YHR214W	2.78
TTI1	4932.YKL033W	2.78
APJ1	4932.YNL077W	2.78
MMT2	4932.YPL224C	2.78
TEP1	4932.YNL128W	2.78
YNL095C	4932.YNL095C	2.78
MRX5	4932.YJL147C	2.78
SEN34	4932.YAR008W	2.78
SGO1	4932.YOR073W	2.77
YDR131C	4932.YDR131C	2.77
AIM20	4932.YIL158W	2.77
QRI5	4932.YLR204W	2.77
YJR012C	4932.YJR012C	2.76
PCA1	4932.YBR295W	2.76
MAK31	4932.YCR020C-A	2.75
RMP1	4932.YLR145W	2.75
RRN7	4932.YJL025W	2.75
PTC6	4932.YCR079W	2.75
YPS3	4932.YLR121C	2.74
YDL129W	4932.YDL129W	2.74
APC1	4932.YNL172W	2.73
SSN8	4932.YNL025C	2.73
YDR286C	4932.YDR286C	2.72
KDX1	4932.YKL161C	2.72
YAL042C-A	4932.YAL042C-A	2.72
YPL062W	4932.YPL062W	2.71
SNF8	4932.YPL002C	2.71
ATG23	4932.YLR431C	2.71
SLX4	4932.YLR135W	2.7
AEP1	4932.YMR064W	2.7
YKR045C	4932.YKR045C	2.7
DYN3	4932.YMR299C	2.7
YER137C	4932.YER137C	2.7
ENV7	4932.YPL236C	2.69
MLH2	4932.YLR035C	2.69
NPR3	4932.YHL023C	2.69
ATC1	4932.YDR184C	2.69
YEL025C	4932.YEL025C	2.69
UAF30	4932.YOR295W	2.69
MST28	4932.YAR033W	2.69
YHR202W	4932.YHR202W	2.67
PET309	4932.YLR067C	2.67
MME1	4932.YMR166C	2.67
BSC2	4932.YDR275W	2.67
RTP1	4932.YMR185W	2.67
MRX1	4932.YER077C	2.66
ECO1	4932.YFR027W	2.66
NTO1	4932.YPR031W	2.66
MTC7	4932.YEL033W	2.66
NCA3	4932.YJL116C	2.66
MTG1	4932.YMR097C	2.66
ZIP2	4932.YGL249W	2.66
YAP5	4932.YIR018W	2.65
YJR149W	4932.YJR149W	2.65
EST1	4932.YLR233C	2.65
YDL218W	4932.YDL218W	2.64
MNL2	4932.YLR057W	2.64
TDA4	4932.YJR116W	2.64
YPL216W	4932.YPL216W	2.64
FAB1	4932.YFR019W	2.63
RAD30	4932.YDR419W	2.62
MTE1	4932.YGR042W	2.62
SPT21	4932.YMR179W	2.62
VPS8	4932.YAL002W	2.61
ZAP1	4932.YJL056C	2.6
MDM31	4932.YHR194W	2.6
PSY3	4932.YLR376C	2.6
SAS2	4932.YMR127C	2.6
NNK1	4932.YKL171W	2.58
CLN1	4932.YMR199W	2.58
YGL069C	4932.YGL069C	2.58
UBP16	4932.YPL072W	2.57
BIR1	4932.YJR089W	2.57
YMR007W	4932.YMR007W	2.57
UBP9	4932.YER098W	2.57
CHL1	4932.YPL008W	2.56
HST3	4932.YOR025W	2.56
MDM1	4932.YML104C	2.56
YPL068C	4932.YPL068C	2.55
YHR063W-A	4932.YHR063W-A	2.55
GPI19	4932.YDR437W	2.55
YMR087W	4932.YMR087W	2.54
RAD24	4932.YER173W	2.54
PHM8	4932.YER037W	2.54
UPS3	4932.YDR185C	2.53
NAT4	4932.YMR069W	2.53
YLR297W	4932.YLR297W	2.53
ATG17	4932.YLR423C	2.53
ERT1	4932.YBR239C	2.53
SWT1	4932.YOR166C	2.53
MEC3	4932.YLR288C	2.53
UBP5	4932.YER144C	2.51
PAC1	4932.YOR269W	2.51
CSM2	4932.YIL132C	2.51
MSS11	4932.YMR164C	2.5
MNL1	4932.YHR204W	2.5
VPS38	4932.YLR360W	2.5
BMT2	4932.YBR141C	2.49
MFG1	4932.YDL233W	2.49
NSE4	4932.YDL105W	2.49
OAF1	4932.YAL051W	2.49
GEP5	4932.YLR091W	2.49
VPS15	4932.YBR097W	2.48
RAD16	4932.YBR114W	2.48
MIH1	4932.YMR036C	2.48
FRM2	4932.YCL026C-A	2.48
ADH7	4932.YCR105W	2.48
STE13	4932.YOR219C	2.48
AKR2	4932.YOR034C	2.47
APC5	4932.YOR249C	2.47
YKL162C	4932.YKL162C	2.47
SAE2	4932.YGL175C	2.47
YKL102C	4932.YKL102C	2.47
CHS2	4932.YBR038W	2.47
LCL3	4932.YGL085W	2.47
FYV1	4932.YDR024W	2.46
TEL2	4932.YGR099W	2.46
OAF3	4932.YKR064W	2.46
YLL054C	4932.YLL054C	2.45
THI21	4932.YPL258C	2.45
RAD54	4932.YGL163C	2.44
YNR061C	4932.YNR061C	2.44
TDA7	4932.YNL176C	2.44
BUB1	4932.YGR188C	2.44
AUS1	4932.YOR011W	2.44
CCC2	4932.YDR270W	2.43
ASA1	4932.YPR085C	2.43
CHA4	4932.YLR098C	2.43
MSS1	4932.YMR023C	2.43
PKH3	4932.YDR466W	2.43
YBL081W	4932.YBL081W	2.42
IRC6	4932.YFR043C	2.41
IRC5	4932.YFR038W	2.41
PEX34	4932.YCL056C	2.41
YHR131C	4932.YHR131C	2.41
FLR1	4932.YBR008C	2.41
DSF1	4932.YEL070W	2.4
YNR071C	4932.YNR071C	2.4
TIS11	4932.YLR136C	2.39
YDR338C	4932.YDR338C	2.39
TGS1	4932.YPL157W	2.39
AIM22	4932.YJL046W	2.39
EMP65	4932.YER140W	2.39
AVT4	4932.YNL101W	2.39
YNL140C	4932.YNL140C	2.39
YNL162W-A	4932.YNL162W-A	2.39
CRD1	4932.YDL142C	2.39
SME1	4932.YOR159C	2.39
ADF1	4932.YCL058W-A	2.38
BUB2	4932.YMR055C	2.38
PPS1	4932.YBR276C	2.38
RGT1	4932.YKL038W	2.37
RRN10	4932.YBL025W	2.37
MRX7	4932.YNL211C	2.37
RAD55	4932.YDR076W	2.36
MIF2	4932.YKL089W	2.36
YHR212C	4932.YHR212C	2.36
NRG1	4932.YDR043C	2.36
YOR296W	4932.YOR296W	2.35
SHE1	4932.YBL031W	2.35
WSS1	4932.YHR134W	2.34
MMS4	4932.YBR098W	2.34
VTH2	4932.YJL222W	2.34
MST27	4932.YGL051W	2.34
GUD1	4932.YDL238C	2.34
UIP5	4932.YKR044W	2.33
PCL1	4932.YNL289W	2.32
MFM1	4932.YPL060W	2.32
PKP2	4932.YGL059W	2.32
NRG2	4932.YBR066C	2.31
MEC1	4932.YBR136W	2.31
RRN6	4932.YBL014C	2.31
MAN2	4932.YNR073C	2.31
SDP1	4932.YIL113W	2.3
RAD26	4932.YJR035W	2.3
MRS2	4932.YOR334W	2.3
YBL029W	4932.YBL029W	2.3
YNR075C-A	4932.YNR075C-A	2.29
ELG1	4932.YOR144C	2.29
COX18	4932.YGR062C	2.28
SLD3	4932.YGL113W	2.28
RAD57	4932.YDR004W	2.28
YPL182C	4932.YPL182C	2.27
GLG1	4932.YKR058W	2.27
AFI1	4932.YOR129C	2.27
GRR1	4932.YJR090C	2.27
YGR015C	4932.YGR015C	2.27
PFK27	4932.YOL136C	2.26
PAC2	4932.YER007W	2.26
YBL068W-A	4932.YBL068W-A	2.26
ULA1	4932.YPL003W	2.26
IPL1	4932.YPL209C	2.26
YRR1	4932.YOR162C	2.26
CLB1	4932.YGR108W	2.26
YFL067W	4932.YFL067W	2.25
YML053C	4932.YML053C	2.25
YHL008C	4932.YHL008C	2.25
ATG31	4932.YDR022C	2.25
YBR062C	4932.YBR062C	2.25
ECL1	4932.YGR146C	2.25
EXO1	4932.YOR033C	2.25
PTH1	4932.YHR189W	2.24
LDB16	4932.YCL005W	2.24
HEL1	4932.YKR017C	2.23
PEX28	4932.YHR150W	2.23
YPL071C	4932.YPL071C	2.23
HST4	4932.YDR191W	2.22
PMS1	4932.YNL082W	2.22
VTH1	4932.YIL173W	2.22
NEJ1	4932.YLR265C	2.22
YPR071W	4932.YPR071W	2.21
KIP1	4932.YBL063W	2.2
YIL055C	4932.YIL055C	2.2
PEX27	4932.YOR193W	2.2
MNT2	4932.YGL257C	2.19
COS5	4932.YJR161C	2.19
BTN2	4932.YGR142W	2.19
PCI8	4932.YIL071C	2.19
PET18	4932.YCR020C	2.18
PRM1	4932.YNL279W	2.18
ECM18	4932.YDR125C	2.17
SRO77	4932.YBL106C	2.17
PEX7	4932.YDR142C	2.16
PPQ1	4932.YPL179W	2.16
IZH1	4932.YDR492W	2.16
YLL053C	4932.YLL053C	2.16
TCM62	4932.YBR044C	2.16
COX11	4932.YPL132W	2.15
YDL183C	4932.YDL183C	2.15
LDS2	4932.YOL047C	2.15
SGS1	4932.YMR190C	2.15
STB6	4932.YKL072W	2.15
RTT105	4932.YER104W	2.15
PDR3	4932.YBL005W	2.14
ESC8	4932.YOL017W	2.14
COS3	4932.YML132W	2.14
CIK1	4932.YMR198W	2.14
ALR2	4932.YFL050C	2.14
SLX8	4932.YER116C	2.14
CTF3	4932.YLR381W	2.14
SPT23	4932.YKL020C	2.14
YDR250C	4932.YDR250C	2.13
YKR041W	4932.YKR041W	2.13
VBA2	4932.YBR293W	2.13
YGL258W-A	4932.YGL258W-A	2.13
HNT3	4932.YOR258W	2.13
YLR283W	4932.YLR283W	2.13
COS7	4932.YDL248W	2.13
ESP1	4932.YGR098C	2.13
CRC1	4932.YOR100C	2.12
RAX1	4932.YOR301W	2.12
YJR146W	4932.YJR146W	2.12
GAL2	4932.YLR081W	2.12
MGA1	4932.YGR249W	2.12
PTP2	4932.YOR208W	2.11
IRE1	4932.YHR079C	2.1
AGC1	4932.YPR021C	2.1
ARO80	4932.YDR421W	2.1
YCR023C	4932.YCR023C	2.1
HXT10	4932.YFL011W	2.09
PET111	4932.YMR257C	2.09
USB1	4932.YLR132C	2.09
VMR1	4932.YHL035C	2.09
NDT80	4932.YHR124W	2.09
MPA43	4932.YNL249C	2.08
YEL1	4932.YBL060W	2.08
CAT8	4932.YMR280C	2.08
SPS1	4932.YDR523C	2.08
NTG2	4932.YOL043C	2.08
VHC1	4932.YBR235W	2.07
MCH1	4932.YDL054C	2.07
AIM14	4932.YGL160W	2.07
SWM1	4932.YDR260C	2.07
APN2	4932.YBL019W	2.07
YOR097C	4932.YOR097C	2.06
PRM2	4932.YIL037C	2.05
IRC4	4932.YDR540C	2.05
STP22	4932.YCL008C	2.05
LAG2	4932.YOL025W	2.05
VAB2	4932.YEL005C	2.05
ECM3	4932.YOR092W	2.05
REV3	4932.YPL167C	2.04
DSC3	4932.YOR223W	2.04
PHO80	4932.YOL001W	2.04
PHM7	4932.YOL084W	2.04
CMR3	4932.YPR013C	2.04
LST4	4932.YKL176C	2.04
YBR138C	4932.YBR138C	2.03
SHR5	4932.YOL110W	2.03
CTF8	4932.YHR191C	2.03
PEX21	4932.YGR239C	2.03
CTR3	4932.YLR411W	2.03
YBR013C	4932.YBR013C	2.02
SMF2	4932.YHR050W	2.02
SSY5	4932.YJL156C	2.02
SIA1	4932.YOR137C	2.02
BUD8	4932.YLR353W	2.02
PET494	4932.YNR045W	2.02
BUD9	4932.YGR041W	2.01
CCH1	4932.YGR217W	2.01
HUG1	4932.YML058W-A	2.01
MAL11	4932.YGR289C	2.0
PSO2	4932.YMR137C	1.99
YFR010W-A	4932.YFR010W-A	1.99
YCT1	4932.YLL055W	1.98
APC9	4932.YLR102C	1.98
SEF1	4932.YBL066C	1.98
SNT2	4932.YGL131C	1.97
PRM9	4932.YAR031W	1.97
MBR1	4932.YKL093W	1.97
ASI3	4932.YNL008C	1.95
CBT1	4932.YKL208W	1.95
RRM3	4932.YHR031C	1.95
SAG1	4932.YJR004C	1.95
YRM1	4932.YOR172W	1.95
MF(ALPHA)1	4932.YPL187W	1.95
YNL324W	4932.YNL324W	1.95
JNM1	4932.YMR294W	1.94
COS4	4932.YFL062W	1.94
AFT2	4932.YPL202C	1.94
KRE29	4932.YER038C	1.93
HO	4932.YDL227C	1.93
ARG80	4932.YMR042W	1.92
YLR282C	4932.YLR282C	1.92
YEL008W	4932.YEL008W	1.91
MET1	4932.YKR069W	1.91
WSC4	4932.YHL028W	1.91
YHR140W	4932.YHR140W	1.91
CSI1	4932.YMR025W	1.91
IZH4	4932.YOL101C	1.9
MUP3	4932.YHL036W	1.9
SPH1	4932.YLR313C	1.89
FRT1	4932.YOR324C	1.89
NPP2	4932.YEL016C	1.89
YOL036W	4932.YOL036W	1.89
COS2	4932.YBR302C	1.88
YHP1	4932.YDR451C	1.88
YDL114W	4932.YDL114W	1.88
RCF3	4932.YBR255C-A	1.88
RGS2	4932.YOR107W	1.88
ESL1	4932.YIL151C	1.87
SMF1	4932.YOL122C	1.86
ATP22	4932.YDR350C	1.86
YFL019C	4932.YFL019C	1.86
STN1	4932.YDR082W	1.86
MTL1	4932.YGR023W	1.86
IRC8	4932.YJL051W	1.86
SMC6	4932.YLR383W	1.85
YBR259W	4932.YBR259W	1.85
RKM2	4932.YDR198C	1.85
PEX32	4932.YBR168W	1.85
YNR063W	4932.YNR063W	1.85
RPN4	4932.YDL020C	1.85
DLT1	4932.YMR126C	1.84
FRE6	4932.YLL051C	1.84
JJJ2	4932.YJL162C	1.84
IQG1	4932.YPL242C	1.84
CDC6	4932.YJL194W	1.84
YIR014W	4932.YIR014W	1.84
SNO2	4932.YNL334C	1.84
YFT2	4932.YDR319C	1.83
YDR278C	4932.YDR278C	1.83
YDL152W	4932.YDL152W	1.83
YFL031C-A	4932.YFL031C-A	1.83
PPT2	4932.YPL148C	1.82
RED1	4932.YLR263W	1.82
YBR131C-A	4932.YBR131C-A	1.82
YGL260W	4932.YGL260W	1.82
PDR18	4932.YNR070W	1.82
SPO73	4932.YER046W	1.82
YGR219W	4932.YGR219W	1.82
YLR154W-B	4932.YLR154W-B	1.8
MRX10	4932.YDR282C	1.8
YGK3	4932.YOL128C	1.8
YML009W-B	4932.YML009W-B	1.79
YMR181C	4932.YMR181C	1.78
YJL213W	4932.YJL213W	1.78
SHH4	4932.YLR164W	1.78
YOL131W	4932.YOL131W	1.78
YDR344C	4932.YDR344C	1.78
FIT2	4932.YOR382W	1.77
YSF3	4932.YNL138W-A	1.77
SHC1	4932.YER096W	1.77
YNL198C	4932.YNL198C	1.77
YDR193W	4932.YDR193W	1.77
YDR109C	4932.YDR109C	1.77
JHD1	4932.YER051W	1.77
YOL046C	4932.YOL046C	1.76
PCL2	4932.YDL127W	1.76
TRE1	4932.YPL176C	1.76
SRT1	4932.YMR101C	1.75
USV1	4932.YPL230W	1.75
KAR9	4932.YPL269W	1.74
HES1	4932.YOR237W	1.74
YJL118W	4932.YJL118W	1.74
TGL2	4932.YDR058C	1.73
PAU19	4932.YMR325W	1.73
PUG1	4932.YER185W	1.72
MMS1	4932.YPR164W	1.72
YIL092W	4932.YIL092W	1.72
GPI1	4932.YGR216C	1.72
YLR358C	4932.YLR358C	1.72
YOR292C	4932.YOR292C	1.72
NFT1	4932.YKR103W	1.71
YLL019W-A	4932.YLL019W-A	1.71
CMR2	4932.YOR093C	1.71
SYT1	4932.YPR095C	1.71
MRK1	4932.YDL079C	1.71
YDR042C	4932.YDR042C	1.7
CDC4	4932.YFL009W	1.7
GTO1	4932.YGR154C	1.7
MCH4	4932.YOL119C	1.7
SPO21	4932.YOL091W	1.7
IZH2	4932.YOL002C	1.69
PAU7	4932.YAR020C	1.69
ASG7	4932.YJL170C	1.69
SFG1	4932.YOR315W	1.69
PAU15	4932.YIR041W	1.68
AIM44	4932.YPL158C	1.68
IMA3	4932.YIL172C	1.68
LST7	4932.YGR057C	1.68
ERD1	4932.YDR414C	1.68
GIT1	4932.YCR098C	1.67
IRS4	4932.YKR019C	1.67
YML003W	4932.YML003W	1.67
MIP6	4932.YHR015W	1.67
PDR8	4932.YLR266C	1.66
YDR169C-A	4932.YDR169C-A	1.66
GEM1	4932.YAL048C	1.66
MAL13	4932.YGR288W	1.65
YNR068C	4932.YNR068C	1.65
YHK8	4932.YHR048W	1.65
PAU22	4932.YPL282C	1.65
PEX8	4932.YGR077C	1.65
YMR252C	4932.YMR252C	1.64
YLR279W	4932.YLR279W	1.64
YIL024C	4932.YIL024C	1.64
YOL099C	4932.YOL099C	1.63
YCR022C	4932.YCR022C	1.63
TAX4	4932.YJL083W	1.63
CIS1	4932.YLR346C	1.63
BRE4	4932.YDL231C	1.62
BOP2	4932.YLR267W	1.62
TUL1	4932.YKL034W	1.62
HXT8	4932.YJL214W	1.61
MTG2	4932.YHR168W	1.61
YOR309C	4932.YOR309C	1.61
TRE2	4932.YOR256C	1.61
PAU21	4932.YOR394W	1.61
SPR28	4932.YDR218C	1.6
YIL001W	4932.YIL001W	1.6
ARN1	4932.YHL040C	1.59
MNN4	4932.YKL201C	1.59
SMK1	4932.YPR054W	1.59
DCG1	4932.YIR030C	1.59
ETP1	4932.YHL010C	1.59
VPS62	4932.YGR141W	1.59
COS9	4932.YKL219W	1.59
PTK1	4932.YKL198C	1.59
AHK1	4932.YDL073W	1.58
ECM9	4932.YKR004C	1.58
COX16	4932.YJL003W	1.58
YKR104W	4932.YKR104W	1.58
PPR1	4932.YLR014C	1.58
PET130	4932.YJL023C	1.58
YNR025C	4932.YNR025C	1.58
YJL132W	4932.YJL132W	1.57
ATG5	4932.YPL149W	1.57
LRE1	4932.YCL051W	1.57
YOL106W	4932.YOL106W	1.57
YKL169C	4932.YKL169C	1.57
FAR10	4932.YLR238W	1.57
POL4	4932.YCR014C	1.57
YPR117W	4932.YPR117W	1.56
TSC11	4932.YER093C	1.55
TAD1	4932.YGL243W	1.54
YLR159W	4932.YLR159W	1.54
YLR161W	4932.YLR161W	1.54
PGS1	4932.YCL004W	1.54
ZIP1	4932.YDR285W	1.54
CLB4	4932.YLR210W	1.54
YDL172C	4932.YDL172C	1.54
RRN3	4932.YKL125W	1.52
YIR021W-A	4932.YIR021W-A	1.52
TIR3	4932.YIL011W	1.52
NCE101	4932.YJL205C	1.52
YMR244W	4932.YMR244W	1.52
YCL049C	4932.YCL049C	1.51
XYL2	4932.YLR070C	1.51
YIL141W	4932.YIL141W	1.51
MRX6	4932.YNL295W	1.51
YEL076C-A	4932.YEL076C-A	1.51
DDR2	4932.YOL052C-A	1.5
COA2	4932.YPL189C-A	1.5
CSC1	4932.YLR241W	1.5
SPG3	4932.YDR504C	1.49
FRE5	4932.YOR384W	1.48
SAF1	4932.YBR280C	1.48
VPS73	4932.YGL104C	1.48
GFD2	4932.YCL036W	1.47
TPC1	4932.YGR096W	1.47
DCN1	4932.YLR128W	1.47
YKR033C	4932.YKR033C	1.47
SNO4	4932.YMR322C	1.47
TEL1	4932.YBL088C	1.46
EDS1	4932.YBR033W	1.46
YOL150C	4932.YOL150C	1.46
YDL041W	4932.YDL041W	1.46
PDS1	4932.YDR113C	1.45
PES4	4932.YFR023W	1.45
YIR016W	4932.YIR016W	1.45
YGL182C	4932.YGL182C	1.45
YOR343C	4932.YOR343C	1.45
HSP33	4932.YOR391C	1.45
SUT2	4932.YPR009W	1.45
ISR1	4932.YPR106W	1.44
SPC98	4932.YNL126W	1.44
YOR055W	4932.YOR055W	1.44
FIR1	4932.YER032W	1.44
YBR196C-B	4932.YBR196C-B	1.44
AAD3	4932.YCR107W	1.44
YDL109C	4932.YDL109C	1.43
HSP32	4932.YPL280W	1.43
MSA1	4932.YOR066W	1.43
YIL163C	4932.YIL163C	1.43
PAU23	4932.YLR037C	1.42
RAD28	4932.YDR030C	1.41
YDL011C	4932.YDL011C	1.41
YGL199C	4932.YGL199C	1.41
FIT3	4932.YOR383C	1.41
YHR056W-A	4932.YHR056W-A	1.41
THI5	4932.YFL058W	1.41
YJL043W	4932.YJL043W	1.4
CLB6	4932.YGR109C	1.4
YNL170W	4932.YNL170W	1.4
YPR197C	4932.YPR197C	1.4
DIT2	4932.YDR402C	1.4
SGE1	4932.YPR198W	1.4
BST1	4932.YFL025C	1.39
LAM4	4932.YHR080C	1.39
IZH3	4932.YLR023C	1.39
HOP1	4932.YIL072W	1.39
NGL3	4932.YML118W	1.39
SMP1	4932.YBR182C	1.38
YDL247W-A	4932.YDL247W-A	1.38
PLC1	4932.YPL268W	1.38
ULI1	4932.YFR026C	1.38
IRC3	4932.YDR332W	1.38
CLB5	4932.YPR120C	1.37
SNO3	4932.YFL060C	1.37
YDR249C	4932.YDR249C	1.37
ALG8	4932.YOR067C	1.37
YDL199C	4932.YDL199C	1.37
YHL042W	4932.YHL042W	1.37
YLR462W	4932.YLR462W	1.37
YLR149C-A	4932.YLR149C-A	1.36
KTR5	4932.YNL029C	1.36
TOS3	4932.YGL179C	1.36
HVG1	4932.YER039C	1.36
KIN3	4932.YAR018C	1.35
IMA1	4932.YGR287C	1.35
PCD1	4932.YLR151C	1.34
YJR128W	4932.YJR128W	1.34
ECM5	4932.YMR176W	1.34
ASR1	4932.YPR093C	1.34
YAR064W	4932.YAR064W	1.34
IMA2	4932.YOL157C	1.33
YPR092W	4932.YPR092W	1.33
SPG5	4932.YMR191W	1.33
SIR1	4932.YKR101W	1.32
RAD34	4932.YDR314C	1.32
YPR109W	4932.YPR109W	1.32
YLR184W	4932.YLR184W	1.32
YLR162W	4932.YLR162W	1.32
YJR115W	4932.YJR115W	1.31
YLR415C	4932.YLR415C	1.31
KHA1	4932.YJL094C	1.31
ECM23	4932.YPL021W	1.31
ATG7	4932.YHR171W	1.31
EEB1	4932.YPL095C	1.31
YGL230C	4932.YGL230C	1.3
BUD30	4932.YDL151C	1.3
DAL1	4932.YIR027C	1.3
DNL4	4932.YOR005C	1.3
YPR014C	4932.YPR014C	1.3
YEN1	4932.YER041W	1.3
ASP3-1	4932.YLR155C	1.29
HMS1	4932.YOR032C	1.29
YNL092W	4932.YNL092W	1.29
TOG1	4932.YER184C	1.29
YOR200W	4932.YOR200W	1.29
CSR2	4932.YPR030W	1.28
MND2	4932.YIR025W	1.28
ASP3-3	4932.YLR158C	1.27
YER187W	4932.YER187W	1.27
JEN1	4932.YKL217W	1.27
ERC1	4932.YHR032W	1.27
PAU5	4932.YFL020C	1.27
FRE4	4932.YNR060W	1.26
YHC3	4932.YJL059W	1.25
SUL1	4932.YBR294W	1.25
MPC54	4932.YOR177C	1.24
YPR126C	4932.YPR126C	1.24
UCC1	4932.YLR224W	1.24
PHM6	4932.YDR281C	1.24
YPR136C	4932.YPR136C	1.24
SPR6	4932.YER115C	1.23
YPL113C	4932.YPL113C	1.23
YBR056W-A	4932.YBR056W-A	1.23
IME2	4932.YJL106W	1.22
YAR023C	4932.YAR023C	1.22
YBL073W	4932.YBL073W	1.22
RDR1	4932.YOR380W	1.21
DIE2	4932.YGR227W	1.21
YPR084W	4932.YPR084W	1.21
CLG1	4932.YGL215W	1.21
MTC2	4932.YKL098W	1.21
FMO1	4932.YHR176W	1.21
YPR059C	4932.YPR059C	1.21
YFL064C	4932.YFL064C	1.2
YNR065C	4932.YNR065C	1.2
TPP1	4932.YMR156C	1.2
PAU17	4932.YLL025W	1.2
SOR1	4932.YJR159W	1.2
YKR015C	4932.YKR015C	1.19
YBL096C	4932.YBL096C	1.19
YLL020C	4932.YLL020C	1.19
YCR102C	4932.YCR102C	1.19
YDL221W	4932.YDL221W	1.19
LSB6	4932.YJL100W	1.19
FCY21	4932.YER060W	1.19
ERP6	4932.YGL002W	1.19
MBB1	4932.YJL199C	1.19
IME4	4932.YGL192W	1.19
YOR082C	4932.YOR082C	1.18
PRR2	4932.YDL214C	1.18
YOL118C	4932.YOL118C	1.18
PAU16	4932.YKL224C	1.18
PXA1	4932.YPL147W	1.17
SRL3	4932.YKR091W	1.17
YKL133C	4932.YKL133C	1.17
YBR089W	4932.YBR089W	1.17
RAD18	4932.YCR066W	1.17
RTA1	4932.YGR213C	1.17
FLO11	4932.YIR019C	1.17
SOR2	4932.YDL246C	1.17
NSE1	4932.YLR007W	1.17
YML122C	4932.YML122C	1.16
ROG1	4932.YGL144C	1.16
JLP1	4932.YLL057C	1.15
GAB1	4932.YLR459W	1.15
YSW1	4932.YBR148W	1.15
IRC14	4932.YOR135C	1.15
YBR220C	4932.YBR220C	1.15
RCK1	4932.YGL158W	1.15
YAL019W-A	4932.YAL019W-A	1.15
YHL049C	4932.YHL049C	1.14
PAU3	4932.YCR104W	1.14
BPH1	4932.YCR032W	1.14
PRM3	4932.YPL192C	1.14
YLR280C	4932.YLR280C	1.14
YDL062W	4932.YDL062W	1.14
GRC3	4932.YLL035W	1.14
ATH1	4932.YPR026W	1.14
CSS3	4932.YOL159C	1.14
PBI1	4932.YPL272C	1.14
MAK32	4932.YCR019W	1.14
YGL239C	4932.YGL239C	1.14
BAG7	4932.YOR134W	1.13
GAS2	4932.YLR343W	1.13
FUN19	4932.YAL034C	1.13
THI72	4932.YOR192C	1.13
YLR171W	4932.YLR171W	1.13
TEN1	4932.YLR010C	1.12
BSC1	4932.YDL037C	1.12
AVT6	4932.YER119C	1.12
YHL044W	4932.YHL044W	1.12
YCR085W	4932.YCR085W	1.11
YDL032W	4932.YDL032W	1.11
KEG1	4932.YFR042W	1.11
YMR265C	4932.YMR265C	1.11
YEF1	4932.YEL041W	1.11
YDL094C	4932.YDL094C	1.11
YDR095C	4932.YDR095C	1.11
YFL015W-A	4932.YFL015W-A	1.1
YKR047W	4932.YKR047W	1.1
OSW2	4932.YLR054C	1.1
BIO3	4932.YNR058W	1.09
YLR456W	4932.YLR456W	1.09
FRE8	4932.YLR047C	1.09
ECM27	4932.YJR106W	1.09
SSU1	4932.YPL092W	1.09
BIO5	4932.YNR056C	1.08
ICT1	4932.YLR099C	1.08
MNT4	4932.YNR059W	1.08
YGL114W	4932.YGL114W	1.08
HXT11	4932.YOL156W	1.08
YDR010C	4932.YDR010C	1.08
YLR149C	4932.YLR149C	1.07
ATG9	4932.YDL149W	1.07
LYS5	4932.YGL154C	1.07
ALK2	4932.YBL009W	1.07
TUS1	4932.YLR425W	1.07
MPH2	4932.YDL247W	1.07
RSB1	4932.YOR049C	1.07
SSH4	4932.YKL124W	1.06
YBR144C	4932.YBR144C	1.06
SUE1	4932.YPR151C	1.05
YPL034W	4932.YPL034W	1.05
GMC1	4932.YDR506C	1.05
DAS1	4932.YJL149W	1.05
YGL149W	4932.YGL149W	1.05
PMP3	4932.YDR276C	1.05
DAL5	4932.YJR152W	1.05
ROM1	4932.YGR070W	1.05
HXT9	4932.YJL219W	1.04
YER158C	4932.YER158C	1.04
STD1	4932.YOR047C	1.04
YNR042W	4932.YNR042W	1.03
YDR426C	4932.YDR426C	1.03
YLR416C	4932.YLR416C	1.03
YJR038C	4932.YJR038C	1.03
YET2	4932.YMR040W	1.03
MAL33	4932.YBR297W	1.03
YMR173W-A	4932.YMR173W-A	1.03
YJR079W	4932.YJR079W	1.02
YDR209C	4932.YDR209C	1.02
FCY22	4932.YER060W-A	1.02
YDL242W	4932.YDL242W	1.02
YRF1-6	4932.YNL339C	1.02
DAL3	4932.YIR032C	1.02
YLR269C	4932.YLR269C	1.02
GTO3	4932.YMR251W	1.02
YPL077C	4932.YPL077C	1.01
YHR078W	4932.YHR078W	1.01
YGR190C	4932.YGR190C	1.01
YOL029C	4932.YOL029C	1.01
DAN4	4932.YJR151C	1.0
ATS1	4932.YAL020C	1.0
DFG16	4932.YOR030W	1.0
YNL179C	4932.YNL179C	1.0
GMC2	4932.YLR445W	0.998
BSC5	4932.YNR069C	0.998
ASI2	4932.YNL159C	0.997
DER1	4932.YBR201W	0.995
YGR265W	4932.YGR265W	0.995
VPS63	4932.YLR261C	0.993
YKL023C-A	4932.YKL023C-A	0.993
YBR051W	4932.YBR051W	0.992
DAL80	4932.YKR034W	0.989
OPI11	4932.YPR044C	0.988
THI11	4932.YJR156C	0.988
YER107W-A	4932.YER107W-A	0.987
YPR202W	4932.YPR202W	0.985
YJL127W-A	4932.YJL127W-A	0.984
PET20	4932.YPL159C	0.983
YMR272W-A	4932.YMR272W-A	0.982
YNR066C	4932.YNR066C	0.982
CBS1	4932.YDL069C	0.982
YMR103C	4932.YMR103C	0.981
SPO19	4932.YPL130W	0.979
YDR230W	4932.YDR230W	0.978
YJL007C	4932.YJL007C	0.975
YHR177W	4932.YHR177W	0.972
YSP3	4932.YOR003W	0.969
YBR184W	4932.YBR184W	0.967
RCH1	4932.YMR034C	0.966
OPI6	4932.YDL096C	0.964
MRX11	4932.YPL041C	0.964
FLO10	4932.YKR102W	0.964
YER188W	4932.YER188W	0.963
UGA4	4932.YDL210W	0.962
YMR122C	4932.YMR122C	0.961
SNF3	4932.YDL194W	0.961
SHU1	4932.YHL006C	0.96
YOR102W	4932.YOR102W	0.96
PTH4	4932.YOL114C	0.956
YIL025C	4932.YIL025C	0.956
HOS1	4932.YPR068C	0.953
HIM1	4932.YDR317W	0.95
VAC17	4932.YCL063W	0.947
YFL065C	4932.YFL065C	0.945
YLR311C	4932.YLR311C	0.944
YLR374C	4932.YLR374C	0.944
YNR064C	4932.YNR064C	0.942
YIL060W	4932.YIL060W	0.942
PRM4	4932.YPL156C	0.939
YNL033W	4932.YNL033W	0.938
COB	4932.Q0105	0.937
VBA3	4932.YCL069W	0.937
YGR176W	4932.YGR176W	0.936
YJL119C	4932.YJL119C	0.936
MRM2	4932.YGL136C	0.936
TOK1	4932.YJL093C	0.935
YGR242W	4932.YGR242W	0.935
YKL165C-A	4932.YKL165C-A	0.933
MND1	4932.YGL183C	0.932
YRF1-1	4932.YDR545W	0.931
NIP100	4932.YPL174C	0.93
SSP1	4932.YHR184W	0.93
SPO20	4932.YMR017W	0.93
IRC10	4932.YOL015W	0.929
YCR007C	4932.YCR007C	0.929
YAR060C	4932.YAR060C	0.929
YHR218W-A	4932.YHR218W-A	0.928
FLX1	4932.YIL134W	0.927
YOL014W	4932.YOL014W	0.926
ADY3	4932.YDL239C	0.925
CSF1	4932.YLR087C	0.925
ISF1	4932.YMR081C	0.924
YEL068C	4932.YEL068C	0.924
MEK1	4932.YOR351C	0.923
YFL066C	4932.YFL066C	0.922
YKL036C	4932.YKL036C	0.919
YCR087W	4932.YCR087W	0.919
YER097W	4932.YER097W	0.918
YPR177C	4932.YPR177C	0.915
GAC1	4932.YOR178C	0.915
YDL241W	4932.YDL241W	0.914
REG2	4932.YBR050C	0.913
YNL276C	4932.YNL276C	0.911
YMR242W-A	4932.YMR242W-A	0.91
STB2	4932.YMR053C	0.908
BIT2	4932.YBR270C	0.907
YBR099C	4932.YBR099C	0.907
AFR1	4932.YDR085C	0.904
YDR306C	4932.YDR306C	0.903
YOR019W	4932.YOR019W	0.903
YOR331C	4932.YOR331C	0.901
YDL185C-A	4932.YDL185C-A	0.901
YDL186W	4932.YDL186W	0.901
YHR218W	4932.YHR218W	0.901
RIM13	4932.YMR154C	0.9
YBR113W	4932.YBR113W	0.899
CRT10	4932.YOL063C	0.898
DFG10	4932.YIL049W	0.896
YNR062C	4932.YNR062C	0.893
YDR544C	4932.YDR544C	0.891
PAU9	4932.YBL108C-A	0.89
MSH4	4932.YFL003C	0.887
MOH1	4932.YBL049W	0.887
DUR3	4932.YHL016C	0.886
YDR401W	4932.YDR401W	0.884
YML133C	4932.YML133C	0.881
YOR072W	4932.YOR072W	0.88
YPL102C	4932.YPL102C	0.88
YLR112W	4932.YLR112W	0.88
YEL076C	4932.YEL076C	0.878
SPO23	4932.YBR250W	0.878
YKL097C	4932.YKL097C	0.875
YPR078C	4932.YPR078C	0.875
YNL120C	4932.YNL120C	0.874
YHR139C-A	4932.YHR139C-A	0.872
YCR006C	4932.YCR006C	0.871
YIL054W	4932.YIL054W	0.87
NRT1	4932.YOR071C	0.869
YLL066C	4932.YLL066C	0.867
ERS1	4932.YCR075C	0.866
MGT1	4932.YDL200C	0.865
ATO2	4932.YNR002C	0.864
DAL4	4932.YIR028W	0.86
YLL067C	4932.YLL067C	0.858
ARR3	4932.YPR201W	0.857
YER189W	4932.YER189W	0.857
THI4	4932.YGR144W	0.856
YOR186W	4932.YOR186W	0.856
AYT1	4932.YLL063C	0.853
YRF1-8	4932.YOR396W	0.853
FKS3	4932.YMR306W	0.852
YOL024W	4932.YOL024W	0.851
YPR064W	4932.YPR064W	0.849
FEX1	4932.YOR390W	0.848
YBL094C	4932.YBL094C	0.848
YPL025C	4932.YPL025C	0.846
YJL193W	4932.YJL193W	0.843
YRF1-5	4932.YLR467W	0.842
YPR204W	4932.YPR204W	0.841
FEX2	4932.YPL279C	0.841
YHR213W	4932.YHR213W	0.837
YEL075C	4932.YEL075C	0.833
YHR210C	4932.YHR210C	0.833
HKR1	4932.YDR420W	0.832
MCH5	4932.YOR306C	0.831
SPR3	4932.YGR059W	0.83
YRF1-4	4932.YLR466W	0.83
YPC1	4932.YBR183W	0.83
YLR444C	4932.YLR444C	0.827
ASP3-2	4932.YLR157C	0.827
YJL027C	4932.YJL027C	0.826
YGR053C	4932.YGR053C	0.825
HMX1	4932.YLR205C	0.825
YNL109W	4932.YNL109W	0.825
ATG22	4932.YCL038C	0.82
BI4	4932.Q0120	0.82
YBL108W	4932.YBL108W	0.819
YGR228W	4932.YGR228W	0.819
YIL177C	4932.YIL177C	0.818
CTH1	4932.YDR151C	0.818
YNL235C	4932.YNL235C	0.818
YBL113C	4932.YBL113C	0.818
ZNF1	4932.YFL052W	0.818
YOR146W	4932.YOR146W	0.817
RMA1	4932.YKL132C	0.817
ATX2	4932.YOR079C	0.816
CUE2	4932.YKL090W	0.816
YML083C	4932.YML083C	0.816
YDL163W	4932.YDL163W	0.815
YNL228W	4932.YNL228W	0.815
YHR219W	4932.YHR219W	0.814
FYV5	4932.YCL058C	0.814
PCL5	4932.YHR071W	0.81
YRF1-3	4932.YGR296W	0.809
HAP4	4932.YKL109W	0.809
RRT1	4932.YBL048W	0.809
YGR079W	4932.YGR079W	0.806
YHL050C	4932.YHL050C	0.805
MTC6	4932.YHR151C	0.804
YIG1	4932.YPL201C	0.804
QDR1	4932.YIL120W	0.803
RAD17	4932.YOR368W	0.802
YML089C	4932.YML089C	0.801
YGR050C	4932.YGR050C	0.8
YGL063C-A	4932.YGL063C-A	0.799
TOS8	4932.YGL096W	0.799
SMA1	4932.YPL027W	0.799
YCR099C	4932.YCR099C	0.798
YRF1-7	4932.YPL283C	0.796
YGR160W	4932.YGR160W	0.795
YDR008C	4932.YDR008C	0.793
YDR491C	4932.YDR491C	0.792
RMD6	4932.YEL072W	0.792
YMR206W	4932.YMR206W	0.791
AZR1	4932.YGR224W	0.79
AAD15	4932.YOL165C	0.788
IMP2-2	4932.YMR035W	0.786
YGR153W	4932.YGR153W	0.785
AFB1	4932.YLR040C	0.785
YJL225C	4932.YJL225C	0.785
YJL015C	4932.YJL015C	0.779
YLR296W	4932.YLR296W	0.778
CDA1	4932.YLR307W	0.777
SPO11	4932.YHL022C	0.777
YKL106C-A	4932.YKL106C-A	0.777
HAL1	4932.YPR005C	0.776
YPR203W	4932.YPR203W	0.776
YER085C	4932.YER085C	0.773
CST9	4932.YLR394W	0.772
YBL012C	4932.YBL012C	0.771
SUL2	4932.YLR092W	0.769
DDI2	4932.YFL061W	0.769
YKL053W	4932.YKL053W	0.769
YJR061W	4932.YJR061W	0.769
YDR340W	4932.YDR340W	0.768
YRF1-2	4932.YER190W	0.768
MCH2	4932.YKL221W	0.768
YEL009C-A	4932.YEL009C-A	0.768
YLR049C	4932.YLR049C	0.768
YAL067W-A	4932.YAL067W-A	0.765
YGL074C	4932.YGL074C	0.764
IRC11	4932.YOR013W	0.763
YEL077C	4932.YEL077C	0.762
SEO1	4932.YAL067C	0.76
YML002W	4932.YML002W	0.759
PAU1	4932.YJL223C	0.758
DDI3	4932.YNL335W	0.758
YLR365W	4932.YLR365W	0.757
PMT5	4932.YDL093W	0.756
YPL136W	4932.YPL136W	0.756
YPL264C	4932.YPL264C	0.755
SPR1	4932.YOR190W	0.754
YKL107W	4932.YKL107W	0.753
YFL013W-A	4932.YFL013W-A	0.752
YLR446W	4932.YLR446W	0.751
YOR333C	4932.YOR333C	0.751
AMD2	4932.YDR242W	0.75
NVJ3	4932.YDR179W-A	0.75
YMR187C	4932.YMR187C	0.749
PFS1	4932.YHR185C	0.749
YER152W-A	4932.YER152W-A	0.747
CTF13	4932.YMR094W	0.746
YMR306C-A	4932.YMR306C-A	0.746
YCL021W-A	4932.YCL021W-A	0.745
YCL068C	4932.YCL068C	0.745
YJR124C	4932.YJR124C	0.745
DAL2	4932.YIR029W	0.744
AAD14	4932.YNL331C	0.744
ITT1	4932.YML068W	0.744
YGL152C	4932.YGL152C	0.744
PAU10	4932.YDR542W	0.744
YPL205C	4932.YPL205C	0.743
SSK22	4932.YCR073C	0.742
MAY24	4932.YPR153W	0.741
ECM7	4932.YLR443W	0.739
LDB18	4932.YLL049W	0.739
YJL163C	4932.YJL163C	0.738
YCR064C	4932.YCR064C	0.737
PCL9	4932.YDL179W	0.735
YEL074W	4932.YEL074W	0.735
YPR146C	4932.YPR146C	0.734
FYV12	4932.YOR183W	0.734
YPL080C	4932.YPL080C	0.731
YBL071C	4932.YBL071C	0.73
MAL31	4932.YBR298C	0.73
YKL177W	4932.YKL177W	0.729
RIM9	4932.YMR063W	0.729
VEL1	4932.YGL258W	0.728
ATG12	4932.YBR217W	0.728
PSY1	4932.YKL076C	0.727
RNP1	4932.YLL046C	0.726
YDR149C	4932.YDR149C	0.725
PAU11	4932.YGL261C	0.723
AMF1	4932.YOR378W	0.723
YMR294W-A	4932.YMR294W-A	0.72
YPL278C	4932.YPL278C	0.718
YDR445C	4932.YDR445C	0.717
KIN82	4932.YCR091W	0.716
YER135C	4932.YER135C	0.714
YGL118C	4932.YGL118C	0.714
YCR100C	4932.YCR100C	0.714
COS12	4932.YGL263W	0.713
YBR134W	4932.YBR134W	0.713
YIL089W	4932.YIL089W	0.712
PHO92	4932.YDR374C	0.712
YJL156W-A	4932.YJL156W-A	0.712
HXT13	4932.YEL069C	0.712
YDL206W	4932.YDL206W	0.71
FHN1	4932.YGR131W	0.708
KTR2	4932.YKR061W	0.708
YJR039W	4932.YJR039W	0.707
YGR067C	4932.YGR067C	0.707
YEL028W	4932.YEL028W	0.706
LEE1	4932.YPL054W	0.705
YGR290W	4932.YGR290W	0.705
WIP1	4932.YDR374W-A	0.705
SET4	4932.YJL105W	0.705
YDR455C	4932.YDR455C	0.703
YEA4	4932.YEL004W	0.701
ARV1	4932.YLR242C	0.699
YLR041W	4932.YLR041W	0.699
YOR314W	4932.YOR314W	0.699
YNL018C	4932.YNL018C	0.697
YPR039W	4932.YPR039W	0.697
YER067C-A	4932.YER067C-A	0.696
HMLALPHA2	4932.YCL067C	0.695
PFA4	4932.YOL003C	0.695
RTC2	4932.YBR147W	0.694
YDL118W	4932.YDL118W	0.693
KAR1	4932.YNL188W	0.693
SHH3	4932.YMR118C	0.693
PAU20	4932.YOL161C	0.691
MATALPHA1	4932.YCR040W	0.691
HUT1	4932.YPL244C	0.69
YHR180W	4932.YHR180W	0.69
KAR5	4932.YMR065W	0.69
SWT21	4932.YNL187W	0.69
IPK1	4932.YDR315C	0.69
AAD4	4932.YDL243C	0.69
YMR085W	4932.YMR085W	0.689
RBH1	4932.YJL181W	0.689
YPR160C-A	4932.YPR160C-A	0.687
EST3	4932.YIL009C-A	0.686
YBL039W-B	4932.YBL039W-B	0.686
YHL015W-A	4932.YHL015W-A	0.685
MMO1	4932.YKL044W	0.683
RRT12	4932.YCR045C	0.683
ECM8	4932.YBR076W	0.682
YMR155W	4932.YMR155W	0.681
YHL034W-A	4932.YHL034W-A	0.68
YMR254C	4932.YMR254C	0.679
OPI9	4932.YLR338W	0.679
YBR224W	4932.YBR224W	0.679
HFM1	4932.YGL251C	0.678
YLR146W-A	4932.YLR146W-A	0.678
YBR027C	4932.YBR027C	0.678
YGL204C	4932.YGL204C	0.676
YDR133C	4932.YDR133C	0.675
DAK2	4932.YFL053W	0.675
ISC10	4932.YER180C	0.675
YLR428C	4932.YLR428C	0.674
BRP1	4932.YGL007W	0.674
YNL144C	4932.YNL144C	0.673
RIM21	4932.YNL294C	0.673
YLR173W	4932.YLR173W	0.673
AHT1	4932.YHR093W	0.672
YGR107W	4932.YGR107W	0.672
SMP3	4932.YOR149C	0.672
YOR277C	4932.YOR277C	0.671
SLI1	4932.YGR212W	0.67
PAU24	4932.YBR301W	0.67
YKR012C	4932.YKR012C	0.67
PAU12	4932.YGR294W	0.668
YJL206C	4932.YJL206C	0.667
YFR054C	4932.YFR054C	0.667
MLH3	4932.YPL164C	0.666
YDL228C	4932.YDL228C	0.665
SNG1	4932.YGR197C	0.664
SSY1	4932.YDR160W	0.663
YNL057W	4932.YNL057W	0.663
HMRA1	4932.YCR097W	0.663
YOR015W	4932.YOR015W	0.663
YDR355C	4932.YDR355C	0.661
YIL029W-A	4932.YIL029W-A	0.661
YNL019C	4932.YNL019C	0.66
SAE3	4932.YHR079C-A	0.659
ERF2	4932.YLR246W	0.658
YJR114W	4932.YJR114W	0.657
YLR255C	4932.YLR255C	0.655
NSE5	4932.YML023C	0.654
FUR4	4932.YBR021W	0.653
SLZ1	4932.YNL196C	0.652
TRK1	4932.YJL129C	0.651
YOR282W	4932.YOR282W	0.651
YJR020W	4932.YJR020W	0.65
YMR194C-A	4932.YMR194C-A	0.65
YKL070W	4932.YKL070W	0.65
MAM1	4932.YER106W	0.65
YGR168C	4932.YGR168C	0.649
YLR463C	4932.YLR463C	0.648
YMR141C	4932.YMR141C	0.647
OAZ1	4932.YPL052W	0.646
GUP2	4932.YPL189W	0.646
YML090W	4932.YML090W	0.645
SPO77	4932.YLR341W	0.645
YDR535C	4932.YDR535C	0.645
YPL277C	4932.YPL277C	0.644
YGL072C	4932.YGL072C	0.644
ABM1	4932.YJR108W	0.643
HUL4	4932.YJR036C	0.642
YDR366C	4932.YDR366C	0.641
YCL002C	4932.YCL002C	0.641
YDR467C	4932.YDR467C	0.641
YEL045C	4932.YEL045C	0.64
FMP49	4932.YER038W-A	0.64
LEU5	4932.YHR002W	0.64
PAU14	4932.YIL176C	0.639
MFA2	4932.YNL145W	0.639
YDR274C	4932.YDR274C	0.639
YOR041C	4932.YOR041C	0.639
YER076C	4932.YER076C	0.639
HXT17	4932.YNR072W	0.638
YOL163W	4932.YOL163W	0.638
FRE2	4932.YKL220C	0.637
YDR271C	4932.YDR271C	0.634
YMR245W	4932.YMR245W	0.634
PAU2	4932.YEL049W	0.633
YJL152W	4932.YJL152W	0.632
YDL009C	4932.YDL009C	0.631
YKL131W	4932.YKL131W	0.63
YGR045C	4932.YGR045C	0.629
YGL262W	4932.YGL262W	0.629
YLR217W	4932.YLR217W	0.628
MF(ALPHA)2	4932.YGL089C	0.627
YGR291C	4932.YGR291C	0.626
YER186C	4932.YER186C	0.626
SPO22	4932.YIL073C	0.625
PUS5	4932.YLR165C	0.625
GEX2	4932.YKR106W	0.625
YPS5	4932.YGL259W	0.623
YBR124W	4932.YBR124W	0.623
YNL013C	4932.YNL013C	0.623
YOR392W	4932.YOR392W	0.623
YFL041W-A	4932.YFL041W-A	0.623
PGU1	4932.YJR153W	0.622
SWF1	4932.YDR126W	0.622
YDR509W	4932.YDR509W	0.622
CSS2	4932.YFR020W	0.621
VAM10	4932.YOR068C	0.62
THI13	4932.YDL244W	0.619
YBR284W	4932.YBR284W	0.619
YOR053W	4932.YOR053W	0.619
YPL073C	4932.YPL073C	0.618
YIL171W-A	4932.YIL171W-A	0.618
YNL184C	4932.YNL184C	0.617
YAL066W	4932.YAL066W	0.616
YDR290W	4932.YDR290W	0.615
YDR114C	4932.YDR114C	0.615
HMRA2	4932.YCR096C	0.615
YFL021C-A	4932.YFL021C-A	0.614
MATALPHA2	4932.YCR039C	0.614
YOR389W	4932.YOR389W	0.614
NEL1	4932.YHR035W	0.613
ECM34	4932.YHL043W	0.613
YBR292C	4932.YBR292C	0.612
YBR064W	4932.YBR064W	0.612
CLN3	4932.YAL040C	0.612
YLR031W	4932.YLR031W	0.61
YBR226C	4932.YBR226C	0.61
MUM3	4932.YOR298W	0.609
YOR161W-B	4932.YOR161W-B	0.609
REC8	4932.YPR007C	0.608
YCL001W-A	4932.YCL001W-A	0.608
THI73	4932.YLR004C	0.607
YAL004W	4932.YAL004W	0.607
YGR035C	4932.YGR035C	0.606
YGL081W	4932.YGL081W	0.605
IRC18	4932.YJL037W	0.605
YNL097W-A	4932.YNL097W-A	0.604
YGL235W	4932.YGL235W	0.603
ICS3	4932.YJL077C	0.602
AGP3	4932.YFL055W	0.602
SPS4	4932.YOR313C	0.601
DON1	4932.YDR273W	0.601
YBR063C	4932.YBR063C	0.601
SLX1	4932.YBR228W	0.6
YLL059C	4932.YLL059C	0.6
AAD10	4932.YJR155W	0.6
YDR537C	4932.YDR537C	0.6
CDH1	4932.YGL003C	0.599
YDL034W	4932.YDL034W	0.599
YCR047W-A	4932.YCR047W-A	0.597
ATG10	4932.YLL042C	0.595
MSH5	4932.YDL154W	0.595
YIR042C	4932.YIR042C	0.594
YDL068W	4932.YDL068W	0.594
THI12	4932.YNL332W	0.594
ATG39	4932.YLR312C	0.593
DIA3	4932.YDL024C	0.592
YOR366W	4932.YOR366W	0.591
ROG3	4932.YFR022W	0.589
YNL034W	4932.YNL034W	0.587
YBR277C	4932.YBR277C	0.587
YMR279C	4932.YMR279C	0.586
YIL152W	4932.YIL152W	0.586
YKL153W	4932.YKL153W	0.586
SMA2	4932.YML066C	0.586
GEX1	4932.YCL073C	0.585
LIH1	4932.YJR107W	0.585
RDS1	4932.YCR106W	0.585
YMR052C-A	4932.YMR052C-A	0.584
YOR024W	4932.YOR024W	0.584
TDA6	4932.YPR157W	0.584
YER039C-A	4932.YER039C-A	0.584
YDR018C	4932.YDR018C	0.583
YMR031W-A	4932.YMR031W-A	0.581
NDJ1	4932.YOL104C	0.581
YHL041W	4932.YHL041W	0.581
YGR069W	4932.YGR069W	0.58
YGL218W	4932.YGL218W	0.58
YMR119W-A	4932.YMR119W-A	0.579
YGR114C	4932.YGR114C	0.579
YNL226W	4932.YNL226W	0.579
REV7	4932.YIL139C	0.579
YFL040W	4932.YFL040W	0.579
OLI1	4932.Q0130	0.579
YGL052W	4932.YGL052W	0.579
AIM33	4932.YML087C	0.578
YLR366W	4932.YLR366W	0.578
YGR022C	4932.YGR022C	0.577
MPH3	4932.YJR160C	0.577
PRM6	4932.YML047C	0.577
CDA2	4932.YLR308W	0.576
SPS2	4932.YDR522C	0.576
NIT1	4932.YIL164C	0.576
SET6	4932.YPL165C	0.575
RGT2	4932.YDL138W	0.573
YLR202C	4932.YLR202C	0.572
YIL028W	4932.YIL028W	0.571
YLR379W	4932.YLR379W	0.571
SPS18	4932.YNL204C	0.57
MDM30	4932.YLR368W	0.57
YKL202W	4932.YKL202W	0.57
YCR001W	4932.YCR001W	0.569
YMR153C-A	4932.YMR153C-A	0.569
MMS22	4932.YLR320W	0.569
CUR1	4932.YPR158W	0.569
YLL047W	4932.YLL047W	0.569
YHR173C	4932.YHR173C	0.569
SDD1	4932.YEL057C	0.568
YLR317W	4932.YLR317W	0.568
YGR066C	4932.YGR066C	0.567
YOR387C	4932.YOR387C	0.567
GAT3	4932.YLR013W	0.566
YJR037W	4932.YJR037W	0.566
YNL285W	4932.YNL285W	0.565
YSR3	4932.YKR053C	0.564
YJR162C	4932.YJR162C	0.564
YLR349W	4932.YLR349W	0.563
YLR154W-A	4932.YLR154W-A	0.563
OPI7	4932.YDR360W	0.563
AVT5	4932.YBL089W	0.562
IME1	4932.YJR094C	0.561
API2	4932.YDR525W	0.56
PTR3	4932.YFR029W	0.56
YOL085C	4932.YOL085C	0.557
HPA2	4932.YPR193C	0.557
YLL065W	4932.YLL065W	0.556
IMA5	4932.YJL216C	0.556
YFR057W	4932.YFR057W	0.556
YDR029W	4932.YDR029W	0.556
SPO71	4932.YDR104C	0.555
YGL088W	4932.YGL088W	0.555
YMR057C	4932.YMR057C	0.555
DCV1	4932.YFR012W	0.555
YDR154C	4932.YDR154C	0.555
YGR018C	4932.YGR018C	0.555
YPR076W	4932.YPR076W	0.555
SPO1	4932.YNL012W	0.554
YFL015C	4932.YFL015C	0.554
YBR200W-A	4932.YBR200W-A	0.554
TDA8	4932.YAL064C-A	0.552
MRX8	4932.YDR336W	0.551
YLR464W	4932.YLR464W	0.551
REC104	4932.YHR157W	0.551
YLR458W	4932.YLR458W	0.549
YPR150W	4932.YPR150W	0.548
THI2	4932.YBR240C	0.548
YNL043C	4932.YNL043C	0.548
YHR095W	4932.YHR095W	0.547
YJR120W	4932.YJR120W	0.547
YPR016W-A	4932.YPR016W-A	0.547
PLM2	4932.YDR501W	0.547
SCS22	4932.YBL091C-A	0.547
YPR050C	4932.YPR050C	0.546
YMR135W-A	4932.YMR135W-A	0.546
VPS69	4932.YPR087W	0.541
YPL044C	4932.YPL044C	0.541
YOR300W	4932.YOR300W	0.541
YMR013W-A	4932.YMR013W-A	0.539
BSC3	4932.YLR465C	0.539
YJL135W	4932.YJL135W	0.538
PRM7	4932.YDL039C	0.538
RRT5	4932.YFR032C	0.537
YCL076W	4932.YCL076W	0.537
YIL142C-A	4932.YIL142C-A	0.534
REC107	4932.YJR021C	0.532
YBR300C	4932.YBR300C	0.532
YHL005C	4932.YHL005C	0.531
YKL115C	4932.YKL115C	0.529
YGL138C	4932.YGL138C	0.529
YDR102C	4932.YDR102C	0.529
STL1	4932.YDR536W	0.527
BUD28	4932.YLR062C	0.527
YCR025C	4932.YCR025C	0.527
UBP11	4932.YKR098C	0.526
YCL022C	4932.YCL022C	0.523
YOR121C	4932.YOR121C	0.523
YDR015C	4932.YDR015C	0.523
YPL185W	4932.YPL185W	0.523
YPR123C	4932.YPR123C	0.523
YAR068W	4932.YAR068W	0.522
YDR187C	4932.YDR187C	0.522
YOR338W	4932.YOR338W	0.522
ECM12	4932.YHR021W-A	0.521
UBS1	4932.YBR165W	0.521
YPL257W	4932.YPL257W	0.52
YML100W-A	4932.YML100W-A	0.52
EST2	4932.YLR318W	0.52
YKR005C	4932.YKR005C	0.52
YHR125W	4932.YHR125W	0.519
VPS61	4932.YDR136C	0.519
YLR402W	4932.YLR402W	0.519
YNL028W	4932.YNL028W	0.519
YJL182C	4932.YJL182C	0.518
YOR268C	4932.YOR268C	0.518
YLR232W	4932.YLR232W	0.517
YCL065W	4932.YCL065W	0.517
YCR049C	4932.YCR049C	0.517
JIP3	4932.YLR331C	0.517
HUR1	4932.YGL168W	0.516
YLR122C	4932.YLR122C	0.516
YLR334C	4932.YLR334C	0.516
YHL006W-A	4932.YHL006W-A	0.516
PAU13	4932.YHL046C	0.516
RRT13	4932.YER066W	0.515
YIA6	4932.YIL006W	0.515
YHR214W-A	4932.YHR214W-A	0.515
VPS65	4932.YLR322W	0.514
YLR076C	4932.YLR076C	0.513
YAL064W-B	4932.YAL064W-B	0.512
YNL296W	4932.YNL296W	0.512
OPT2	4932.YPR194C	0.511
YKL100W-A	4932.YKL100W-A	0.51
YOR263C	4932.YOR263C	0.51
SRL4	4932.YPL033C	0.509
YER066C-A	4932.YER066C-A	0.509
TOS2	4932.YGR221C	0.509
YNL114C	4932.YNL114C	0.509
YLR230W	4932.YLR230W	0.508
YGL041C	4932.YGL041C	0.507
YOR170W	4932.YOR170W	0.507
YAL037W	4932.YAL037W	0.507
YPR196W	4932.YPR196W	0.506
YBL062W	4932.YBL062W	0.506
YGL034C	4932.YGL034C	0.506
YOR365C	4932.YOR365C	0.505
THI74	4932.YDR438W	0.505
PAU4	4932.YLR461W	0.505
YJR018W	4932.YJR018W	0.505
YOL160W	4932.YOL160W	0.504
FRE3	4932.YOR381W	0.503
HXT15	4932.YDL245C	0.503
HXT16	4932.YJR158W	0.503
YKL156C-A	4932.YKL156C-A	0.503
YOL035C	4932.YOL035C	0.502
YPR027C	4932.YPR027C	0.502
YNR001W-A	4932.YNR001W-A	0.502
YKL068W-A	4932.YKL068W-A	0.502
YFL012W	4932.YFL012W	0.5
YBR178W	4932.YBR178W	0.5
YBL083C	4932.YBL083C	0.5
YBR190W	4932.YBR190W	0.5
SIP4	4932.YJL089W	0.499
YDL162C	4932.YDL162C	0.499
UGX2	4932.YDL169C	0.499
YLR046C	4932.YLR046C	0.498
YDR526C	4932.YDR526C	0.498
YFL032W	4932.YFL032W	0.498
YGL214W	4932.YGL214W	0.498
YMR324C	4932.YMR324C	0.498
YKL066W	4932.YKL066W	0.497
YNL319W	4932.YNL319W	0.497
BNS1	4932.YGR230W	0.496
YHL037C	4932.YHL037C	0.496
YHL045W	4932.YHL045W	0.496
YLR169W	4932.YLR169W	0.495
YPL114W	4932.YPL114W	0.495
YBL112C	4932.YBL112C	0.495
YPL039W	4932.YPL039W	0.494
CTL1	4932.YMR180C	0.494
GAT2	4932.YMR136W	0.494
YKL147C	4932.YKL147C	0.494
ARN2	4932.YHL047C	0.493
YDR053W	4932.YDR053W	0.493
YKL162C-A	4932.YKL162C-A	0.493
YGL193C	4932.YGL193C	0.491
YOR139C	4932.YOR139C	0.491
YNL017C	4932.YNL017C	0.49
YDR194W-A	4932.YDR194W-A	0.49
YDR157W	4932.YDR157W	0.49
YKL136W	4932.YKL136W	0.49
ATG36	4932.YJL185C	0.489
YOR376W	4932.YOR376W	0.489
YBL109W	4932.YBL109W	0.487
YGL102C	4932.YGL102C	0.487
YLL044W	4932.YLL044W	0.487
YCR102W-A	4932.YCR102W-A	0.486
YHR214C-D	4932.YHR214C-D	0.486
Q0255	4932.Q0255	0.486
BUD26	4932.YDR241W	0.486
YLR434C	4932.YLR434C	0.486
CIN10	4932.YDR387C	0.485
YER119C-A	4932.YER119C-A	0.485
YDL071C	4932.YDL071C	0.484
YBL053W	4932.YBL053W	0.484
YOR012W	4932.YOR012W	0.484
CRR1	4932.YLR213C	0.483
YOL050C	4932.YOL050C	0.483
SGA1	4932.YIL099W	0.483
UTR5	4932.YEL035C	0.482
YNL089C	4932.YNL089C	0.482
YOR225W	4932.YOR225W	0.482
AI1	4932.Q0050	0.481
PAU6	4932.YNR076W	0.48
CRF1	4932.YDR223W	0.48
YJL211C	4932.YJL211C	0.479
YOR318C	4932.YOR318C	0.479
YAR070C	4932.YAR070C	0.477
YHR217C	4932.YHR217C	0.477
ARP10	4932.YDR106W	0.477
YGL015C	4932.YGL015C	0.477
SPO74	4932.YGL170C	0.477
YIL012W	4932.YIL012W	0.477
YBR219C	4932.YBR219C	0.477
YDR433W	4932.YDR433W	0.476
RRT7	4932.YLL030C	0.476
YMR172C-A	4932.YMR172C-A	0.476
YPR108W-A	4932.YPR108W-A	0.475
YCR101C	4932.YCR101C	0.475
YPR053C	4932.YPR053C	0.475
YPR130C	4932.YPR130C	0.475
YML099W-A	4932.YML099W-A	0.474
YLR302C	4932.YLR302C	0.474
PIG1	4932.YLR273C	0.474
IRC2	4932.YDR112W	0.474
ATG14	4932.YBR128C	0.473
AMA1	4932.YGR225W	0.473
YNR077C	4932.YNR077C	0.472
YBL065W	4932.YBL065W	0.472
KNH1	4932.YDL049C	0.472
RRT6	4932.YGL146C	0.472
PFA5	4932.YDR459C	0.471
PRM10	4932.YJL108C	0.47
YAR047C	4932.YAR047C	0.47
YLR400W	4932.YLR400W	0.47
YPR015C	4932.YPR015C	0.47
YLR154C-H	4932.YLR154C-H	0.469
YLR156C-A	4932.YLR156C-A	0.469
YLR157C-C	4932.YLR157C-C	0.469
YLR159C-A	4932.YLR159C-A	0.469
YGR226C	4932.YGR226C	0.469
YER088C-A	4932.YER088C-A	0.469
YDR431W	4932.YDR431W	0.468
YER181C	4932.YER181C	0.468
HOP2	4932.YGL033W	0.468
YGR137W	4932.YGR137W	0.468
YER091C-A	4932.YER091C-A	0.468
YGR293C	4932.YGR293C	0.468
YNL337W	4932.YNL337W	0.468
YOL162W	4932.YOL162W	0.468
SPO75	4932.YLL005C	0.467
YGL188C	4932.YGL188C	0.465
PEX18	4932.YHR160C	0.465
YIL029C	4932.YIL029C	0.465
YOR364W	4932.YOR364W	0.465
BI3	4932.Q0115	0.465
YDR215C	4932.YDR215C	0.464
REC102	4932.YLR329W	0.464
SHU2	4932.YDR078C	0.464
YOR008C-A	4932.YOR008C-A	0.463
ADY4	4932.YLR227C	0.462
YBR116C	4932.YBR116C	0.462
YDR203W	4932.YDR203W	0.462
RCE1	4932.YMR274C	0.462
YDR354C-A	4932.YDR354C-A	0.462
YOR345C	4932.YOR345C	0.461
REC114	4932.YMR133W	0.46
LOH1	4932.YJL038C	0.459
PAU18	4932.YLL064C	0.459
YLR053C	4932.YLR053C	0.459
YMR316C-B	4932.YMR316C-B	0.458
IRC16	4932.YPR038W	0.458
YDL187C	4932.YDL187C	0.457
YMR193C-A	4932.YMR193C-A	0.457
MEI4	4932.YER044C-A	0.455
YER121W	4932.YER121W	0.455
OSW1	4932.YOR255W	0.455
YCR013C	4932.YCR013C	0.453
YHR145C	4932.YHR145C	0.453
IRC9	4932.YJL142C	0.453
YOR186C-A	4932.YOR186C-A	0.452
YPR170C	4932.YPR170C	0.452
YGL123C-A	4932.YGL123C-A	0.451
YFL051C	4932.YFL051C	0.451
YFL063W	4932.YFL063W	0.451
YNL067W-A	4932.YNL067W-A	0.451
YBR012C	4932.YBR012C	0.45
YAL065C	4932.YAL065C	0.449
YIL166C	4932.YIL166C	0.449
YGR051C	4932.YGR051C	0.449
YMR316C-A	4932.YMR316C-A	0.449
YOR029W	4932.YOR029W	0.449
YPL197C	4932.YPL197C	0.449
YJL064W	4932.YJL064W	0.448
COS111	4932.YBR203W	0.447
YJL127C-B	4932.YJL127C-B	0.447
YKL225W	4932.YKL225W	0.447
YOL079W	4932.YOL079W	0.447
LCL1	4932.YPL056C	0.447
YEL010W	4932.YEL010W	0.446
YGR164W	4932.YGR164W	0.446
PEX9	4932.YMR018W	0.446
YFR035C	4932.YFR035C	0.445
YIL032C	4932.YIL032C	0.445
YNL203C	4932.YNL203C	0.444
YJL120W	4932.YJL120W	0.443
YLR012C	4932.YLR012C	0.443
RRT16	4932.YNL105W	0.443
FLO5	4932.YHR211W	0.443
YBR103C-A	4932.YBR103C-A	0.442
YNL205C	4932.YNL205C	0.442
YOL037C	4932.YOL037C	0.442
YHR165W-A	4932.YHR165W-A	0.442
YKR040C	4932.YKR040C	0.441
IRC13	4932.YOR235W	0.441
YDR541C	4932.YDR541C	0.441
LDS1	4932.YAL018C	0.44
YCR050C	4932.YCR050C	0.44
YDR094W	4932.YDR094W	0.44
YMR082C	4932.YMR082C	0.439
YIL059C	4932.YIL059C	0.438
AIM26	4932.YKL037W	0.438
MER1	4932.YNL210W	0.438
YNL174W	4932.YNL174W	0.437
YJL052C-A	4932.YJL052C-A	0.436
YJR157W	4932.YJR157W	0.436
YKL030W	4932.YKL030W	0.436
YIM2	4932.YMR151W	0.435
YDR543C	4932.YDR543C	0.435
YBR174C	4932.YBR174C	0.434
YCR045W-A	4932.YCR045W-A	0.432
YGR025W	4932.YGR025W	0.432
OPI8	4932.YKR035C	0.432
TRK2	4932.YKR050W	0.432
SPO16	4932.YHR153C	0.431
VBA5	4932.YKR105C	0.431
YLR339C	4932.YLR339C	0.431
PDR11	4932.YIL013C	0.43
AUA1	4932.YFL010W-A	0.43
YOL038C-A	4932.YOL038C-A	0.43
YDR220C	4932.YDR220C	0.429
YIL100W	4932.YIL100W	0.429
YLR252W	4932.YLR252W	0.428
YCR097W-A	4932.YCR097W-A	0.427
YFR056C	4932.YFR056C	0.426
GAT4	4932.YIR013C	0.426
YPL035C	4932.YPL035C	0.426
RRT15	4932.YLR162W-A	0.425
PCH2	4932.YBR186W	0.424
YOR008W-B	4932.YOR008W-B	0.424
YMR304C-A	4932.YMR304C-A	0.424
YHR130C	4932.YHR130C	0.423
YPR002C-A	4932.YPR002C-A	0.423
YER088W-B	4932.YER088W-B	0.423
COX3	4932.Q0275	0.423
YPL251W	4932.YPL251W	0.422
YDL026W	4932.YDL026W	0.422
YGL042C	4932.YGL042C	0.422
YGR273C	4932.YGR273C	0.421
YDL176W	4932.YDL176W	0.421
YLR154C-G	4932.YLR154C-G	0.42
YPR074W-A	4932.YPR074W-A	0.419
YCL023C	4932.YCL023C	0.418
YDR327W	4932.YDR327W	0.418
YJL067W	4932.YJL067W	0.417
YOR325W	4932.YOR325W	0.417
YDL023C	4932.YDL023C	0.417
YLR123C	4932.YLR123C	0.417
YFR012W-A	4932.YFR012W-A	0.416
YIL058W	4932.YIL058W	0.416
YPR012W	4932.YPR012W	0.416
YIR020C	4932.YIR020C	0.413
YMR086C-A	4932.YMR086C-A	0.413
YIL068W-A	4932.YIL068W-A	0.413
SPS22	4932.YCL048W	0.412
YBR209W	4932.YBR209W	0.412
BDS1	4932.YOL164W	0.411
YML101C-A	4932.YML101C-A	0.411
YBL044W	4932.YBL044W	0.411
YJL028W	4932.YJL028W	0.411
YLR124W	4932.YLR124W	0.41
YBR232C	4932.YBR232C	0.409
DGR1	4932.YNL130C-A	0.405
ALP1	4932.YNL270C	0.404
YJL215C	4932.YJL215C	0.404
YAR053W	4932.YAR053W	0.402
SEC59	4932.YMR013C	0.401
YIL086C	4932.YIL086C	0.398
YAR029W	4932.YAR029W	0.397
YCL001W-B	4932.YCL001W-B	0.397
DIT1	4932.YDR403W	0.396
YDL240C-A	4932.YDL240C-A	0.395
YLL066W-A	4932.YLL066W-A	0.395
YJL150W	4932.YJL150W	0.39
YKR032W	4932.YKR032W	0.39
YGR064W	4932.YGR064W	0.388
YGR039W	4932.YGR039W	0.387
YGL217C	4932.YGL217C	0.385
YNL338W	4932.YNL338W	0.385
GPI18	4932.YBR004C	0.385
YDR199W	4932.YDR199W	0.385
YDL159W-A	4932.YDL159W-A	0.384
YDR048C	4932.YDR048C	0.382
YAL069W	4932.YAL069W	0.38
YOR329W-A	4932.YOR329W-A	0.379
YEL067C	4932.YEL067C	0.378
YHR213W-A	4932.YHR213W-A	0.377
YPR096C	4932.YPR096C	0.377
YBR196C-A	4932.YBR196C-A	0.375
YMR158W-B	4932.YMR158W-B	0.373
YAR030C	4932.YAR030C	0.373
YPR099C	4932.YPR099C	0.373
YIL102C	4932.YIL102C	0.371
YBR121C-A	4932.YBR121C-A	0.369
YOR161W-A	4932.YOR161W-A	0.369
IRC19	4932.YLL033W	0.369
LSO1	4932.YJR005C-A	0.363
YOL166C	4932.YOL166C	0.362
DIN7	4932.YDR263C	0.362
YAL059C-A	4932.YAL059C-A	0.361
YAL045C	4932.YAL045C	0.359
YAL064W	4932.YAL064W	0.359
YLR399W-A	4932.YLR399W-A	0.358
YDR182W-A	4932.YDR182W-A	0.358
TIR4	4932.YOR009W	0.354
YLR364C-A	4932.YLR364C-A	0.349
TIR2	4932.YOR010C	0.343
YER147C-A	4932.YER147C-A	0.34
YPR077C	4932.YPR077C	0.34
YDR246W-A	4932.YDR246W-A	0.337
AQY3	4932.YFL054C	0.333
YIR040C	4932.YIR040C	0.332
YKL223W	4932.YKL223W	0.332
YOR379C	4932.YOR379C	0.325
YML034C-A	4932.YML034C-A	0.325
YIL066W-A	4932.YIL066W-A	0.318
YBL077W	4932.YBL077W	0.315
YDL016C	4932.YDL016C	0.307
YLR294C	4932.YLR294C	0.3
ALG7	4932.YBR243C	0.298
YDR118W-A	4932.YDR118W-A	0.297
STE3	4932.YKL178C	0.287
YER046W-A	4932.YER046W-A	0.285
YGR011W	4932.YGR011W	0.284
YIR020W-A	4932.YIR020W-A	0.283
YIL115W-A	4932.YIL115W-A	0.282
GPI15	4932.YNL038W	0.276
YPL250W-A	4932.YPL250W-A	0.272
YER165C-A	4932.YER165C-A	0.267
PUS2	4932.YGL063W	0.265
YGL194C-A	4932.YGL194C-A	0.263
YBR221W-A	4932.YBR221W-A	0.261
YFR009W-A	4932.YFR009W-A	0.26
YNL097C-B	4932.YNL097C-B	0.259
PAU8	4932.YAL068C	0.256
YDR524C-B	4932.YDR524C-B	0.256
YGR016W	4932.YGR016W	0.254
YEL018C-A	4932.YEL018C-A	0.253
HHY1	4932.YEL059W	0.241
YIL047C-A	4932.YIL047C-A	0.241
YJL032W	4932.YJL032W	0.239
HXT14	4932.YNL318C	0.238
FLO9	4932.YAL063C	0.238
BSC4	4932.YNL269W	0.238
YGL024W	4932.YGL024W	0.231
YEL075W-A	4932.YEL075W-A	0.225
YLR342W-A	4932.YLR342W-A	0.221
YDR406W-A	4932.YDR406W-A	0.22
YOR073W-A	4932.YOR073W-A	0.219
YKL083W	4932.YKL083W	0.219
DAN1	4932.YJR150C	0.218
YML116W-A	4932.YML116W-A	0.215
YAL037C-A	4932.YAL037C-A	0.21
HMLALPHA1	4932.YCL066W	0.21
SLM6	4932.YBR266C	0.208
YFR052C-A	4932.YFR052C-A	0.208
YAL056C-A	4932.YAL056C-A	0.207
YGR121W-A	4932.YGR121W-A	0.206
COM2	4932.YER130C	0.206
GIP1	4932.YBR045C	0.205
YLR157W-E	4932.YLR157W-E	0.202
DSE2	4932.YHR143W	0.202
YHR071C-A	4932.YHR071C-A	0.201
AI3	4932.Q0060	0.198
YHR182C-A	4932.YHR182C-A	0.192
BI2	4932.Q0110	0.192
YEL023C	4932.YEL023C	0.19
ECM13	4932.YBL043W	0.189
MUB1	4932.YMR100W	0.184
YHL002C-A	4932.YHL002C-A	0.181
YIL020C-A	4932.YIL020C-A	0.178
YPR195C	4932.YPR195C	0.177
YPL038W-A	4932.YPL038W-A	0.177
YNL146C-A	4932.YNL146C-A	0.177
YLR030W	4932.YLR030W	0.176
YPS6	4932.YIR039C	0.175
YGL132W	4932.YGL132W	0.171
YHL048C-A	4932.YHL048C-A	0.17
YAL063C-A	4932.YAL063C-A	0.166
YOR169C	4932.YOR169C	0.16
YIL156W-A	4932.YIL156W-A	0.158
YKL118W	4932.YKL118W	0.156
YHR070C-A	4932.YHR070C-A	0.155
YBR141W-A	4932.YBR141W-A	0.155
YGR073C	4932.YGR073C	0.154
YMR307C-A	4932.YMR307C-A	0.154
YIL177W-A	4932.YIL177W-A	0.152
YJL225W-A	4932.YJL225W-A	0.152
CLD1	4932.YGR110W	0.149
YMR230W-A	4932.YMR230W-A	0.145
YOR192C-C	4932.YOR192C-C	0.142
YFL012W-A	4932.YFL012W-A	0.135
YER087C-A	4932.YER087C-A	0.133
YMR290W-A	4932.YMR290W-A	0.133
YDR545C-A	4932.YDR545C-A	0.133
YEL077W-A	4932.YEL077W-A	0.133
YER190C-B	4932.YER190C-B	0.133
YGR296C-B	4932.YGR296C-B	0.133
YLR466C-A	4932.YLR466C-A	0.133
YLR467C-A	4932.YLR467C-A	0.133
YOR396C-A	4932.YOR396C-A	0.133
YPL283W-B	4932.YPL283W-B	0.133
YPR204C-A	4932.YPR204C-A	0.133
YKL096C-B	4932.YKL096C-B	0.131
YPL238C	4932.YPL238C	0.13
YCR024C-B	4932.YCR024C-B	0.125
YHL030W-A	4932.YHL030W-A	0.125
YJL202C	4932.YJL202C	0.124
IMA4	4932.YJL221C	0.124
AI4	4932.Q0065	0.122
YMR030W-A	4932.YMR030W-A	0.122
YER172C-A	4932.YER172C-A	0.119
YMR175W-A	4932.YMR175W-A	0.114
YHL019W-A	4932.YHL019W-A	0.114
YEL030C-A	4932.YEL030C-A	0.112
YIR030W-A	4932.YIR030W-A	0.111
YBL100C	4932.YBL100C	0.109
YAL047W-A	4932.YAL047W-A	0.107
YBR109W-A	4932.YBR109W-A	0.105
YDR442W	4932.YDR442W	0.102
YJL220W	4932.YJL220W	0.101
THI22	4932.YPR121W	0.09
YKR051W	4932.YKR051W	0.089
ARR2	4932.YPR200C	0.087
YAR019W-A	4932.YAR019W-A	0.084
YNR003W-A	4932.YNR003W-A	0.084
YLR140W	4932.YLR140W	0.083
YDL158C	4932.YDL158C	0.08
FIT1	4932.YDR534C	0.077
YKL111C	4932.YKL111C	0.074
TAR1	4932.YLR154W-C	0.073
YOR203W	4932.YOR203W	0.063
YNL150W	4932.YNL150W	0.062
YGL176C	4932.YGL176C	0.053
YHR137C-A	4932.YHR137C-A	0.052
YOR218C	4932.YOR218C	0.051
YNL171C	4932.YNL171C	0.05
YOR293C-A	4932.YOR293C-A	0.05
AVT2	4932.YEL064C	0.047
YLR111W	4932.YLR111W	0.046
CSM4	4932.YPL200W	0.043
YCL046W	4932.YCL046W	0.042
NAG1	4932.YGR031C-A	0.042
YIR020C-B	4932.YIR020C-B	0.04
YTP1	4932.YNL237W	0.038
AI2	4932.Q0055	0.036
YLR152C	4932.YLR152C	0.035
GAS4	4932.YOL132W	0.029
YNL277W-A	4932.YNL277W-A	0.025
YLR307C-A	4932.YLR307C-A	0.022
YJL022W	4932.YJL022W	0.019
FIG2	4932.YCR089W	0.012
AI5_ALPHA	4932.Q0070	0.011
YHR028W-A	4932.YHR028W-A	0.009
YGL109W	4932.YGL109W	0.005
YPR142C	4932.YPR142C	0.003
YGR115C	4932.YGR115C	0.001
