pmid,title,journal,year,cited_in
10022859,Correlation between protein and mRNA abundance in yeast,Mol Cell Biol,1999,docs/research/STRESS_RULES.md:327;docs/research/STRESS_RULES.md:335
10347154,Yap1 and Skn7 control two specialized oxidative stress response regulons in yeast,J Biol Chem,1999,docs/SOURCE_AUDIT.md:387;docs/research/UPR_ANCHOR.md:758
10361303,"The mitosome, a novel organelle related to mitochondria in the amitochondrial parasite Entamoeba histolytica",Mol Microbiol,1999,docs/CITATION_AUDIT.md:100;docs/SOURCE_AUDIT.md:73
10409737,Osmotic stress-induced gene expression in Saccharomyces cerevisiae requires Msn1p and the novel nuclear factor Hot1p,Mol Cell Biol,1999,docs/research/PARAMETER_SOURCES.md:479;docs/research/PARAMETER_SOURCES.md:72
10411744,The heat shock response in yeast: differential regulations and contributions of the Msn2p/Msn4p and Hsf1p regulons,Mol Microbiol,1999,docs/CITATION_AUDIT.md:230;docs/CROSS_FAMILY.md:63;docs/SOURCE_AUDIT.md:350;docs/research/PARAMETER_SOURCES.md:96;src/ystwin/generator/families.py:392;src/ystwin/generator/stress_panel.py:231
10468205,Reactivity of biologically important thiol compounds with superoxide and hydrogen peroxide,Free Radic Biol Med,1999,docs/CITATION_AUDIT.md:255;docs/superseded/pool-before-regulon.md:50;src/ystwin/generator/stress_panel.py:330;tests/test_per_module_potency.py:23
10594829,Genome-wide analysis of gene expression regulated by the yeast cell wall integrity signalling pathway,Mol Microbiol,1999,docs/CITATION_AUDIT.md:100;docs/SOURCE_AUDIT.md:73;src/ystwin/generator/stress_panel.py:246
10604474,Induction of autophagy and inhibition of tumorigenesis by beclin 1,Nature,1999,docs/CITATION_AUDIT.md:104;docs/SOURCE_AUDIT.md:77
10604478,The TOR signalling pathway controls nuclear localization of nutrient-regulated transcription factors,Nature,1999,docs/CITATION_AUDIT.md:104;docs/SOURCE_AUDIT.md:77;src/ystwin/generator/stress_panel.py:258
10673398,"The oxidative stress-sensitive yap1 null strain of Saccharomyces cerevisiae becomes resistant due to increased carotenoid levels upon the introduction of the Chlamydomonas reinhardtii cDNA, coding for the 60S ribosomal protein L10a",Biochem Biophys Res Commun,2000,docs/research/STRESS_RULES.md:363;docs/research/STRESS_RULES.md:482;docs/research/STRESS_RULES.md:555;docs/research/STRESS_RULES.md:71
10722658,The transcriptional response of Saccharomyces cerevisiae to osmotic shock. Hot1p and Msn2p/Msn4p are required for the induction of subsets of high osmolarity glycerol pathway-dependent genes,J Biol Chem,2000,docs/research/PARAMETER_SOURCES.md:474;docs/research/PARAMETER_SOURCES.md:72
10847680,Functional and genomic analyses reveal an essential coordination between the unfolded protein response and ER-associated degradation,Cell,2000,docs/SOURCE_AUDIT.md:387;docs/research/UPR_ANCHOR.md:662
10948426,Irreversible heat inactivation of DNase I without RNA degradation,Biotechniques,2000,docs/SOURCE_AUDIT.md:387;docs/research/UPR_ANCHOR.md:746
10951190,Can yeast glycolysis be understood in terms of in vitro kinetics of the constituent enzymes? Testing biochemistry,Eur J Biochem,2000,src/ystwin/mech/atp_teusink2000.py:204;src/ystwin/mech/atp_teusink2000.py:5
10963673,Singular value decomposition for genome-wide expression data processing and modeling,Proc Natl Acad Sci U S A,2000,docs/research/STRESS_RULES.md:211;docs/research/STRESS_RULES.md:589
11013218,H2O2 sensing through oxidation of the Yap1 transcription factor,EMBO J,2000,docs/superseded/pool-before-regulon.md:69;src/ystwin/generator/stress_panel.py:385;src/ystwin/mech/oxidative.py:517;tests/test_per_module_potency.py:60;tests/test_stress_panel.py:73
11050096,Alkaline response genes of Saccharomyces cerevisiae and their relationship to the RIM101 pathway,J Biol Chem,2001,src/ystwin/generator/stress_panel.py:282
11069660,Glucose-induced cAMP signalling in yeast requires both a G-protein coupled receptor system for extracellular glucose detection and a separable hexose kinase-dependent sensing process,Mol Microbiol,2000,src/ystwin/mech/carbon_williamson2009.py:1282;src/ystwin/mech/carbon_williamson2009.py:233
11102521,Genomic expression programs in the response of yeast cells to environmental changes,Mol Biol Cell,2000,docs/CITATION_AUDIT.md:131;docs/CITATION_AUDIT.md:184;docs/EXTERNAL_VALIDATION.md:47;docs/EXTERNAL_VALIDATION.md:571;docs/EXTERNAL_VALIDATION.md:586;docs/SOURCE_AUDIT.md:387;docs/research/EXTERNAL_DATA.md:383;docs/research/PARAMETER_SOURCES.md:149;docs/research/PARAMETER_SOURCES.md:405;docs/research/PARAMETER_SOURCES.md:89;docs/research/PARAMETER_SOURCES.md:92;docs/research/PARAMETER_SOURCES.md:93;docs/research/PARAMETER_SOURCES.md:94;docs/research/PARAMETER_SOURCES.md:95;docs/research/PARAMETER_SOURCES.md:96;docs/research/STRESS_RULES.md:82;docs/research/UPR_ANCHOR.md:777;scripts/run_external_validation.py:139;scripts/run_external_validation.py:142;src/ystwin/citations.py:60;tests/test_citations.py:188;tests/test_citations.py:193
11179418,Remodeling of yeast genome expression in response to environmental changes,Mol Biol Cell,2001,docs/CITATION_AUDIT.md:184;docs/research/EXTERNAL_DATA.md:393;docs/research/PARAMETER_SOURCES.md:150;docs/research/PARAMETER_SOURCES.md:410;docs/research/PARAMETER_SOURCES.md:89;docs/research/PARAMETER_SOURCES.md:93;docs/research/PARAMETER_SOURCES.md:94;docs/research/PARAMETER_SOURCES.md:96;docs/research/STRESS_RULES.md:83;docs/research/STRESS_RULES.md:84;src/ystwin/citations.py:60;tests/test_citations.py:188;tests/test_citations.py:193
11387331,Reducing the environmental sensitivity of yellow fluorescent protein. Mechanism and applications,J Biol Chem,2001,docs/research/GENERATOR_REALISM.md:370;docs/research/GENERATOR_REALISM.md:472;src/ystwin/mech/ph.py:1161;src/ystwin/photophysics.py:41;tests/test_environment_sweep.py:185;tests/test_photophysics.py:139
11595189,Block of HAC1 mRNA translation by long-range base pairing is released by cytoplasmic splicing upon induction of the unfolded protein response,Cell,2001,docs/CITATION_AUDIT.md:82;docs/SOURCE_AUDIT.md:387;docs/research/UPR_ANCHOR.md:612
11698381,Yeast PalA/AIP1/Alix homolog Rim20p associates with a PEST-like region and is required for its proteolytic cleavage,J Bacteriol,2001,docs/CITATION_AUDIT.md:260;src/ystwin/generator/stress_panel.py:281
11753368,A variant of yellow fluorescent protein with fast and efficient maturation for cell-biological applications,Nat Biotechnol,2002,docs/research/GENERATOR_REALISM.md:348;docs/research/GENERATOR_REALISM.md:465;src/ystwin/generator/culture.py:384;tests/test_crabtree_transition.py:192
11782433,Acute glucose starvation activates the nuclear localization signal of a stress-specific yeast transcription factor,EMBO J,2002,src/ystwin/mech/state.py:630;tests/test_mech_integrate.py:102
11918814,Control of 26S proteasome expression by transcription factors regulating multidrug resistance in Saccharomyces cerevisiae,Mol Microbiol,2002,docs/SOURCE_AUDIT.md:353;docs/research/PARAMETER_SOURCES.md:74;src/ystwin/generator/stress_panel.py:237
11967066,HSF and Msn2/4p can exclusively or cooperatively activate the yeast HSP104 gene,Mol Microbiol,2002,docs/research/PARAMETER_SOURCES.md:458;docs/research/PARAMETER_SOURCES.md:70
12134151,Revealing modular organization in the yeast transcriptional network,Nat Genet,2002,docs/research/PARAMETER_SOURCES.md:156;docs/research/PARAMETER_SOURCES.md:448
12184808,Accurate normalization of real-time quantitative RT-PCR data by geometric averaging of multiple internal control genes,Genome Biol,2002,docs/CITATION_AUDIT.md:169;docs/SOURCE_AUDIT.md:387;docs/research/UPR_ANCHOR.md:722
12399584,Transcriptional regulatory networks in Saccharomyces cerevisiae,Science,2002,docs/research/PARAMETER_SOURCES.md:152;docs/research/PARAMETER_SOURCES.md:435
12429058,Exploring the conditional coregulation of yeast gene expression through fuzzy k-means clustering,Genome Biol,2002,docs/research/STRESS_RULES.md:212;docs/research/STRESS_RULES.md:589
12437921,A thiol peroxidase is an H2O2 receptor and redox-transducer in gene activation,Cell,2002,docs/superseded/pool-before-regulon.md:59;src/ystwin/mech/oxidative.py:518;tests/test_per_module_potency.py:26
12482873,"Cyclin D3 is a cofactor of retinoic acid receptors, modulating their activity in the presence of cellular retinoic acid-binding protein II",J Biol Chem,2003,docs/CITATION_AUDIT.md:103;docs/SOURCE_AUDIT.md:76
12489126,Automated screening in environmental arrays allows analysis of quantitative phenotypic profiles in Saccharomyces cerevisiae,Yeast,2003,docs/research/PARAMETER_SOURCES.md:542
12509465,The transcription factor Rim101p governs ion tolerance and cell differentiation by direct repression of the regulatory genes NRG1 and SMP1 in Saccharomyces cerevisiae,Mol Cell Biol,2003,docs/CITATION_AUDIT.md:110;docs/SOURCE_AUDIT.md:83;src/ystwin/generator/stress_panel.py:285
12588995,"War1p, a novel transcription factor controlling weak acid stress response in yeast",Mol Cell Biol,2003,docs/CITATION_AUDIT.md:110;docs/SOURCE_AUDIT.md:83
12641468,"Bacterial phytoene synthase: molecular cloning, expression, and characterization of Erwinia herbicola phytoene synthase",Biochemistry,2003,docs/research/STRESS_RULES.md:428
12676948,Multiple pathways are co-regulated by the protein kinase Snf1 and the transcription factors Adr1 and Cat8,J Biol Chem,2003,docs/CITATION_AUDIT.md:103;docs/CITATION_AUDIT.md:182;docs/SOURCE_AUDIT.md:76;docs/research/PARAMETER_SOURCES.md:496;docs/research/PARAMETER_SOURCES.md:73;src/ystwin/citations.py:59;src/ystwin/generator/stress_panel.py:255;tests/test_citations.py:200
12740579,Module networks: identifying regulatory modules and their condition-specific regulators from gene expression data,Nat Genet,2003,docs/research/PARAMETER_SOURCES.md:156;docs/research/PARAMETER_SOURCES.md:450;docs/research/STRESS_RULES.md:210;docs/research/STRESS_RULES.md:589
13034889,Anaerobic nutrition of Saccharomyces cerevisiae. I. Ergosterol requirement for growth in a defined medium,J Cell Comp Physiol,1953,docs/EXTERNAL_PRODUCT_VALIDATION.md:68;docs/research/GENERATOR_REALISM.md:301;docs/research/GENERATOR_REALISM.md:470;scripts/run_environment_sweep.py:94;src/ystwin/fba/stress_oxygen.py:210;src/ystwin/generator/context.py:128;src/ystwin/generator/context.py:197;src/ystwin/generator/context.py:276;tests/test_environment_sweep.py:101;tests/test_external_torello_pianale.py:16
14556853,Two redox centers within Yap1 for H2O2 and thiol-reactive chemicals signaling,Free Radic Biol Med,2003,docs/superseded/pool-before-regulon.md:128;src/ystwin/generator/stress_panel.py:415
14562106,Global analysis of protein expression in yeast,Nature,2003,src/ystwin/mech/burden.py:384
14611662,Application of independent component analysis to microarrays,Genome Biol,2003,docs/research/STRESS_RULES.md:213;docs/research/STRESS_RULES.md:589
14645222,Decrease of H2O2 plasma membrane permeability during adaptation to H2O2 in Saccharomyces cerevisiae,J Biol Chem,2004,src/ystwin/mech/oxidative.py:226;src/ystwin/mech/oxidative.py:7;src/ystwin/mech/state.py:476
14673099,Network component analysis: reconstruction of regulatory signals in biological systems,Proc Natl Acad Sci U S A,2003,docs/FINDINGS.md:707;docs/research/STRESS_RULES.md:207;docs/research/STRESS_RULES.md:236;docs/research/STRESS_RULES.md:577
14676322,High-resolution yeast phenomics resolves different physiological features in the saline response,Proc Natl Acad Sci U S A,2003,docs/research/PARAMETER_SOURCES.md:550
14748040,Optimal designs for Michaelis-Menten kinetic studies,Stat Med,2004,docs/WHY_INTERPOLATION_WORKS.md:50
1503777,Magnesium-dependent thermostability of DNase I,Biotechniques,1992,docs/SOURCE_AUDIT.md:387;docs/research/UPR_ANCHOR.md:748
15129285,Integrating high-throughput and computational data elucidates bacterial networks,Nature,2004,docs/research/STRESS_RULES.md:291
15135069,Regulation of the yeast phospholipid hydroperoxide glutathione peroxidase GPX2 by oxidative stress is mediated by Yap1 and Skn7,FEBS Lett,2004,docs/SOURCE_AUDIT.md:387;docs/research/UPR_ANCHOR.md:765
15225652,Distinct regulatory mechanism of yeast GPX2 encoding phospholipid hydroperoxide glutathione peroxidase by oxidative stress and a calcineurin/Crz1-mediated Ca2+ signaling pathway,FEBS Lett,2004,docs/SOURCE_AUDIT.md:387;docs/research/UPR_ANCHOR.md:767
1523884,Effect of benzoic acid on metabolic fluxes in yeasts: a continuous-culture study on the regulation of respiration and alcoholic fermentation,Yeast,1992,src/ystwin/fba/stress_oxygen.py:230;src/ystwin/fba/stress_oxygen.py:234
15314654,IRE1-independent gain control of the unfolded protein response,PLoS Biol,2004,docs/SOURCE_AUDIT.md:387;docs/research/UPR_ANCHOR.md:619
15343339,Transcriptional regulatory code of a eukaryotic genome,Nature,2004,docs/EXTERNAL_VALIDATION.md:576;docs/EXTERNAL_VALIDATION.md:67;docs/research/PARAMETER_SOURCES.md:151;docs/research/PARAMETER_SOURCES.md:432
15353451,A Bayesian approach to reconstructing genetic regulatory networks with hidden factors,Bioinformatics,2005,docs/research/STRESS_RULES.md:209
15353587,Sfp1 is a stress- and nutrient-sensitive regulator of ribosomal protein gene expression,Proc Natl Acad Sci U S A,2004,docs/research/STRESS_RULES.md:475;docs/research/STRESS_RULES.md:93
15608218,PROPHECY--a database for high-resolution phenomics,Nucleic Acids Res,2005,docs/research/PARAMETER_SOURCES.md:158;docs/research/PARAMETER_SOURCES.md:553
15628880,Kinetic analysis of YPD1-dependent phosphotransfer reactions in the yeast osmoregulatory phosphorelay system,Biochemistry,2005,src/ystwin/mech/state.py:380;src/ystwin/mech/state.py:389;tests/test_mech_integrate.py:618
1593896,Network analysis of intermediary metabolism using linear optimization. I. Development of mathematical formalism,J Theor Biol,1992,docs/research/HYBRID_METHODS.md:60
1593897,Network analysis of intermediary metabolism using linear optimization. II. Interpretation of hybridoma cell metabolism,J Theor Biol,1992,docs/research/HYBRID_METHODS.md:60
16025103,Integrative model of the response of yeast to osmotic shock,Nat Biotechnol,2005,docs/research/STRESS_RULES.md:165;docs/research/STRESS_RULES.md:178;docs/research/STRESS_RULES.md:575
16123130,Tuning genetic control through promoter engineering,Proc Natl Acad Sci U S A,2005,docs/SECOND_DATASET_HUNT.md:223;docs/SECOND_DATASET_HUNT.md:305
16317076,Systems Biology Toolbox for MATLAB: a computational platform for research in systems biology,Bioinformatics,2006,src/ystwin/mech/carbon_williamson2009.py:476
16371132,Yeast unfolded protein response pathway regulates expression of genes for anti-oxidative stress and for cell surface proteins,Genes Cells,2006,docs/SOURCE_AUDIT.md:387;docs/research/UPR_ANCHOR.md:670
16403793,Using a state-space model with hidden variables to infer transcription factor activities,Bioinformatics,2006,docs/research/STRESS_RULES.md:208
16407158,Generating disulfides enzymatically: reaction products and electron acceptors of the endoplasmic reticulum thiol oxidase Ero1p,Proc Natl Acad Sci U S A,2006,src/ystwin/fba/insulin.py:418;src/ystwin/fba/stress_heterologous.py:10;tests/test_insulin_pathway.py:282;tests/test_stress_heterologous.py:473
16488912,Exploring the potential of the bacterial carotene desaturase CrtI to increase the beta-carotene content in Golden Rice,J Exp Bot,2006,docs/research/STRESS_RULES.md:404
16522208,An improved map of conserved regulatory sites for Saccharomyces cerevisiae,BMC Bioinformatics,2006,docs/EXTERNAL_VALIDATION.md:109;docs/EXTERNAL_VALIDATION.md:573;docs/FINDINGS.md:954;docs/PRODUCT_ARCHITECTURE.md:136;scripts/run_external_validation.py:134;scripts/run_external_validation.py:141;scripts/run_regulation.py:125;src/ystwin/bridge/regulation.py:110
16534932,Convenient Model To Describe the Combined Effects of Temperature and pH on Microbial Growth,Appl Environ Microbiol,1995,docs/research/GENERATOR_REALISM.md:389;docs/research/GENERATOR_REALISM.md:474;src/ystwin/generator/context.py:300;src/ystwin/generator/context.py:333;src/ystwin/generator/context.py:351
16554305,Crystal structure of type-III geranylgeranyl pyrophosphate synthase from Saccharomyces cerevisiae and the mechanism of product chain length determination,J Biol Chem,2006,docs/research/STRESS_RULES.md:422
16556235,A stress regulatory network for co-ordinated activation of proteasome expression mediated by yeast heat shock transcription factor,Mol Microbiol,2006,docs/CROSS_FAMILY.md:63;docs/SOURCE_AUDIT.md:354;docs/research/PARAMETER_SOURCES.md:499;docs/research/PARAMETER_SOURCES.md:74;docs/research/PARAMETER_SOURCES.md:97;src/ystwin/generator/families.py:388;src/ystwin/generator/stress_panel.py:237
16606697,Integrated analysis of regulatory and metabolic networks reveals novel regulatory mechanisms in Saccharomyces cerevisiae,Genome Res,2006,docs/research/STRESS_RULES.md:290
16762362,Comprehensive analysis of combinatorial regulation using the transcriptional regulatory network of yeast,J Mol Biol,2006,docs/research/PARAMETER_SOURCES.md:155;docs/research/PARAMETER_SOURCES.md:440
16788595,Putative regulatory sites unraveled by network-embedded thermodynamic analysis of metabolome data,Mol Syst Biol,2006,docs/FINDINGS.md:2255;docs/SOURCE_AUDIT.md:376;src/ystwin/bridge/thermodynamic.py:10;tests/test_thermodynamic_bridge.py:11
16862137,A comprehensive library of fluorescent transcriptional reporters for Escherichia coli,Nat Methods,2006,docs/research/EXTERNAL_DATA.md:256;docs/research/GENERALIZATION.md:316;docs/research/GENERALIZATION.md:693;docs/research/PARAMETER_SOURCES.md:367;docs/research/PARAMETER_SOURCES.md:617
16896607,Hydrogen peroxide-induced astaxanthin biosynthesis and catalase activity in Xanthophyllomyces dendrorhous,Appl Microbiol Biotechnol,2006,src/ystwin/bridge/stress_diversion.py:87;src/ystwin/bridge/stress_diversion.py:92
16899212,Error propagation in relative real-time reverse transcription polymerase chain reaction quantification models: the balance between accuracy and precision,Anal Biochem,2006,docs/SOURCE_AUDIT.md:386;docs/research/G4_STATISTICS.md:117
17023428,The transcriptional response of the yeast Na(+)-ATPase ENA1 gene to alkaline stress involves three main signaling pathways,J Biol Chem,2006,docs/research/PARAMETER_SOURCES.md:486;docs/research/PARAMETER_SOURCES.md:68;src/ystwin/generator/stress_panel.py:557
17105650,Growth-rate regulated genes have profound impact on interpretation of transcriptome profiling in Saccharomyces cerevisiae,Genome Biol,2006,docs/research/STRESS_RULES.md:103;docs/research/STRESS_RULES.md:104;docs/research/STRESS_RULES.md:113;docs/research/STRESS_RULES.md:31;docs/research/STRESS_RULES.md:479
17108329,SCFCdc4-mediated degradation of the Hac1p transcription factor regulates the unfolded protein response in Saccharomyces cerevisiae,Mol Biol Cell,2007,src/ystwin/mech/upr.py:282;src/ystwin/mech/upr.py:812
17172310,Thermodynamics-based metabolic flux analysis,Biophys J,2007,docs/SOURCE_AUDIT.md:374;src/ystwin/bridge/tmfa.py:8;tests/test_tmfa.py:8
17192845,Factors involved in anaerobic growth of Saccharomyces cerevisiae,Yeast,2007,src/ystwin/fba/stress_oxygen.py:19;src/ystwin/fba/stress_oxygen.py:375
17210445,Reactions of yeast thioredoxin peroxidases I and II with hydrogen peroxide and peroxynitrite: rate constants by competitive kinetics,Free Radic Biol Med,2007,docs/superseded/pool-before-regulon.md:52;src/ystwin/generator/stress_panel.py:331;src/ystwin/mech/oxidative.py:491;tests/test_per_module_potency.py:23
17237792,Single-cell quantification of molecules and rates using open-source microscope-based cytometry,Nat Methods,2007,docs/research/EXTERNAL_DATA.md:349;src/ystwin/mech/state.py:501;tests/test_mech_integrate.py:337
17287356,Increasing NADH oxidation reduces overflow metabolism in Saccharomyces cerevisiae,Proc Natl Acad Sci U S A,2007,docs/FINDINGS.md:2240;docs/SOURCE_AUDIT.md:378;src/ystwin/bridge/thermodynamic.py:6;tests/test_thermodynamic_bridge.py:6
17484738,Generic and specific transcriptional responses to different weak organic acids in anaerobic chemostat cultures of Saccharomyces cerevisiae,FEMS Yeast Res,2007,src/ystwin/mech/ph.py:1594;src/ystwin/mech/ph.py:534
17496128,High-level production of beta-carotene in Saccharomyces cerevisiae by successive transformation with carotenogenic genes from Xanthophyllomyces dendrorhous,Appl Environ Microbiol,2007,docs/EXTERNAL_CAROTENOID_BOUND.md:113;docs/EXTERNAL_CAROTENOID_BOUND.md:240;docs/FINDINGS.md:84;docs/MEASUREMENTS_NEEDED.md:275;docs/research/CALIBRATION_DATA.md:120;docs/research/CAROTENOID_ENERGIES.md:7;docs/research/STRESS_RULES.md:403;docs/research/STRESS_RULES.md:455;docs/research/STRESS_RULES.md:580;docs/research/STRESS_RULES.md:582;src/ystwin/fba/carotenoid.py:167;tests/test_carotenoid_ec.py:133;tests/test_carotenoid_pathway.py:62
17573937,"Commonly used Saccharomyces cerevisiae strains (e.g. BY4741, W303) are growth sensitive on synthetic complete medium due to poor leucine uptake",FEMS Microbiol Lett,2007,docs/research/PARAMETER_SOURCES.md:128;docs/research/PARAMETER_SOURCES.md:237;docs/research/PARAMETER_SOURCES.md:560
17605132,Comparative genomics of the environmental stress response in ascomycete fungi,Yeast,2007,docs/research/PARAMETER_SOURCES.md:414;docs/research/STRESS_RULES.md:87
17959824,"Coordination of growth rate, cell cycle, stress response, and metabolic activity in yeast",Mol Biol Cell,2008,docs/SOURCE_AUDIT.md:387;docs/research/STRESS_RULES.md:100;docs/research/STRESS_RULES.md:101;docs/research/STRESS_RULES.md:102;docs/research/STRESS_RULES.md:215;docs/research/STRESS_RULES.md:29;docs/research/STRESS_RULES.md:479;docs/research/STRESS_RULES.md:99;docs/research/UPR_ANCHOR.md:781
18218902,The frequency dependence of osmo-adaptation in Saccharomyces cerevisiae,Science,2008,docs/research/STRESS_RULES.md:164;docs/research/STRESS_RULES.md:477;docs/research/STRESS_RULES.md:494;src/ystwin/mech/state.py:465
18374652,Diverse two-dimensional input functions control bacterial sugar genes,Mol Cell,2008,docs/research/GENERALIZATION.md:325;docs/research/GENERALIZATION.md:698
18383140,Determination of the cytosolic free NAD/NADH ratio in Saccharomyces cerevisiae under steady-state and highly dynamic conditions,Biotechnol Bioeng,2008,docs/FINDINGS.md:2394;docs/SOURCE_AUDIT.md:375;src/ystwin/bridge/tmfa.py:196;tests/test_tmfa.py:111
18469822,Real-time imaging of the intracellular glutathione redox potential,Nat Methods,2008,docs/SOURCE_AUDIT.md:357;src/ystwin/generator/stress_panel.py:289;src/ystwin/generator/stress_panel.py:564
18502746,Vacuolar and plasma membrane proton pumps collaborate to achieve cytosolic pH homeostasis in yeast,J Biol Chem,2008,src/ystwin/mech/ph.py:627
18555421,Analysis of unstable recombinant Saccharomyces cerevisiae population growth in selective medium,Biotechnol Bioeng,1986,src/ystwin/mech/population.py:433
18576378,Effect of growth rate and expression level on plasmid stability in Saccharomyces cerevisiae,Biotechnol Bioeng,1987,src/ystwin/mech/population.py:285;src/ystwin/mech/population.py:443
18613954,Oxygen dependence of metabolic fluxes and energy generation of Saccharomyces cerevisiae CEN.PK113-1A,BMC Syst Biol,2008,docs/ARCHITECTURE.md:770;docs/EXTERNAL_PRODUCT_VALIDATION.md:205;src/ystwin/bridge/stress_diversion.py:80;src/ystwin/fba/stress_pools.py:36;tests/test_stress_diversion.py:236
18627600,Structure and properties of transcriptional networks driving selenite stress response in yeasts,BMC Genomics,2008,docs/CITATION_AUDIT.md:230;docs/SOURCE_AUDIT.md:356;docs/research/PARAMETER_SOURCES.md:75;docs/research/PARAMETER_SOURCES.md:76;src/ystwin/generator/stress_panel.py:242;src/ystwin/generator/stress_panel.py:274
18636606,A novel feeding strategy for enhanced plasmid stability and protein production in recombinant yeast fedbatch fermentation,Biotechnol Bioeng,1997,src/ystwin/mech/population.py:14;src/ystwin/mech/population.py:368
18676708,Physiological and transcriptional responses to high concentrations of lactic acid in anaerobic chemostat cultures of Saccharomyces cerevisiae,Appl Environ Microbiol,2008,src/ystwin/mech/ph.py:1591;src/ystwin/mech/ph.py:236;src/ystwin/mech/ph.py:243;src/ystwin/mech/ph.py:249;src/ystwin/mech/ph.py:353;src/ystwin/mech/ph.py:360;src/ystwin/mech/ph.py:478;src/ystwin/mech/ph.py:571;src/ystwin/mech/ph.py:684;src/ystwin/mech/ph.py:776;src/ystwin/mech/ph.py:95;tests/test_mech_ph.py:13
18753408,Stress-activated genomic expression changes serve a preparative role for impending stress in yeast,Mol Biol Cell,2008,docs/research/STRESS_RULES.md:167;docs/research/STRESS_RULES.md:168;docs/research/STRESS_RULES.md:476
18818649,Frequency-modulated nuclear localization bursts coordinate gene regulation,Nature,2008,docs/research/STRESS_RULES.md:154;docs/research/STRESS_RULES.md:219;docs/research/STRESS_RULES.md:477;src/ystwin/mech/integrate.py:167;src/ystwin/mech/integrate.py:183;src/ystwin/mech/integrate.py:302;src/ystwin/mech/integrate.py:32;src/ystwin/mech/integrate.py:475;src/ystwin/mech/state.py:125;src/ystwin/mech/state.py:443;tests/test_mech_integrate.py:254;tests/test_mech_integrate.py:271;tests/test_mech_integrate.py:515
18854817,Transient transcriptional responses to stress are generated by opposing effects of mRNA production and degradation,Mol Syst Biol,2008,src/ystwin/mech/state.py:491
19026441,Real-time redox measurements during endoplasmic reticulum stress reveal interlinked protein folding functions,Cell,2008,docs/research/PARAMETER_SOURCES.md:511;src/ystwin/mech/upr.py:441;src/ystwin/mech/upr.py:453
19056679,Slow growth induces heat-shock resistance in normal and respiratory-deficient yeast,Mol Biol Cell,2009,docs/research/STRESS_RULES.md:106;docs/research/STRESS_RULES.md:114;docs/research/STRESS_RULES.md:31;docs/research/STRESS_RULES.md:479
19079236,The unfolded protein response signals through high-order assembly of Ire1,Nature,2009,src/ystwin/mech/upr.py:400;src/ystwin/mech/upr.py:967
19119411,Predicting cellular growth from gene expression signatures,PLoS Comput Biol,2009,docs/research/STRESS_RULES.md:105;docs/research/STRESS_RULES.md:215;docs/research/STRESS_RULES.md:243
19245203,Combined experimental and theoretical study of long-range interactions modulating dimerization and activity of yeast geranylgeranyl diphosphate synthase,J Am Chem Soc,2009,docs/research/STRESS_RULES.md:422
19246112,"Effects of temperature, pH and sugar concentration on the growth parameters of Saccharomyces cerevisiae, S. kudriavzevii and their interspecific hybrid",Int J Food Microbiol,2009,docs/research/GENERATOR_REALISM.md:398;docs/research/GENERATOR_REALISM.md:474;src/ystwin/generator/context.py:308;tests/test_environment_sweep.py:144
19246619,The MIQE guidelines: minimum information for publication of quantitative real-time PCR experiments,Clin Chem,2009,docs/SOURCE_AUDIT.md:384;docs/research/G4_STATISTICS.md:104
19592533,Quantitative physiology of Saccharomyces cerevisiae at near-zero specific growth rates,Appl Environ Microbiol,2009,docs/EXTERNAL_PRODUCT_VALIDATION.md:196;docs/research/EXTERNAL_DATA.md:445;scripts/calibrate_glycogen.py:11
19596242,A systems-level analysis of perfect adaptation in yeast osmoregulation,Cell,2009,docs/research/STRESS_RULES.md:163;docs/research/STRESS_RULES.md:176;docs/research/STRESS_RULES.md:19;docs/research/STRESS_RULES.md:477;docs/research/STRESS_RULES.md:575
19607691,Deterministic mathematical models of the cAMP pathway in Saccharomyces cerevisiae,BMC Syst Biol,2009,src/ystwin/mech/carbon_williamson2009.py:197;src/ystwin/mech/carbon_williamson2009.py:5
19714220,Interpreting expression data with metabolic flux models: predicting Mycobacterium tuberculosis mycolic acid production,PLoS Comput Biol,2009,docs/CLAIM_BOUNDARY.md:194;docs/FINDINGS.md:943;docs/PRODUCT_ARCHITECTURE.md:136;docs/research/STRESS_RULES.md:276;scripts/run_regulation.py:22;src/ystwin/bridge/regulation.py:112;src/ystwin/bridge/regulation.py:115;src/ystwin/bridge/regulation.py:12;src/ystwin/fba/audit.py:30
19734328,Identity of the growth-limiting nutrient strongly affects storage carbohydrate accumulation in anaerobic chemostat cultures of Saccharomyces cerevisiae,Appl Environ Microbiol,2009,docs/EXTERNAL_PRODUCT_VALIDATION.md:194
1975265,Physiology of Saccharomyces cerevisiae in anaerobic glucose-limited chemostat cultures,J Gen Microbiol,1990,docs/PRODUCT_ARCHITECTURE.md:363;docs/PRODUCT_ARCHITECTURE.md:73;docs/research/GENERATOR_REALISM.md:313;docs/research/GENERATOR_REALISM.md:469;src/ystwin/fba/stress_oxygen.py:210;src/ystwin/fba/stress_oxygen.py:216;src/ystwin/fba/stress_oxygen.py:224;src/ystwin/fba/stress_oxygen.py:270;src/ystwin/fba/stress_ph.py:646;src/ystwin/generator/context.py:120;src/ystwin/generator/context.py:198;tests/test_environment_sweep.py:101;tests/test_stress_oxygen.py:289;tests/test_stress_oxygen.py:377;tests/test_stress_ph.py:327
19760441,Biotechnological strains of Komagataella (Pichia) pastoris are Komagataella phaffii as determined from multigene sequence analysis,J Ind Microbiol Biotechnol,2009,docs/research/GENERALIZATION.md:372;docs/research/GENERALIZATION.md:720
19801484,Metabolic engineering of Saccharomyces cerevisiae for astaxanthin production and oxidative stress tolerance,Appl Environ Microbiol,2009,docs/EXTERNAL_CAROTENOID_BOUND.md:114;docs/research/STRESS_RULES.md:362;docs/research/STRESS_RULES.md:482;docs/research/STRESS_RULES.md:555;docs/research/STRESS_RULES.md:70
19851443,Invariant distribution of promoter activities in Escherichia coli,PLoS Comput Biol,2009,docs/research/EXTERNAL_DATA.md:244;docs/research/GENERALIZATION.md:320;docs/research/GENERALIZATION.md:695;docs/research/PARAMETER_SOURCES.md:367;docs/research/PARAMETER_SOURCES.md:619
19874630,Validation of reference genes for quantitative expression analysis by real-time RT-PCR in Saccharomyces cerevisiae,BMC Mol Biol,2009,docs/CITATION_AUDIT.md:83;docs/SOURCE_AUDIT.md:387;docs/research/UPR_ANCHOR.md:713
19901341,Protein kinase A and TORC1 activate genes for ribosomal biogenesis by inactivating repressors encoded by Dot6 and its homolog Tod6,Proc Natl Acad Sci U S A,2009,docs/research/STRESS_RULES.md:475;docs/research/STRESS_RULES.md:92;src/ystwin/fba/stress_pathways.py:176
20581803,Cytosolic pH is a second messenger for glucose and regulates the PKA pathway through V-ATPase,EMBO J,2010,docs/SOURCE_AUDIT.md:361;src/ystwin/generator/stress_panel.py:51;src/ystwin/mech/ph.py:629;src/ystwin/mech/ph.py:657;tests/test_atp_sensor.py:249
20625545,BiP binding to the ER-stress sensor Ire1 tunes the homeostatic behavior of the unfolded protein response,PLoS Biol,2010,docs/SOURCE_AUDIT.md:387;docs/research/PARAMETER_SOURCES.md:229;docs/research/PARAMETER_SOURCES.md:276;docs/research/PARAMETER_SOURCES.md:506;docs/research/PARAMETER_SOURCES.md:90;docs/research/UPR_ANCHOR.md:701;src/ystwin/generator/stress_panel.py:352;src/ystwin/mech/integrate.py:46;src/ystwin/mech/state.py:528;src/ystwin/mech/upr.py:22;src/ystwin/mech/upr.py:266;src/ystwin/mech/upr.py:663
20632327,Heterologous carotenoid production in Saccharomyces cerevisiae induces the pleiotropic drug resistance stress response,Yeast,2010,docs/SECOND_DATASET_HUNT.md:136;docs/research/CALIBRATION_DATA.md:117;docs/research/CALIBRATION_DATA.md:31;docs/research/CALIBRATION_DATA.md:374;docs/research/CALIBRATION_DATA.md:391;docs/research/STRESS_RULES.md:360;docs/research/STRESS_RULES.md:454;docs/research/STRESS_RULES.md:539;docs/research/STRESS_RULES.md:581;docs/research/STRESS_RULES.md:582;docs/research/STRESS_RULES.md:72
20876091,Probabilistic integrative modeling of genome-scale metabolic and regulatory networks in Escherichia coli and Mycobacterium tuberculosis,Proc Natl Acad Sci U S A,2010,docs/FINDINGS.md:1019;docs/FINDINGS.md:703;docs/research/STRESS_RULES.md:191;docs/research/STRESS_RULES.md:221;docs/research/STRESS_RULES.md:232;docs/research/STRESS_RULES.md:291;docs/research/STRESS_RULES.md:576;docs/research/STRESS_RULES.md:590;src/ystwin/bridge/regulation.py:46
20887710,Structural and kinetics properties of a mutated phytoene desaturase from Rubrivivax gelatinosus with modified product specificity,Arch Biochem Biophys,2011,docs/research/STRESS_RULES.md:428
21097934,Interdependence of cell growth and gene expression: origins and consequences,Science,2010,docs/research/STRESS_RULES.md:125;docs/research/STRESS_RULES.md:131;docs/research/STRESS_RULES.md:574
21120656,Important role of catalase in the production of β-carotene by recombinant Saccharomyces cerevisiae under H2O2 stress,Curr Microbiol,2011,docs/research/STRESS_RULES.md:361;docs/research/STRESS_RULES.md:551
21187411,Misfolded proteins impose a dosage-dependent fitness cost and trigger a cytosolic unfolded protein response in yeast,Proc Natl Acad Sci U S A,2011,src/ystwin/mech/burden.py:385;src/ystwin/mech/burden.py:742;tests/test_mech_burden.py:1009
21233346,Proteome half-life dynamics in living human cells,Science,2011,docs/research/GENERALIZATION.md:394;docs/research/GENERALIZATION.md:717
21266995,Integrated multilaboratory systems biology reveals differences in protein metabolism between two reference yeast strains,Nat Commun,2010,docs/research/EXTERNAL_DATA.md:451
21317255,Temperature adaptation markedly determines evolution within the genus Saccharomyces,Appl Environ Microbiol,2011,docs/research/GENERATOR_REALISM.md:259;docs/research/GENERATOR_REALISM.md:466;src/ystwin/generator/context.py:99;tests/test_environment_sweep.py:45
21335394,Deletion or overexpression of mitochondrial NAD+ carriers in Saccharomyces cerevisiae alters cellular NAD and ATP contents and affects mitochondrial metabolism and the rate of glycolysis,Appl Environ Microbiol,2011,docs/FINDINGS.md:2243;docs/SOURCE_AUDIT.md:379;tests/test_thermodynamic_bridge.py:7
21364882,Heat shock response in yeast involves changes in both transcription rates and mRNA stabilities,PLoS One,2011,src/ystwin/mech/state.py:491
21444684,Homeostatic adaptation to endoplasmic reticulum stress depends on Ire1 kinase activity,J Cell Biol,2011,docs/SOURCE_AUDIT.md:387;docs/research/UPR_ANCHOR.md:706
21452013,Identification of reference genes suitable for normalization of RT-qPCR expression data in Saccharomyces cerevisiae during alcoholic fermentation,Biotechnol Lett,2011,docs/SOURCE_AUDIT.md:387;docs/research/UPR_ANCHOR.md:726
21573686,β-Carotene production by Saccharomyces cerevisiae with regard to plasmid stability and culture media,Appl Microbiol Biotechnol,2011,docs/EXTERNAL_CAROTENOID_BOUND.md:115;docs/EXTERNAL_CAROTENOID_BOUND.md:161;docs/EXTERNAL_CAROTENOID_BOUND.md:243;docs/EXTERNAL_CAROTENOID_BOUND.md:247
21703020,Modeling and measuring intracellular fluxes of secreted recombinant protein in Pichia pastoris with a novel 34S labeling procedure,Microb Cell Fact,2011,docs/MEASUREMENTS_NEEDED.md:112;docs/SECOND_DATASET_HUNT.md:114;scripts/audit_claims.py:800;src/ystwin/pathway/solve.py:132
21730963,"Sch9 regulates ribosome biogenesis via Stb3, Dot6 and Tod6 and the histone deacetylase complex RPD3L",EMBO J,2011,src/ystwin/fba/stress_pathways.py:176
21943338,"TIGER: Toolbox for integrating genome-scale metabolic models, expression data, and transcriptional regulatory networks",BMC Syst Biol,2011,docs/research/STRESS_RULES.md:276
21965291,Genome-wide analysis of yeast stress survival and tolerance acquisition to analyze the central trade-off between growth rate and cellular robustness,Mol Biol Cell,2011,docs/research/PARAMETER_SOURCES.md:556;docs/research/STRESS_RULES.md:107;docs/research/STRESS_RULES.md:114;docs/research/STRESS_RULES.md:32;docs/research/STRESS_RULES.md:479
21982710,Phosphatidylcholine synthesis for lipid droplet expansion is mediated by localized activation of CTP:phosphocholine cytidylyltransferase,Cell Metab,2011,docs/CITATION_AUDIT.md:113;docs/SOURCE_AUDIT.md:86
21982714,Imaging cytosolic NADH-NAD(+) redox state with a genetically encoded fluorescent biosensor,Cell Metab,2011,docs/CITATION_AUDIT.md:113;docs/SOURCE_AUDIT.md:86;docs/research/PARAMETER_SOURCES.md:603;src/ystwin/generator/stress_panel.py:301;src/ystwin/generator/stress_panel.py:596
22038037,Osmotic shock augments ethanol stress in Saccharomyces cerevisiae MTCC 2918,Curr Microbiol,2012,src/ystwin/fba/stress_pools.py:187
22080204,Enhanced production of β-carotene by recombinant industrial wine yeast using grape juice as substrate,Curr Microbiol,2012,docs/EXTERNAL_CAROTENOID_BOUND.md:116;docs/EXTERNAL_CAROTENOID_BOUND.md:241;docs/research/STRESS_RULES.md:456;docs/research/STRESS_RULES.md:582
22086347,Enhancement of β-carotene production by over-expression of HMG-CoA reductase coupled with addition of ergosterol biosynthesis inhibitors in recombinant Saccharomyces cerevisiae,Curr Microbiol,2012,docs/EXTERNAL_CAROTENOID_BOUND.md:117;docs/EXTERNAL_CAROTENOID_BOUND.md:239;docs/EXTERNAL_CAROTENOID_BOUND.md:246
22102822,Multiple means to the same end: the genetic basis of acquired stress resistance in yeast,PLoS Genet,2011,docs/research/PARAMETER_SOURCES.md:423;docs/research/STRESS_RULES.md:169;docs/research/STRESS_RULES.md:177;docs/research/STRESS_RULES.md:22;docs/research/STRESS_RULES.md:481;docs/research/STRESS_RULES.md:592
22179789,Signal-dependent dynamics of transcription factor translocation controls gene expression,Nat Struct Mol Biol,2011,docs/research/STRESS_RULES.md:153;docs/research/STRESS_RULES.md:176;docs/research/STRESS_RULES.md:18;docs/research/STRESS_RULES.md:477;docs/research/STRESS_RULES.md:575;src/ystwin/mech/state.py:127;src/ystwin/mech/state.py:454;tests/test_mech_integrate.py:274;tests/test_mech_integrate.py:279
22228834,Correction of RT-qPCR data for genomic DNA-derived signals with ValidPrime,Nucleic Acids Res,2012,docs/SOURCE_AUDIT.md:387;docs/SOURCE_AUDIT.md:97;docs/research/UPR_ANCHOR.md:734
22456505,A conserved cell growth cycle can account for the environmental stress responses of divergent eukaryotes,Mol Biol Cell,2012,docs/FINDINGS.md:715;docs/research/STRESS_RULES.md:108;docs/research/STRESS_RULES.md:190;docs/research/STRESS_RULES.md:206;docs/research/STRESS_RULES.md:244;docs/research/STRESS_RULES.md:33;docs/research/STRESS_RULES.md:44;docs/research/STRESS_RULES.md:579
22561702,Redox-sensitive YFP sensors monitor dynamic nuclear and cytosolic glutathione redox changes,Free Radic Biol Med,2012,docs/superseded/pool-before-regulon.md:73
22705944,Glutathione redox potential in the mitochondrial intermembrane space is linked to the cytosol and impacts the Mia40 redox state,EMBO J,2012,docs/CITATION_AUDIT.md:232;docs/SOURCE_AUDIT.md:358;src/ystwin/generator/stress_panel.py:427;src/ystwin/generator/stress_panel.py:565
22737060,Potassium starvation in yeast: mechanisms of homeostasis revealed by mathematical modeling,PLoS Comput Biol,2012,src/ystwin/mech/ph.py:426
22745782,"On the structure and function of the phytoene desaturase CRTI from Pantoea ananatis, a membrane-peripheral and FAD-dependent oxidase/isomerase",PLoS One,2012,docs/research/STRESS_RULES.md:428
22851651,Cellular memory of acquired stress resistance in Saccharomyces cerevisiae,Genetics,2012,src/ystwin/mech/oxidative.py:1693;src/ystwin/mech/oxidative.py:230;src/ystwin/mech/state.py:540;tests/test_mech_oxidative.py:903
22934050,Integration of expression data in genome-scale metabolic network reconstructions,Front Physiol,2012,docs/research/STRESS_RULES.md:276
22938570,Combined metabolic engineering of precursor and co-factor supply to increase α-santalene production by Saccharomyces cerevisiae,Microb Cell Fact,2012,docs/EXTERNAL_PRODUCT_VALIDATION.md:200;docs/research/CALIBRATION_DATA.md:110;docs/research/CALIBRATION_DATA.md:29;docs/research/CALIBRATION_DATA.md:363
23001666,Quantitative analysis of the modes of growth inhibition by weak organic acids in Saccharomyces cerevisiae,Appl Environ Microbiol,2012,src/ystwin/mech/ph.py:673;src/ystwin/mech/ph.py:930;tests/test_mech_ph.py:545
23009357,Engineering of acetyl-CoA metabolism for the improved production of polyhydroxybutyrate in Saccharomyces cerevisiae,AMB Express,2012,docs/EXTERNAL_PRODUCT_VALIDATION.md:183;scripts/score_phb_environment.py:54;src/ystwin/fba/stress_heterologous.py:197;src/ystwin/fba/stress_heterologous.py:277
23021432,Genome-wide analysis of intracellular pH reveals quantitative control of cell division rate by pH(c) in Saccharomyces cerevisiae,Genome Biol,2012,src/ystwin/mech/ph.py:1078;src/ystwin/mech/ph.py:320;src/ystwin/mech/ph.py:331;src/ystwin/mech/ph.py:342;src/ystwin/mech/ph.py:728
23054834,Basic leucine zipper transcription factor Hac1 binds DNA in two distinct modes as revealed by microfluidic analyses,Proc Natl Acad Sci U S A,2012,src/ystwin/mech/upr.py:306;src/ystwin/mech/upr.py:347
23107142,Characterization of plasmid burden and copy number in Saccharomyces cerevisiae for optimization of metabolic engineering applications,FEMS Yeast Res,2013,src/ystwin/mech/population.py:308
23206695,Proteins contribute insignificantly to the intrinsic buffering capacity of yeast cytoplasm,Biochem Biophys Res Commun,2013,src/ystwin/mech/ph.py:439
23242256,Multiple glutathione disulfide removal pathways mediate cytosolic redox homeostasis,Nat Chem Biol,2013,docs/superseded/pool-before-regulon.md:80;src/ystwin/generator/stress_panel.py:392
23412054,Overexpression and characterization of lycopene cyclase (CrtY) from marine bacterium Paracoccus haeundaensis,J Microbiol Biotechnol,2013,docs/research/STRESS_RULES.md:428
234442,Prenyltransferase from Saccharomyces cerevisiae. Purification to homogeneity and molecular properties,J Biol Chem,1975,docs/research/STRESS_RULES.md:426
23514405,Specific growth rate and substrate dependent polyhydroxybutyrate production in Saccharomyces cerevisiae,AMB Express,2013,docs/EXTERNAL_PRODUCT_VALIDATION.md:110;docs/MEASUREMENTS_NEEDED.md:419;docs/WHAT_IS_LEFT.md:92;scripts/score_phb_environment.py:5;tests/test_phb_environment.py:3
23534508,Control activity of yeast geranylgeranyl diphosphate synthase from dimer interface through H-bonds and hydrophobic interaction,Biochemistry,2013,docs/research/STRESS_RULES.md:422
23591774,Dissecting specific and global transcriptional regulation of bacterial gene expression,Mol Syst Biol,2013,docs/research/EXTERNAL_DATA.md:281
23718229,Enhancing beta-carotene production in Saccharomyces cerevisiae by metabolic engineering,FEMS Microbiol Lett,2013,docs/EXTERNAL_CAROTENOID_BOUND.md:118;docs/EXTERNAL_CAROTENOID_BOUND.md:372;docs/research/CALIBRATION_DATA.md:120
23740476,"Adaptive response to hydrogen peroxide in yeast: induction, time course, and relationship to dose-response models",Environ Mol Mutagen,2013,docs/research/PARAMETER_SOURCES.md:531
23762021,"Quantitative analysis of glycerol accumulation, glycolysis and growth under hyper osmotic stress",PLoS Comput Biol,2013,docs/research/STRESS_RULES.md:166;src/ystwin/fba/stress_pools.py:167;src/ystwin/fba/stress_pools.py:176;src/ystwin/fba/stress_pools.py:196;tests/test_mech_integrate.py:486;tests/test_mech_integrate.py:71
23762325,Distinct redox regulation in sub-cellular compartments in response to various stress conditions in Saccharomyces cerevisiae,PLoS One,2013,docs/CITATION_AUDIT.md:232;docs/SOURCE_AUDIT.md:359;docs/superseded/pool-before-regulon.md:72;src/ystwin/bridge/thermodynamic.py:105;src/ystwin/bridge/thermodynamic.py:159;src/ystwin/generator/stress_panel.py:389;src/ystwin/generator/stress_panel.py:413;src/ystwin/generator/stress_panel.py:428;src/ystwin/generator/stress_panel.py:566;tests/test_per_module_potency.py:48;tests/test_three_sensor_build.py:195
23781215,Yeast adaptation to weak acids prevents futile energy expenditure,Front Microbiol,2013,src/ystwin/mech/ph.py:615
23860829,Construction of a controllable β-carotene biosynthetic pathway by decentralized assembly strategy in Saccharomyces cerevisiae,Biotechnol Bioeng,2014,docs/EXTERNAL_CAROTENOID_BOUND.md:119;docs/EXTERNAL_CAROTENOID_BOUND.md:146;docs/EXTERNAL_CAROTENOID_BOUND.md:235
23861041,Temperature influences β-carotene production in recombinant Saccharomyces cerevisiae expressing carotenogenic genes from Phaffia rhodozyma,World J Microbiol Biotechnol,2014,docs/EXTERNAL_CAROTENOID_BOUND.md:726
24041253,Dilution and the theoretical description of growth-rate dependent gene expression,J Biol Eng,2013,docs/research/PARAMETER_SOURCES.md:134;docs/research/PARAMETER_SOURCES.md:135;docs/research/PARAMETER_SOURCES.md:339;docs/research/PARAMETER_SOURCES.md:580
24169404,Promoters maintain their relative activity levels under different growth conditions,Mol Syst Biol,2013,docs/FINDINGS.md:692;docs/PRODUCT_ARCHITECTURE.md:109;docs/research/EXTERNAL_DATA.md:272;docs/research/PARAMETER_SOURCES.md:132;docs/research/PARAMETER_SOURCES.md:133;docs/research/PARAMETER_SOURCES.md:204;docs/research/PARAMETER_SOURCES.md:236;docs/research/PARAMETER_SOURCES.md:345;docs/research/PARAMETER_SOURCES.md:368;docs/research/PARAMETER_SOURCES.md:568;docs/research/STRESS_RULES.md:189;docs/research/STRESS_RULES.md:202;docs/research/STRESS_RULES.md:237;docs/research/STRESS_RULES.md:43;docs/research/STRESS_RULES.md:480;docs/research/STRESS_RULES.md:577;docs/research/STRESS_RULES.md:589;docs/research/STRESS_RULES.md:594
24189399,Promoter decoding of transcription factor dynamics involves a trade-off between noise and control of gene expression,Mol Syst Biol,2013,docs/research/STRESS_RULES.md:155;docs/research/STRESS_RULES.md:220
24262517,Improving carotenoids production in yeast via adaptive laboratory evolution,Metab Eng,2014,docs/EXTERNAL_CAROTENOID_BOUND.md:120;docs/EXTERNAL_CAROTENOID_BOUND.md:231;docs/research/CALIBRATION_DATA.md:115;docs/research/CALIBRATION_DATA.md:369;docs/research/CALIBRATION_DATA.md:402;docs/research/STRESS_RULES.md:365;docs/research/STRESS_RULES.md:561;docs/research/STRESS_RULES.md:581
24412977,Scalable inference of heterogeneous reaction kinetics from pooled single-cell recordings,Nat Methods,2014,docs/research/STRESS_RULES.md:218
24486029,Polycistronic expression of a β-carotene biosynthetic pathway in Saccharomyces cerevisiae coupled to β-ionone production,J Biotechnol,2014,docs/EXTERNAL_CAROTENOID_BOUND.md:726
24499615,Improving accuracy of cell and chromophore concentration measurements using optical density,BMC Biophys,2013,docs/research/PRODUCT_OBSERVATION.md:264;docs/research/PRODUCT_OBSERVATION.md:49;src/ystwin/observation.py:15
24529170,Glucose de-repression by yeast AMP-activated protein kinase SNF1 is controlled via at least two independent steps,FEBS J,2014,src/ystwin/mech/contracts.py:293
24529382,Global analysis of mRNA isoform half-lives reveals stabilizing and destabilizing elements in yeast,Cell,2014,src/ystwin/mech/oxidative.py:294;src/ystwin/mech/oxidative.py:803
24762745,Systematic evaluation of methods for integration of transcriptomic data into constraint-based models of metabolism,PLoS Comput Biol,2014,docs/FINDINGS.md:1020;docs/research/STRESS_RULES.md:254;docs/research/STRESS_RULES.md:267;docs/research/STRESS_RULES.md:320;docs/research/STRESS_RULES.md:324;docs/research/STRESS_RULES.md:325;docs/research/STRESS_RULES.md:338;docs/research/STRESS_RULES.md:52;src/ystwin/bridge/regulation.py:169;src/ystwin/bridge/regulation.py:50
24766815,Large-scale genetic perturbations reveal regulatory networks and an abundance of gene-specific repressors,Cell,2014,docs/research/PARAMETER_SOURCES.md:154;docs/research/PARAMETER_SOURCES.md:437
24815987,Polarization-sensitive hyperspectral imaging in vivo: a multimode dermoscope for skin analysis,Sci Rep,2014,docs/CITATION_AUDIT.md:112;docs/SOURCE_AUDIT.md:110;docs/SOURCE_AUDIT.md:85
24952590,Cell cycle population effects in perturbation studies,Mol Syst Biol,2014,docs/research/STRESS_RULES.md:110;docs/research/STRESS_RULES.md:111;docs/research/STRESS_RULES.md:216;docs/research/STRESS_RULES.md:33;docs/research/STRESS_RULES.md:479;docs/research/STRESS_RULES.md:579
25024351,yStreX: yeast stress expression database,Database (Oxford),2014,docs/research/PARAMETER_SOURCES.md:158;docs/research/PARAMETER_SOURCES.md:427
25028891,Network thermodynamic curation of human and yeast genome-scale metabolic models,Biophys J,2014,docs/FINDINGS.md:2256;docs/SOURCE_AUDIT.md:377;src/ystwin/bridge/thermodynamic.py:11;tests/test_thermodynamic_bridge.py:12
25181035,IdsA is the major geranylgeranyl pyrophosphate synthase involved in carotenogenesis in Corynebacterium glutamicum,FEBS J,2014,docs/research/STRESS_RULES.md:428
25283467,Diversity in ATP concentrations in a single bacterial cell population revealed by quantitative single-cell imaging,Sci Rep,2014,docs/CITATION_AUDIT.md:112;docs/SOURCE_AUDIT.md:85;docs/research/PARAMETER_SOURCES.md:595;src/ystwin/generator/stress_panel.py:295;src/ystwin/generator/stress_panel.py:577;src/ystwin/generator/stress_panel.py:91;tests/test_atp_sensor.py:246
25285097,Generalized framework for context-specific metabolic model extraction methods,Front Plant Sci,2014,docs/research/STRESS_RULES.md:275
25401080,NADH-dependent biosensor in Saccharomyces cerevisiae: principle and validation at the single cell level,AMB Express,2014,docs/FINDINGS.md:2295;docs/SOURCE_AUDIT.md:364;src/ystwin/generator/stress_panel.py:599
25411400,Pathway connectivity and signaling coordination in the yeast stress-activated signaling network,Mol Syst Biol,2014,docs/research/PARAMETER_SOURCES.md:157;docs/research/PARAMETER_SOURCES.md:452
25423750,[Production of β-carotene by metabolically engineered Saccharomyces cerevisiae],Sheng Wu Gong Cheng Xue Bao,2014,docs/EXTERNAL_CAROTENOID_BOUND.md:121;docs/EXTERNAL_CAROTENOID_BOUND.md:248
25466257,Global proteome turnover analyses of the Yeasts S. cerevisiae and S. pombe,Cell Rep,2014,src/ystwin/mech/oxidative.py:229;src/ystwin/mech/upr.py:292;src/ystwin/mech/upr.py:30;src/ystwin/mech/upr.py:831
25475893,Sequential control of biosynthetic pathways for balanced utilization of metabolic intermediates in Saccharomyces cerevisiae,Metab Eng,2015,docs/EXTERNAL_CAROTENOID_BOUND.md:122;docs/EXTERNAL_CAROTENOID_BOUND.md:146;docs/EXTERNAL_CAROTENOID_BOUND.md:230;docs/research/CALIBRATION_DATA.md:120
25541598,The partitioning and copy number control systems of the selfish yeast plasmid: an optimized molecular design for stable persistence in host cells,Microbiol Spectr,2014,src/ystwin/mech/population.py:358;src/ystwin/mech/population.py:423;src/ystwin/mech/population.py:62
2566299,Enzymic analysis of the crabtree effect in glucose-limited chemostat cultures of Saccharomyces cerevisiae,Appl Environ Microbiol,1989,docs/FINDINGS.md:2459;docs/SOURCE_AUDIT.md:381;tests/test_mech_burden.py:849;tests/test_physiology_validation.py:27
25955212,"SoNar, a Highly Responsive NAD+/NADH Sensor, Allows High-Throughput Metabolic Screening of Anti-tumor Agents",Cell Metab,2015,docs/SOURCE_AUDIT.md:363;src/ystwin/generator/stress_panel.py:597
25957506,Exploiting the yeast stress-activated signaling network to inform on stress biology and disease signaling,Curr Genet,2015,docs/research/PARAMETER_SOURCES.md:157;docs/research/PARAMETER_SOURCES.md:419
25985085,Limits on information transduction through amplitude and frequency regulation of transcription factor activity,Elife,2015,docs/FINDINGS.md:694;docs/PRODUCT_ARCHITECTURE.md:106;docs/research/STRESS_RULES.md:156;docs/research/STRESS_RULES.md:157;docs/research/STRESS_RULES.md:158;docs/research/STRESS_RULES.md:159;docs/research/STRESS_RULES.md:194;docs/research/STRESS_RULES.md:20;docs/research/STRESS_RULES.md:217;docs/research/STRESS_RULES.md:238;docs/research/STRESS_RULES.md:480;docs/research/STRESS_RULES.md:575;docs/research/STRESS_RULES.md:595
26063466,Production of β-ionone by combined expression of carotenogenic and plant CCD1 genes in Saccharomyces cerevisiae,Microb Cell Fact,2015,docs/EXTERNAL_CAROTENOID_BOUND.md:728
26098102,Alleviating Redox Imbalance Enhances 7-Dehydrocholesterol Production in Engineered Saccharomyces cerevisiae,PLoS One,2015,docs/FINDINGS.md:2245;docs/SOURCE_AUDIT.md:380
26179622,Overexpression of ZWF1 and POS5 improves carotenoid biosynthesis in recombinant Saccharomyces cerevisiae,Lett Appl Microbiol,2015,docs/EXTERNAL_CAROTENOID_BOUND.md:726
26355006,Noise in gene expression is coupled to growth rate,Genome Res,2015,docs/research/PARAMETER_SOURCES.md:576
26369953,Growth-rate dependency of de novo resveratrol production in chemostat cultures of an engineered Saccharomyces cerevisiae strain,Microb Cell Fact,2015,docs/SECOND_DATASET_HUNT.md:259;scripts/score_all_products.py:124
26592304,A Toolbox of Diverse Promoters Related to Methanol Utilization: Functionally Verified Parts for Heterologous Pathway Expression in Pichia pastoris,ACS Synth Biol,2016,docs/research/GENERALIZATION.md:376;docs/research/GENERALIZATION.md:723
26725116,The Cost of Protein Production,Cell Rep,2016,docs/research/STRESS_RULES.md:134;src/ystwin/fba/stress_proteostasis.py:104;src/ystwin/fba/stress_proteostasis.py:612;src/ystwin/mech/burden.py:1171;src/ystwin/mech/burden.py:175;src/ystwin/mech/burden.py:308;src/ystwin/mech/burden.py:680;tests/test_mech_burden.py:987;tests/test_stress_proteostasis.py:311
26749524,Decreased fluidity of cell membranes causes a metal ion deficiency in recombinant Saccharomyces cerevisiae producing carotenoids,J Ind Microbiol Biotechnol,2016,docs/EXTERNAL_CAROTENOID_BOUND.md:726
26944189,"Increasing extracellular H2O2 produces a bi-phasic response in intracellular H2O2, with peroxiredoxin hyperoxidation only triggered once the cellular H2O2-buffering capacity is overwhelmed",Free Radic Biol Med,2016,docs/research/PARAMETER_SOURCES.md:107;docs/research/PARAMETER_SOURCES.md:526;src/ystwin/generator/stress_panel.py:402;src/ystwin/mech/oxidative.py:461;src/ystwin/mech/oxidative.py:560;src/ystwin/mech/oxidative.py:586
27046808,Encoding four gene expression programs in the activation dynamics of a single transcription factor,Curr Biol,2016,docs/research/STRESS_RULES.md:160
27104977,On the Dependency of Cellular Protein Levels on mRNA Abundance,Cell,2016,docs/research/STRESS_RULES.md:328;docs/research/STRESS_RULES.md:336
27307591,Adaptation to different types of stress converge on mitochondrial metabolism,Mol Biol Cell,2016,docs/CLAIM_BOUNDARY.md:143;docs/research/STRESS_RULES.md:259;docs/research/STRESS_RULES.md:283;docs/research/STRESS_RULES.md:498;docs/research/STRESS_RULES.md:518;docs/research/STRESS_RULES.md:57;docs/superseded/maintenance-coefficient.md:45
27317316,Maintenance-energy requirements and robustness of Saccharomyces cerevisiae at aerobic near-zero specific growth rates,Microb Cell Fact,2016,docs/FINDINGS.md:2438;docs/SOURCE_AUDIT.md:382;tests/test_physiology_validation.py:49
27320198,Defining the Essential Function of Yeast Hsf1 Reveals a Compact Transcriptional Program for Maintaining Eukaryotic Proteostasis,Mol Cell,2016,docs/research/PARAMETER_SOURCES.md:167;docs/research/PARAMETER_SOURCES.md:490
27327084,E-Flux2 and SPOT: Validated Methods for Inferring Intracellular Metabolic Flux Distributions from Transcriptomic Data,PLoS One,2016,docs/PRODUCT_ARCHITECTURE.md:154;docs/research/STRESS_RULES.md:255;docs/research/STRESS_RULES.md:268;docs/research/STRESS_RULES.md:323;docs/research/STRESS_RULES.md:54
27329233,Lycopene overproduction in Saccharomyces cerevisiae through combining pathway engineering with host engineering,Microb Cell Fact,2016,docs/HARD_TESTS.md:161;docs/MEASUREMENTS_NEEDED.md:140;docs/MEASUREMENTS_NEEDED.md:862;docs/WHAT_IS_LEFT.md:129
27362362,Regulation of the Na+/K+-ATPase Ena1 Expression by Calcineurin/Crz1 under High pH Stress: A Quantitative Study,PLoS One,2016,docs/research/PARAMETER_SOURCES.md:226;docs/research/PARAMETER_SOURCES.md:481;docs/research/PARAMETER_SOURCES.md:68;src/ystwin/generator/stress_panel.py:553
27423881,Characterization of an evolved carotenoids hyper-producer of Saccharomyces cerevisiae through bioreactor parameter optimization and Raman spectroscopy,J Ind Microbiol Biotechnol,2016,docs/EXTERNAL_CAROTENOID_BOUND.md:123;docs/EXTERNAL_CAROTENOID_BOUND.md:227;docs/EXTERNAL_CAROTENOID_BOUND.md:228;docs/MEASUREMENTS_NEEDED.md:235;docs/MEASUREMENTS_NEEDED.md:275;docs/research/CALIBRATION_DATA.md:116;docs/research/CALIBRATION_DATA.md:370;docs/research/CALIBRATION_DATA.md:398
27515486,Systems Level Analysis of the Yeast Osmo-Stat,Sci Rep,2016,src/ystwin/mech/cell_wall_talemi2016.py:233;src/ystwin/mech/cell_wall_talemi2016.py:5
27538565,Cellular growth defects triggered by an overload of protein localization processes,Sci Rep,2016,src/ystwin/mech/burden.py:431;src/ystwin/mech/burden.py:63
27692069,The fail-safe mechanism of post-transcriptional silencing of unspliced HAC1 mRNA,Elife,2016,docs/SOURCE_AUDIT.md:387;docs/research/UPR_ANCHOR.md:616
27789812,Systems-level analysis of mechanisms regulating yeast metabolic flux,Science,2016,docs/research/EXTERNAL_DATA.md:439
27831465,Dynamic control of Hsf1 during heat shock by a chaperone switch and phosphorylation,Elife,2016,src/ystwin/mech/state.py:426
27939849,A squalene synthase protein degradation method for improved sesquiterpene production in Saccharomyces cerevisiae,Metab Eng,2017,docs/research/STRESS_RULES.md:440;docs/research/STRESS_RULES.md:446
27958314,General calibration of microbial growth in microplate readers,Sci Rep,2016,docs/research/EXTERNAL_DATA.md:317;docs/research/GENERATOR_REALISM.md:167;docs/research/PRODUCT_OBSERVATION.md:213;docs/research/PRODUCT_OBSERVATION.md:265
28207166,A set of isomeric episomal plasmids for systematic examination of mitotic stability in Saccharomyces cerevisiae,Yeast,2017,src/ystwin/mech/population.py:275;src/ystwin/mech/population.py:282;src/ystwin/mech/population.py:310;src/ystwin/mech/population.py:346;src/ystwin/mech/population.py:826
28215528,A Systematic Evaluation of Methods for Tailoring Genome-Scale Metabolic Models,Cell Syst,2017,docs/research/STRESS_RULES.md:272
28365149,Absolute Quantification of Protein and mRNA Abundances Demonstrate Variability in Gene-Specific Translation Efficiency in Yeast,Cell Syst,2017,docs/research/STRESS_RULES.md:326;docs/research/STRESS_RULES.md:335
28418333,Nonlinear feedback drives homeostatic plasticity in H(2)O(2) stress response,Elife,2017,docs/CROSS_FAMILY.md:105;docs/research/PARAMETER_SOURCES.md:136;docs/research/PARAMETER_SOURCES.md:228;docs/research/PARAMETER_SOURCES.md:234;docs/research/PARAMETER_SOURCES.md:519;docs/research/PARAMETER_SOURCES.md:88;docs/superseded/pool-before-regulon.md:70;src/ystwin/generator/stress_panel.py:371;src/ystwin/mech/oxidative.py:228;src/ystwin/mech/oxidative.py:31;src/ystwin/mech/state.py:435
28513433,Distributing tasks via multiple input pathways increases cellular survival in stress,Elife,2017,docs/research/EXTERNAL_DATA.md:411
28520713,Combining inferred regulatory and reconstructed metabolic networks enhances phenotype prediction in yeast,PLoS Comput Biol,2017,docs/research/STRESS_RULES.md:289
28526017,The effect of hypoxia on the lipidome of recombinant Pichia pastoris,Microb Cell Fact,2017,tests/test_secretion_outlet.py:53
28540740,The Incomplete Glutathione Puzzle: Just Guessing at Numbers and Figures?,Antioxid Redox Signal,2017,docs/superseded/pool-before-regulon.md:84
28779005,Improving the phenotype predictions of a yeast genome-scale metabolic model by incorporating enzymatic constraints,Mol Syst Biol,2017,docs/CLAIM_BOUNDARY.md:76;docs/research/STRESS_RULES.md:259;docs/research/STRESS_RULES.md:284;docs/research/STRESS_RULES.md:297;docs/research/STRESS_RULES.md:298;docs/research/STRESS_RULES.md:299;docs/research/STRESS_RULES.md:300;docs/research/STRESS_RULES.md:302;docs/research/STRESS_RULES.md:303;docs/research/STRESS_RULES.md:329;docs/research/STRESS_RULES.md:502;docs/research/STRESS_RULES.md:57;docs/research/STRESS_RULES.md:584;src/ystwin/fba/audit.py:12;src/ystwin/pathway/flux.py:14
28854674,Increasing the intracellular isoprenoid pool in Saccharomyces cerevisiae by structural fine-tuning of a bifunctional farnesyl diphosphate synthase,FEMS Yeast Res,2017,docs/research/STRESS_RULES.md:441;docs/research/STRESS_RULES.md:583
28857745,Principles of cellular resource allocation revealed by condition-dependent proteome profiling,Elife,2017,docs/research/STRESS_RULES.md:133;docs/research/STRESS_RULES.md:141;docs/research/STRESS_RULES.md:574;src/ystwin/fba/stress_proteostasis.py:606;src/ystwin/fba/stress_proteostasis.py:95;src/ystwin/mech/burden.py:305;src/ystwin/mech/burden.py:342;src/ystwin/mech/burden.py:350;src/ystwin/mech/burden.py:378;src/ystwin/mech/burden.py:456;src/ystwin/mech/burden.py:680;tests/test_mech_burden.py:987;tests/test_stress_proteostasis.py:310
28986998,A synthetic biology approach to transform Yarrowia lipolytica into a competitive biotechnological producer of β-carotene,Biotechnol Bioeng,2018,docs/research/CALIBRATION_DATA.md:140;docs/research/CALIBRATION_DATA.md:376
29052760,Impact of plasmid architecture on stability and yEGFP3 reporter gene expression in a set of isomeric multicopy vectors in yeast,Appl Microbiol Biotechnol,2017,src/ystwin/mech/population.py:296;src/ystwin/mech/population.py:311
29118396,Engineering Saccharomyces cerevisiae for geranylgeraniol overproduction by combinatorial design,Sci Rep,2017,docs/research/STRESS_RULES.md:451
29161329,Comparative metabolomics profiling of engineered Saccharomyces cerevisiae lead to a strategy that improving β-carotene production by acetate supplementation,PLoS One,2017,docs/research/STRESS_RULES.md:364
29165698,Nuclear mRNA degradation tunes the gain of the unfolded protein response in Saccharomyces cerevisiae,Nucleic Acids Res,2018,docs/SOURCE_AUDIT.md:387;docs/research/UPR_ANCHOR.md:694
29170968,Growth-Coupled Carotenoids Production Using Adaptive Laboratory Evolution,Methods Mol Biol,2018,docs/EXTERNAL_CAROTENOID_BOUND.md:726
29240790,Single-cell RNA sequencing reveals intrinsic and extrinsic regulatory heterogeneity in yeast responding to stress,PLoS Biol,2017,docs/research/STRESS_RULES.md:171;docs/research/STRESS_RULES.md:593
29304480,Mapping the phenotypic repertoire of the cytoplasmic 2-Cys peroxiredoxin - Thioredoxin system. 1. Understanding commonalities and differences among cell types,Redox Biol,2018,src/ystwin/mech/oxidative.py:227;src/ystwin/mech/oxidative.py:9
29320486,Systematic characterization of maturation time of fluorescent proteins in living cells,Nat Methods,2018,docs/research/EXTERNAL_DATA.md:359;docs/research/GENERALIZATION.md:472;docs/research/GENERALIZATION.md:710
29361130,A sigma factor toolbox for orthogonal gene expression in Escherichia coli,Nucleic Acids Res,2018,docs/SECOND_DATASET_HUNT.md:222
29361465,Unification of Protein Abundance Datasets Yields a Quantitative Saccharomyces cerevisiae Proteome,Cell Syst,2018,src/ystwin/mech/oxidative.py:507;src/ystwin/mech/upr.py:156;src/ystwin/mech/upr.py:315;src/ystwin/mech/upr.py:345
29377792,Hsp70-associated chaperones have a critical role in buffering protein production costs,Elife,2018,src/ystwin/mech/burden.py:203;src/ystwin/mech/burden.py:392;src/ystwin/mech/burden.py:72;tests/test_mech_burden.py:957
29393852,Hsf1 and Hsp70 constitute a two-component feedback loop that regulates the yeast heat shock response,Elife,2018,src/ystwin/mech/heat_zheng2016.py:161
29468122,A genetic screen for increasing metabolic flux in the isoprenoid pathway of Saccharomyces cerevisiae: Isolation of SPT15 mutants using the screen,Metab Eng Commun,2016,docs/EXTERNAL_CAROTENOID_BOUND.md:504;docs/EXTERNAL_CAROTENOID_BOUND.md:643;docs/EXTERNAL_CAROTENOID_BOUND.md:720
2960663,Heat-induced accumulation and futile cycling of trehalose in Saccharomyces cerevisiae,J Bacteriol,1987,src/ystwin/fba/stress_biomass.py:157;src/ystwin/fba/stress_biomass.py:256;src/ystwin/fba/stress_biomass.py:264;src/ystwin/mech/state.py:513
29643937,Endogenous lycopene improves ethanol production under acetic acid stress in Saccharomyces cerevisiae,Biotechnol Biofuels,2018,docs/research/STRESS_RULES.md:559;docs/research/STRESS_RULES.md:581
29649251,Linkage mapping of yeast cross protection connects gene expression variation to a higher-order organismal trait,PLoS Genet,2018,docs/research/STRESS_RULES.md:170;docs/research/STRESS_RULES.md:481;docs/research/STRESS_RULES.md:592
29784812,Distributed and dynamic intracellular organization of extracellular information,Proc Natl Acad Sci U S A,2018,docs/FINDINGS.md:693;docs/research/EXTERNAL_DATA.md:401;docs/research/STRESS_RULES.md:161;docs/research/STRESS_RULES.md:162;docs/research/STRESS_RULES.md:187;docs/research/STRESS_RULES.md:201;docs/research/STRESS_RULES.md:42;docs/research/STRESS_RULES.md:475;docs/research/STRESS_RULES.md:488;docs/research/STRESS_RULES.md:576
29789567,Precise control of SCRaMbLE in synthetic haploid and diploid yeast,Nat Commun,2018,docs/EXTERNAL_CAROTENOID_BOUND.md:721
29878053,Integrating proteomic or transcriptomic data into metabolic models using linear bound flux balance analysis,Bioinformatics,2018,docs/research/STRESS_RULES.md:269;docs/research/STRESS_RULES.md:331
29928012,Quantification of bacterial fluorescence using independent calibrants,PLoS One,2018,docs/research/EXTERNAL_DATA.md:302;docs/research/GENERALIZATION.md:348;docs/research/GENERALIZATION.md:702
30078561,Decoupling Yeast Cell Division and Stress Defense Implicates mRNA Repression in Translational Reallocation during Stress,Curr Biol,2018,docs/research/PARAMETER_SOURCES.md:421;docs/research/STRESS_RULES.md:109;docs/research/STRESS_RULES.md:111;docs/research/STRESS_RULES.md:115;docs/research/STRESS_RULES.md:139;docs/research/STRESS_RULES.md:143;docs/research/STRESS_RULES.md:36;docs/research/STRESS_RULES.md:475;docs/research/STRESS_RULES.md:478;docs/research/STRESS_RULES.md:574;docs/research/STRESS_RULES.md:579;docs/research/STRESS_RULES.md:85;docs/research/STRESS_RULES.md:86
30095406,Estimating the protein burden limit of yeast cells by measuring the expression limits of glycolytic proteins,Elife,2018,src/ystwin/mech/burden.py:755;src/ystwin/mech/burden.py:773
30138874,Modulation of gene expression by cocktail δ-integration to improve carotenoid production in Saccharomyces cerevisiae,Bioresour Technol,2018,docs/EXTERNAL_CAROTENOID_BOUND.md:124;docs/EXTERNAL_CAROTENOID_BOUND.md:180
30192227,Non-invasive measurement of mRNA decay reveals translation initiation as the major determinant of mRNA stability,Elife,2018,src/ystwin/mech/state.py:487;tests/test_mech_integrate.py:330
3025832,Cloning and characterization of the high-affinity cAMP phosphodiesterase of Saccharomyces cerevisiae,Proc Natl Acad Sci U S A,1986,src/ystwin/mech/carbon_williamson2009.py:322
3043194,ACE1 regulates expression of the Saccharomyces cerevisiae metallothionein gene,Mol Cell Biol,1988,docs/CITATION_AUDIT.md:106;docs/SOURCE_AUDIT.md:79;src/ystwin/generator/stress_panel.py:264
3062374,Protein sorting in Saccharomyces cerevisiae: isolation of mutants defective in the delivery and processing of multiple vacuolar hydrolases,Mol Cell Biol,1988,docs/CITATION_AUDIT.md:106;docs/SOURCE_AUDIT.md:79
30723675,Enzyme-fusion strategies for redirecting and improving carotenoid synthesis in S. cerevisiae,Metab Eng Commun,2019,docs/EXTERNAL_CAROTENOID_BOUND.md:125;docs/EXTERNAL_CAROTENOID_BOUND.md:375;docs/research/CALIBRATION_DATA.md:120
30858198,Reliable imaging of ATP in living budding and fission yeast,J Cell Sci,2019,docs/research/PARAMETER_SOURCES.md:599;src/ystwin/generator/stress_panel.py:580;src/ystwin/generator/stress_panel.py:90
30874502,Multiple decay events target HAC1 mRNA during splicing to regulate the unfolded protein response,Elife,2019,src/ystwin/mech/upr.py:390;src/ystwin/mech/upr.py:806
30886412,FPbase: a community-editable fluorescent protein database,Nat Methods,2019,docs/research/GENERALIZATION.md:211;docs/research/GENERALIZATION.md:725
30986217,Increasing consensus of context-specific metabolic models by integrating data-inferred cell functions,PLoS Comput Biol,2019,docs/research/STRESS_RULES.md:273
31323017,Assessing key decisions for transcriptomic data integration in biochemical networks,PLoS Comput Biol,2019,docs/research/STRESS_RULES.md:273;docs/research/STRESS_RULES.md:337
31380362,Build Your Bioprocess on a Solid Strain-β-Carotene Production in Recombinant Saccharomyces cerevisiae,Front Bioeng Biotechnol,2019,docs/EXTERNAL_CAROTENOID_BOUND.md:126;docs/EXTERNAL_CAROTENOID_BOUND.md:229;docs/EXTERNAL_CAROTENOID_BOUND.md:237;docs/EXTERNAL_CAROTENOID_BOUND.md:238;docs/EXTERNAL_CAROTENOID_BOUND.md:242;docs/EXTERNAL_CAROTENOID_BOUND.md:254;docs/HARD_TESTS.md:93;docs/MEASUREMENTS_NEEDED.md:235;docs/MEASUREMENTS_NEEDED.md:275;docs/MEASUREMENTS_NEEDED.md:905;docs/research/CALIBRATION_DATA.md:113;docs/research/CALIBRATION_DATA.md:174;docs/research/CALIBRATION_DATA.md:366;tests/test_absorbance_cannot_test_the_ceiling.py:14
31389622,Hyperoxidation of mitochondrial peroxiredoxin limits H(2) O(2) -induced cell death in yeast,EMBO J,2019,docs/superseded/pool-before-regulon.md:53;src/ystwin/generator/stress_panel.py:449
31395883,A consensus S. cerevisiae metabolic model Yeast8 and its ecosystem for comprehensively probing cellular metabolism,Nat Commun,2019,docs/research/STRESS_RULES.md:308
31405984,Energy metabolism controls phenotypes by protein efficiency and allocation,Proc Natl Acad Sci U S A,2019,docs/research/STRESS_RULES.md:137;docs/research/STRESS_RULES.md:306
31425603,Anaerobic growth of Saccharomyces cerevisiae CEN.PK113-7D does not depend on synthesis or supplementation of unsaturated fatty acids,FEMS Yeast Res,2019,src/ystwin/fba/stress_oxygen.py:217
31487889,Rhodotorula mucilaginosa C2.5t1 Modulates Carotenoid Content and CAR Genes Transcript Levels to Counteract the Pro-Oxidant Effect of Hydrogen Peroxide,Microorganisms,2019,docs/ARCHITECTURE.md:776;src/ystwin/bridge/stress_diversion.py:105;src/ystwin/bridge/stress_diversion.py:93
31586406,YEASTRACT+: a portal for cross-species comparative genomics of transcription regulation in yeasts,Nucleic Acids Res,2020,docs/research/PARAMETER_SOURCES.md:153;docs/research/PARAMETER_SOURCES.md:443
31595456,Beneficial mutations for carotenoid production identified from laboratory-evolved Saccharomyces cerevisiae,J Ind Microbiol Biotechnol,2019,docs/research/STRESS_RULES.md:366
31654410,"Physiological responses of Saccharomyces cerevisiae to industrially relevant conditions: Slow growth, low pH, and high CO(2) levels",Biotechnol Bioeng,2020,docs/ARCHITECTURE.md:766;src/ystwin/bridge/stress_diversion.py:64;src/ystwin/fba/stress_pools.py:208;tests/test_stress_diversion.py:203
31689467,Enhance production of diterpenoids in yeast by overexpression of the fused enzyme of ERG20 and its mutant mERG20,J Biotechnol,2020,docs/research/STRESS_RULES.md:452
31797920,The Escherichia coli transcriptome mostly consists of independently regulated modules,Nat Commun,2019,docs/research/PARAMETER_SOURCES.md:365;docs/research/PARAMETER_SOURCES.md:610;docs/research/STRESS_RULES.md:214
31843263,Weak Acid Permeation in Synthetic Lipid Vesicles and Across the Yeast Plasma Membrane,Biophys J,2020,src/ystwin/mech/ph.py:1515;src/ystwin/mech/ph.py:1673;src/ystwin/mech/ph.py:231;src/ystwin/mech/ph.py:306;src/ystwin/mech/ph.py:429;src/ystwin/mech/ph.py:687;src/ystwin/mech/ph.py:71;src/ystwin/mech/ph.py:733
32130885,Ultrasensitive Genetically Encoded Indicator for Hydrogen Peroxide Identifies Roles for the Oxidant in Cell Migration and Mitochondrial Function,Cell Metab,2020,docs/CITATION_AUDIT.md:111;docs/SOURCE_AUDIT.md:84;docs/research/PARAMETER_SOURCES.md:591;src/ystwin/generator/stress_panel.py:292;src/ystwin/generator/stress_panel.py:572
32160542,The RNA-Binding Protein Rasputin/G3BP Enhances the Stability and Translation of Its Target mRNAs,Cell Rep,2020,docs/CITATION_AUDIT.md:111;docs/SOURCE_AUDIT.md:84
32236768,Engineering a growth-phase-dependent biosynthetic pathway for carotenoid production in Saccharomyces cerevisiae,J Ind Microbiol Biotechnol,2020,docs/EXTERNAL_CAROTENOID_BOUND.md:127;docs/EXTERNAL_CAROTENOID_BOUND.md:225;docs/EXTERNAL_CAROTENOID_BOUND.md:389;docs/FINDINGS.md:903;docs/research/CALIBRATION_DATA.md:120
32272391,Production of xylose enriched hydrolysate from bioenergy sorghum and its conversion to β-carotene using an engineered Saccharomyces cerevisiae,Bioresour Technol,2020,docs/EXTERNAL_CAROTENOID_BOUND.md:128;docs/EXTERNAL_CAROTENOID_BOUND.md:233;docs/EXTERNAL_CAROTENOID_BOUND.md:234;docs/EXTERNAL_CAROTENOID_BOUND.md:236;docs/EXTERNAL_CAROTENOID_BOUND.md:356
32312967,Nitrogen limitation reveals large reserves in metabolic and translational capacities of yeast,Nat Commun,2020,docs/research/STRESS_RULES.md:307;docs/research/STRESS_RULES.md:312;docs/research/STRESS_RULES.md:59
32478054,Metabolic Engineering of Saccharomyces cerevisiae for Enhanced Carotenoid Production From Xylose-Glucose Mixtures,Front Bioeng Biotechnol,2020,docs/EXTERNAL_CAROTENOID_BOUND.md:721
32597660,Phosphoproteome Response to Dithiothreitol Reveals Unique Versus Shared Features of Saccharomyces cerevisiae Stress Responses,J Proteome Res,2020,docs/research/PARAMETER_SOURCES.md:229;docs/research/PARAMETER_SOURCES.md:275;docs/research/PARAMETER_SOURCES.md:514;docs/research/PARAMETER_SOURCES.md:91;src/ystwin/generator/stress_panel.py:346
32636824,Promoting the Synthesis of Precursor Substances by Overexpressing Hexokinase (Hxk) and Hydroxymethylglutaryl-CoA Synthase (Erg13) to Elevate β-Carotene Production in Engineered Yarrowia lipolytica,Front Microbiol,2020,docs/EXTERNAL_CAROTENOID_BOUND.md:727
32797268,Digital Twins and Their Role in Model-Assisted Design of Experiments,Adv Biochem Eng Biotechnol,2021,docs/research/STRESS_RULES.md:225
32817546,Proteome reallocation from amino acid biosynthesis to ribosomes enables yeast to grow faster in rich media,Proc Natl Acad Sci U S A,2020,docs/research/STRESS_RULES.md:136;docs/research/STRESS_RULES.md:574
32854500,FlopR: An Open Source Software Package for Calibration and Normalization of Plate Reader and Flow Cytometry Data,ACS Synth Biol,2020,docs/research/EXTERNAL_DATA.md:324
32903284,Assessment of transcriptomic constraint-based methods for central carbon flux inference,PLoS One,2020,docs/research/STRESS_RULES.md:270;docs/research/STRESS_RULES.md:321
32943734,Robust estimation of bacterial cell count from optical density,Commun Biol,2020,docs/research/EXTERNAL_DATA.md:292;docs/research/GENERALIZATION.md:351;docs/research/GENERALIZATION.md:706;docs/research/GENERATOR_REALISM.md:243
32995271,Developing a broad-range promoter set for metabolic engineering in the thermotolerant yeast Kluyveromyces marxianus,Metab Eng Commun,2020,docs/SECOND_DATASET_HUNT.md:220;scripts/score_all_products.py:109;tests/test_tal_pathway.py:129;tests/test_tal_pathway.py:7
33045728,iModulonDB: a knowledgebase of microbial transcriptional regulation derived from machine learning,Nucleic Acids Res,2021,docs/research/PARAMETER_SOURCES.md:365;docs/research/PARAMETER_SOURCES.md:613
33062054,Engineering endogenous ABC transporter with improving ATP supply and membrane flexibility enhances the secretion of β-carotene in Saccharomyces cerevisiae,Biotechnol Biofuels,2020,docs/EXTERNAL_CAROTENOID_BOUND.md:129;docs/EXTERNAL_CAROTENOID_BOUND.md:184;docs/research/CALIBRATION_DATA.md:118;docs/research/CALIBRATION_DATA.md:371;docs/research/STRESS_RULES.md:359;docs/research/STRESS_RULES.md:548;src/ystwin/fba/stress_heterologous.py:84
33102463,Engineering Saccharomyces cerevisiae for the Overproduction of β-Ionone and Its Precursor β-Carotene,Front Bioeng Biotechnol,2020,docs/EXTERNAL_CAROTENOID_BOUND.md:130;docs/EXTERNAL_CAROTENOID_BOUND.md:226;docs/FINDINGS.md:903;docs/research/CALIBRATION_DATA.md:114;docs/research/CALIBRATION_DATA.md:246;docs/research/CALIBRATION_DATA.md:367
33110148,Author Correction: Robust estimation of bacterial cell count from optical density,Commun Biol,2020,docs/research/EXTERNAL_DATA.md:292;docs/research/GENERALIZATION.md:352;docs/research/GENERALIZATION.md:706
33174065,The Kalman Filter for the Supervision of Cultivation Processes,Adv Biochem Eng Biotechnol,2021,docs/research/STRESS_RULES.md:222
33332529,Metabolic engineering of Saccharomyces cerevisiae for production of β-carotene from hydrophobic substrates,FEMS Yeast Res,2021,docs/EXTERNAL_CAROTENOID_BOUND.md:131;docs/EXTERNAL_CAROTENOID_BOUND.md:224;docs/EXTERNAL_CAROTENOID_BOUND.md:383;docs/FINDINGS.md:901;docs/HARD_TESTS.md:65;docs/MEASUREMENTS_NEEDED.md:225;docs/research/CALIBRATION_DATA.md:119;docs/research/CALIBRATION_DATA.md:372
33420025,Bayesian genome scale modelling identifies thermal determinants of yeast metabolism,Nat Commun,2021,docs/research/STRESS_RULES.md:286
33476034,Rapid and reversible cell volume changes in response to osmotic stress in yeast,Braz J Microbiol,2021,src/ystwin/mech/state.py:407
33498600,Transcriptome Analysis Reveals a Promotion of Carotenoid Production by Copper Ions in Recombinant Saccharomyces cerevisiae,Microorganisms,2021,docs/EXTERNAL_CAROTENOID_BOUND.md:721
33577550,Evaluating epidemic forecasts in an interval format,PLoS Comput Biol,2021,docs/CITATION_AUDIT.md:44
33605428,Production of β-carotene in Saccharomyces cerevisiae through altering yeast lipid metabolism,Biotechnol Bioeng,2021,docs/EXTERNAL_CAROTENOID_BOUND.md:132;docs/research/CALIBRATION_DATA.md:120
33616900,High-level β-carotene production from xylose by engineered Saccharomyces cerevisiae without overexpression of a truncated HMG1 (tHMG1),Biotechnol Bioeng,2020,docs/EXTERNAL_CAROTENOID_BOUND.md:133;docs/research/CALIBRATION_DATA.md:120
33654827,QUEEN-based Spatiotemporal ATP Imaging in Budding and Fission Yeast,Bio Protoc,2019,docs/CITATION_AUDIT.md:42;docs/CITATION_AUDIT.md:70;docs/CITATION_AUDIT.md:74;docs/research/PARAMETER_SOURCES.md:246;docs/research/PARAMETER_SOURCES.md:601;src/ystwin/generator/stress_panel.py:581
33716616,Parameter and state estimation of backers yeast cultivation with a gas sensor array and unscented Kalman filter,Eng Life Sci,2021,docs/research/STRESS_RULES.md:222;docs/research/STRESS_RULES.md:578
33746920,Elevated β-Carotene Production Using Codon-Adapted CarRA&B and Metabolic Balance in Engineered Yarrowia lipolytica,Front Microbiol,2021,docs/EXTERNAL_CAROTENOID_BOUND.md:727
33836000,A novel yeast hybrid modeling framework integrating Boolean and enzyme-constrained networks enables exploration of the interplay between signaling and metabolism,PLoS Comput Biol,2021,docs/research/STRESS_RULES.md:287;docs/research/STRESS_RULES.md:332
34047633,The Yeast eIF2 Kinase Gcn2 Facilitates H(2)O(2)-Mediated Feedback Inhibition of Both Protein Synthesis and Endoplasmic Reticulum Oxidative Folding during Recombinant Protein Production,Appl Environ Microbiol,2021,docs/CITATION_AUDIT.md:169;docs/research/UPR_ANCHOR.md:653;src/ystwin/citations.py:46
34097703,Comparative analysis of three studies measuring fluorescence from engineered bacterial genetic constructs,PLoS One,2021,docs/research/GENERALIZATION.md:354;docs/research/GENERALIZATION.md:708
34118234,A comparison of Prx- and OxyR-based H(2)O(2) probes expressed in S. cerevisiae,J Biol Chem,2021,docs/superseded/pool-before-regulon.md:41;docs/superseded/pool-before-regulon.md:67;src/ystwin/generator/stress_panel.py:328;src/ystwin/generator/stress_panel.py:382;src/ystwin/mech/oxidative.py:280;src/ystwin/mech/params.py:59;tests/test_mech_params.py:212;tests/test_mech_params.py:217;tests/test_mech_params.py:221;tests/test_mech_params.py:285;tests/test_mech_params.py:337;tests/test_mech_params.py:91;tests/test_per_module_potency.py:58;tests/test_stress_panel.py:72
34268298,Combined Biosynthetic Pathway Engineering and Storage Pool Expansion for High-Level Production of Ergosterol in Industrial Saccharomyces cerevisiae,Front Bioeng Biotechnol,2021,docs/EXTERNAL_CAROTENOID_BOUND.md:728
34477863,Development of an Haa1-based biosensor for acetic acid sensing in Saccharomyces cerevisiae,FEMS Yeast Res,2021,src/ystwin/mech/ph.py:1519;src/ystwin/mech/ph.py:579;src/ystwin/mech/ph.py:678
34495680,Modeling and analysis of the macronutrient signaling network in budding yeast,Mol Biol Cell,2021,src/ystwin/mech/contracts.py:253
34690947,Metabolic Engineering of Non-carotenoid-Producing Yeast Yarrowia lipolytica for the Biosynthesis of Zeaxanthin,Front Microbiol,2021,docs/EXTERNAL_CAROTENOID_BOUND.md:727
34750373,Structure and activation mechanism of the hexameric plasma membrane H(+)-ATPase,Nat Commun,2021,src/ystwin/mech/ph.py:545
34839828,Exploring the associations between transcript levels and fluxes in constraint-based models of metabolism,BMC Bioinformatics,2021,docs/research/STRESS_RULES.md:271;docs/research/STRESS_RULES.md:322;docs/research/STRESS_RULES.md:56
34865010,Novel carotenogenic gene combinations from red yeasts enhanced lycopene and beta-carotene production in Saccharomyces cerevisiae from the low-cost substrate sucrose,FEMS Yeast Res,2021,docs/EXTERNAL_CAROTENOID_BOUND.md:726
34983533,Dual regulation of lipid droplet-triacylglycerol metabolism and ERG9 expression for improved β-carotene production in Saccharomyces cerevisiae,Microb Cell Fact,2022,docs/EXTERNAL_CAROTENOID_BOUND.md:134;docs/EXTERNAL_CAROTENOID_BOUND.md:232;docs/research/STRESS_RULES.md:408;docs/research/STRESS_RULES.md:440;docs/research/STRESS_RULES.md:455;docs/research/STRESS_RULES.md:483;docs/research/STRESS_RULES.md:582
34985696,Detection of HAC1 mRNA Splicing by RT-PCR in Saccharomyces cerevisiae,Methods Mol Biol,2022,docs/SOURCE_AUDIT.md:504;src/ystwin/generator/literature.py:72
34985697,Detecting the Non-conventional mRNA Splicing and Translational Activation of HAC1 in Budding Yeast,Methods Mol Biol,2022,docs/SOURCE_AUDIT.md:504;src/ystwin/generator/literature.py:72
35024023,"Improving carotenoid production in recombinant yeast, Saccharomyces cerevisiae, using ultrasound-irradiated two-phase extractive fermentation",Eng Life Sci,2022,docs/EXTERNAL_CAROTENOID_BOUND.md:135
35069506,Real-Time Monitoring of the Yeast Intracellular State During Bioprocesses With a Toolbox of Biosensors,Front Microbiol,2021,docs/research/STRESS_RULES.md:193;docs/research/STRESS_RULES.md:203;docs/research/STRESS_RULES.md:45;docs/research/STRESS_RULES.md:530
35145105,Whole-cell modeling in yeast predicts compartment-specific proteome constraints that drive metabolic strategies,Nat Commun,2022,docs/FINDINGS.md:975;docs/research/STRESS_RULES.md:304;docs/research/STRESS_RULES.md:311;docs/research/STRESS_RULES.md:584;src/ystwin/bridge/regulation.py:462
35163590,Induction of the Unfolded Protein Response at High Temperature in Saccharomyces cerevisiae,Int J Mol Sci,2022,docs/SOURCE_AUDIT.md:387;docs/research/UPR_ANCHOR.md:636
35180343,Systematic In Vivo Characterization of Fluorescent Protein Maturation in Budding Yeast,ACS Synth Biol,2022,docs/research/EXTERNAL_DATA.md:340;docs/research/GENERALIZATION.md:205;docs/research/GENERALIZATION.md:714;src/ystwin/mech/state.py:499;tests/test_mech_integrate.py:337
35228260,Growth-rate-dependent and nutrient-specific gene expression resource allocation in fission yeast,Life Sci Alliance,2022,docs/research/STRESS_RULES.md:138
35300487,Developing Multi-Copy Chromosomal Integration Strategies for Heterologous Biosynthesis of Caffeic Acid in Saccharomyces cerevisiae,Front Microbiol,2022,docs/SECOND_DATASET_HUNT.md:221;docs/SECOND_DATASET_HUNT.md:300;scripts/score_all_products.py:115
35346204,"Biosensor-driven, model-based optimization of the orthogonally expressed naringenin biosynthesis pathway",Microb Cell Fact,2022,docs/SECOND_DATASET_HUNT.md:222;docs/SECOND_DATASET_HUNT.md:302;scripts/score_all_products.py:117
35429225,pH dependencies of glycolytic enzymes of yeast under in vivo-like assay conditions,FEBS J,2022,src/ystwin/mech/ph.py:1229;src/ystwin/mech/ph.py:1260;src/ystwin/mech/ph.py:369;src/ystwin/mech/ph.py:38;tests/test_mech_ph.py:918
35485947,Massive expression of cysteine-containing proteins causes abnormal elongation of yeast cells by perturbing the proteasome,G3 (Bethesda),2022,src/ystwin/mech/burden.py:758
35547038,Exchanging the order of carotenogenic genes linked by porcine teschovirus-1 2A peptide enable to optimize carotenoid metabolic pathway in Saccharomyces cerevisiae,RSC Adv,2018,docs/EXTERNAL_CAROTENOID_BOUND.md:498;docs/EXTERNAL_CAROTENOID_BOUND.md:499;docs/EXTERNAL_CAROTENOID_BOUND.md:500;docs/EXTERNAL_CAROTENOID_BOUND.md:720
35595797,Proteome allocations change linearly with the specific growth rate of Saccharomyces cerevisiae under glucose limitation,Nat Commun,2022,docs/research/EXTERNAL_DATA.md:433;docs/research/STRESS_RULES.md:132;docs/research/STRESS_RULES.md:135;docs/research/STRESS_RULES.md:141;docs/research/STRESS_RULES.md:336;docs/research/STRESS_RULES.md:574
35617352,Analysing and meta-analysing time-series data of microbial growth and gene expression from plate readers,PLoS Comput Biol,2022,docs/research/EXTERNAL_DATA.md:232
35671979,Efficient production of retinol in Yarrowia lipolytica by increasing stability using antioxidant and detergent extraction,Metab Eng,2022,docs/research/STRESS_RULES.md:369
35699140,"Orange protein, phytoene synthase regulator, has protein disulfide reductase activity",Plant Signal Behav,2022,docs/research/KINETIC_FIT.md:211
35773252,Reconstruction of a catalogue of genome-scale metabolic models with enzymatic constraints using GECKO 2.0,Nat Commun,2022,docs/research/HYBRID_METHODS.md:421;docs/research/STRESS_RULES.md:285;docs/research/STRESS_RULES.md:330;docs/research/STRESS_RULES.md:431;docs/research/STRESS_RULES.md:584
35781205,Engineering of Promoters for Gene Expression in Pichia pastoris,Methods Mol Biol,2022,docs/research/PARAMETER_SOURCES.md:381;docs/research/PARAMETER_SOURCES.md:621
35949424,Multicolor plate reader fluorescence calibration,Synth Biol (Oxf),2022,docs/research/EXTERNAL_DATA.md:308
35955650,Validated Growth Rate-Dependent Regulation of Lipid Metabolism in Yarrowia lipolytica,Int J Mol Sci,2022,docs/research/CALIBRATION_DATA.md:142
36094200,Rapid Gene Target Tracking for Enhancing β-Carotene Production Using Flow Cytometry-Based High-Throughput Screening in Yarrowia lipolytica,Appl Environ Microbiol,2022,docs/EXTERNAL_CAROTENOID_BOUND.md:727
36146937,Maturation models of fluorescent proteins are necessary for unbiased estimates of promoter activity,Biophys J,2022,docs/research/EXTERNAL_DATA.md:366
36255243,Fast-Growing Saccharomyces cerevisiae Cells with a Constitutive Unfolded Protein Response and Their Potential for Lipidic Molecule Production,Appl Environ Microbiol,2022,docs/research/STRESS_RULES.md:367
36284099,Termination of the unfolded protein response is guided by ER stress-induced HAC1 mRNA nuclear retention,Nat Commun,2022,docs/SOURCE_AUDIT.md:387;docs/research/UPR_ANCHOR.md:642
36350610,YEASTRACT+: a portal for the exploitation of global transcription regulation and metabolic model data in yeast biotechnology and pathogenesis,Nucleic Acids Res,2023,docs/research/PARAMETER_SOURCES.md:153;docs/research/PARAMETER_SOURCES.md:445
36350693,Modeling single-cell phenotypes links yeast stress acclimation to transcriptional repression and pre-stress cellular states,Elife,2022,docs/research/EXTERNAL_DATA.md:416;docs/research/STRESS_RULES.md:205;docs/research/STRESS_RULES.md:475;docs/research/STRESS_RULES.md:478;docs/research/STRESS_RULES.md:593
36369967,Hierarchical dynamic regulation of Saccharomyces cerevisiae for enhanced lutein biosynthesis,Biotechnol Bioeng,2023,docs/EXTERNAL_CAROTENOID_BOUND.md:728
36408203,Directed evolution of the fusion enzyme for improving astaxanthin biosynthesis in Saccharomyces cerevisiae,Synth Syst Biotechnol,2023,docs/EXTERNAL_CAROTENOID_BOUND.md:728
36566974,Guidelines for extracting biologically relevant context-specific metabolic models using gene expression data,Metab Eng,2023,docs/research/STRESS_RULES.md:273
36814715,Optogenetic control of beta-carotene bioproduction in yeast across multiple lab-scales,Front Bioeng Biotechnol,2023,docs/EXTERNAL_CAROTENOID_BOUND.md:721
37055369,Enhanced β-carotene production in Yarrowia lipolytica through the metabolic and fermentation engineering,J Ind Microbiol Biotechnol,2023,docs/EXTERNAL_CAROTENOID_BOUND.md:727
37080482,Evaluating proteome allocation of Saccharomyces cerevisiae phenotypes with resource balance analysis,Metab Eng,2023,docs/FINDINGS.md:976;docs/research/STRESS_RULES.md:305;docs/research/STRESS_RULES.md:311;docs/research/STRESS_RULES.md:584;src/ystwin/bridge/regulation.py:463
37087734,Transcription factor localization dynamics and DNA binding drive distinct promoter interpretations,Cell Rep,2023,docs/research/STRESS_RULES.md:220
37231013,Maximizing protein production by keeping cells at optimal secretory stress levels using real-time control approaches,Nat Commun,2023,src/ystwin/mech/upr.py:479
37454173,Reverse transcription-quantitative PCR (RT-qPCR) without the need for prior removal of DNA,Sci Rep,2023,docs/SOURCE_AUDIT.md:387;docs/research/UPR_ANCHOR.md:741
37467033,Genetic inactivation of essential HSF1 reveals an isolated transcriptional stress response selectively induced by protein misfolding,Mol Biol Cell,2023,docs/CROSS_FAMILY.md:63;docs/SOURCE_AUDIT.md:351;src/ystwin/generator/families.py:393;src/ystwin/generator/stress_panel.py:232
37511557,A New Role for Yeast Cells in Health and Nutrition: Antioxidant Power Assessment,Int J Mol Sci,2023,docs/research/STRESS_RULES.md:368
37742215,Abolishing storage lipids induces protein misfolding and stress responses in Yarrowia lipolytica,J Ind Microbiol Biotechnol,2023,docs/research/CALIBRATION_DATA.md:142
37953664,Building a machine-learning model to predict optimal mevalonate pathway gene expression levels for efficient production of a carotenoid in yeast,Biotechnol J,2024,docs/EXTERNAL_CAROTENOID_BOUND.md:726
37971353,RegulonDB v12.0: a comprehensive resource of transcriptional regulation in E. coli K-12,Nucleic Acids Res,2024,docs/research/PARAMETER_SOURCES.md:366;docs/research/PARAMETER_SOURCES.md:615
37991942,Proteome-wide tagging with an H(2)O(2) biosensor reveals highly localized and dynamic redox microenvironments,Proc Natl Acad Sci U S A,2023,docs/research/PARAMETER_SOURCES.md:230;docs/research/PARAMETER_SOURCES.md:586
38213763,Multidimensional Optimization of Saccharomyces cerevisiae for Carotenoid Overproduction,Biodes Res,2024,docs/EXTERNAL_CAROTENOID_BOUND.md:136
38238583,"Reconstruction, simulation and analysis of enzyme-constrained metabolic models using GECKO Toolbox 3.0",Nat Protoc,2024,docs/research/HYBRID_METHODS.md:421
38324606,Transcription Factor Pdr3p Promotes Carotenoid Biosynthesis by Activating GAL Promoters in Saccharomyces cerevisiae,ACS Synth Biol,2024,docs/research/STRESS_RULES.md:372;docs/research/STRESS_RULES.md:546
38387677,COSMIC-dFBA: A novel multi-scale hybrid framework for bioprocess modeling,Metab Eng,2024,docs/CLAIM_BOUNDARY.md:416;docs/FINDINGS.md:986;docs/PRODUCT_ARCHITECTURE.md:157;docs/research/CALIBRATION_DATA.md:132;docs/research/CALIBRATION_DATA.md:362;docs/research/CHEMOSTAT_REFERENCE.md:123;docs/research/HYBRID_METHODS.md:5;scripts/run_regulation.py:30;src/ystwin/bridge/regulation.py:117;src/ystwin/bridge/regulation.py:120;src/ystwin/bridge/regulation.py:31;src/ystwin/bridge/regulation.py:851
38412934,Global rewiring of lipid metabolism to produce carotenoid by deleting the transcription factor genes ino2/ino4 in Saccharomyces cerevisiae,Int J Biol Macromol,2024,docs/EXTERNAL_CAROTENOID_BOUND.md:726
38621758,Multi-modular metabolic engineering and efflux engineering for enhanced lycopene production in recombinant Saccharomyces cerevisiae,J Ind Microbiol Biotechnol,2024,docs/research/STRESS_RULES.md:440
38650275,Identification of a novel metabolic engineering target for carotenoid production in Saccharomyces cerevisiae via ethanol-induced adaptive laboratory evolution,Bioresour Bioprocess,2021,docs/EXTERNAL_CAROTENOID_BOUND.md:721
38710418,Efficient β-carotene production in engineered Saccharomyces cerevisiae using simple sugars and agricultural waste-based carbon and nitrogen sources,Bioresour Technol,2024,docs/CLAIM_BOUNDARY.md:195;docs/EXTERNAL_CAROTENOID_BOUND.md:137;docs/EXTERNAL_CAROTENOID_BOUND.md:222;docs/EXTERNAL_CAROTENOID_BOUND.md:223;docs/EXTERNAL_CAROTENOID_BOUND.md:305;docs/EXTERNAL_CAROTENOID_BOUND.md:383;docs/FINDINGS.md:906;docs/MEASUREMENTS_NEEDED.md:230;docs/research/CALIBRATION_DATA.md:120;docs/research/CALIBRATION_DATA.md:383;tests/test_absorbance_cannot_test_the_ceiling.py:133;tests/test_absorbance_cannot_test_the_ceiling.py:154
38829459,Induction of point and structural mutations in engineered yeast Saccharomyces cerevisiae improve carotenoid production,World J Microbiol Biotechnol,2024,docs/EXTERNAL_CAROTENOID_BOUND.md:138
38921419,"Metabolic Engineering of Saccharomyces cerevisiae for Production of Canthaxanthin, Zeaxanthin, and Astaxanthin",J Fungi (Basel),2024,docs/research/CALIBRATION_DATA.md:112;docs/research/CALIBRATION_DATA.md:365;src/ystwin/mech/state.py:219
39134886,Yeast9: a consensus genome-scale metabolic model for S. cerevisiae curated by the community,Mol Syst Biol,2024,docs/research/STRESS_RULES.md:288;docs/research/STRESS_RULES.md:308;docs/research/STRESS_RULES.md:331
39215465,Retargeting of heterologous enzymes results in improved β-carotene synthesis in Saccharomyces cerevisiae,J Appl Microbiol,2024,docs/DISTANCE_TO_THE_VISION.md:350;docs/DISTANCE_TO_THE_VISION.md:426;docs/EXTERNAL_CAROTENOID_BOUND.md:139;docs/EXTERNAL_CAROTENOID_BOUND.md:221;docs/EXTERNAL_CAROTENOID_BOUND.md:310;docs/EXTERNAL_CAROTENOID_BOUND.md:315;docs/FINDINGS.md:901;docs/HARD_TESTS.md:51;docs/MEASUREMENTS_NEEDED.md:222;docs/MEASUREMENTS_NEEDED.md:276;docs/PRODUCT_ARCHITECTURE.md:609;docs/WHAT_IS_LEFT.md:116;docs/research/CALIBRATION_DATA.md:120;docs/research/STRESS_RULES.md:407;docs/research/STRESS_RULES.md:413;docs/research/STRESS_RULES.md:483;docs/research/STRESS_RULES.md:68;scripts/audit_claims.py:522;scripts/parameter_provenance.py:74;src/ystwin/pathway/capacity.py:115;src/ystwin/pathway/capacity.py:9;src/ystwin/pathway/enzyme_capacity.py:31;src/ystwin/pathway/solve.py:346;src/ystwin/predict.py:1177;src/ystwin/predict.py:196;tests/test_audit_claims.py:583;tests/test_capacity.py:5;tests/test_inner_filter_threshold.py:78;tests/test_the_ceiling_and_the_floor.py:89
39322757,Combining systems and synthetic biology for in vivo enzymology,EMBO J,2024,docs/research/KINETIC_FIT.md:210
39399738,"Transcriptomic and metabolomic analyses reveal the positive effect of moderate concentration of sodium chloride treatment on the production of β-carotene, torulene, and torularhodin in oleaginous red yeast Rhodosporidiobolus odoratus XQR",Food Chem (Oxf),2024,src/ystwin/bridge/stress_diversion.py:88;src/ystwin/bridge/stress_diversion.py:93
39515595,Tsa1 is the dominant peroxide scavenger and a source of H(2)O(2)-dependent GSSG production in yeast,Free Radic Biol Med,2025,src/ystwin/mech/oxidative.py:481
39536088,Extending the G1 phase improves the production of lipophilic compounds in yeast by boosting enzyme expression and increasing cell size,Proc Natl Acad Sci U S A,2024,docs/research/STRESS_RULES.md:367
39537637,Yeast metabolism adaptation for efficient terpenoids synthesis via isopentenol utilization,Nat Commun,2024,docs/research/CALIBRATION_DATA.md:135;docs/research/CALIBRATION_DATA.md:375
39581972,Combined metabolic engineering and lipid droplets degradation to increase vitamin A production in Saccharomyces cerevisiae,Microb Cell Fact,2024,docs/research/STRESS_RULES.md:369
39971732,Characterizing heterologous protein burden in Komagataella phaffii,FEMS Yeast Res,2025,docs/SECOND_DATASET_HUNT.md:48;scripts/audit_claims.py:797;src/ystwin/pathway/solve.py:122;tests/test_secretion_outlet.py:15
39995043,RNA exosome-driven RNA processing instructs the duration of the unfolded protein response,Nucleic Acids Res,2025,docs/SOURCE_AUDIT.md:387;docs/research/UPR_ANCHOR.md:647
40168627,Construction of Saccharomyces cerevisiae Platform Strain for the Biosynthesis of Carotenoids and Apocarotenoids,J Agric Food Chem,2025,docs/EXTERNAL_CAROTENOID_BOUND.md:140;docs/EXTERNAL_CAROTENOID_BOUND.md:399
40181231,Exploring Yeast's Energy Dynamics: The General Stress Response Lowers Maintenance Energy Requirement,Microb Biotechnol,2025,docs/ARCHITECTURE.md:716;docs/ARCHITECTURE.md:968;scripts/audit_claims.py:885;scripts/maintenance_scale.py:10;src/ystwin/bridge/maintenance_calibration.py:11;src/ystwin/bridge/maintenance_calibration.py:270;src/ystwin/bridge/maintenance_calibration.py:276;src/ystwin/bridge/maintenance_calibration.py:58;src/ystwin/bridge/stress_energetics.py:64;tests/test_s_atp_regime.py:150;tests/test_stress_energetics.py:9
40219637,Physiology and Robustness of Yeasts Exposed to Dynamic pH and Glucose Environments,Biotechnol Bioeng,2025,docs/research/STRESS_RULES.md:204
40272429,MIQE 2.0: Revision of the Minimum Information for Publication of Quantitative Real-Time PCR Experiments Guidelines,Clin Chem,2025,docs/SOURCE_AUDIT.md:385;docs/research/G4_STATISTICS.md:106
40562331,ATP requirements for growth reveal the bioenergetic impact of mitochondrial symbiosis,Biochim Biophys Acta Bioenerg,2025,src/ystwin/fba/insulin.py:161;src/ystwin/fba/stress_heterologous.py:91;tests/test_insulin_pathway.py:254;tests/test_stress_heterologous.py:426
40564470,A Hybrid Soft Sensor Approach Combining Partial Least-Squares Regression and an Unscented Kalman Filter for State Estimation in Bioprocesses,Bioengineering (Basel),2025,docs/research/STRESS_RULES.md:223
40615910,Multiplex metabolic engineering of yeast for high-efficiency all-trans-retinoic acid production,Microb Cell Fact,2025,docs/EXTERNAL_CAROTENOID_BOUND.md:724;docs/EXTERNAL_CAROTENOID_BOUND.md:745;docs/EXTERNAL_CAROTENOID_BOUND.md:747
40772766,Potential of a constitutive-UPR and histone deacetylase A-deficient Saccharomyces cerevisiae strain for biomolecule production,Appl Environ Microbiol,2025,docs/SOURCE_AUDIT.md:387;docs/research/STRESS_RULES.md:367;docs/research/UPR_ANCHOR.md:691
40849368,Advancing hybrid modeling of Saccharomyces cerevisiae fermentation with mixed carbon sources and urea in a mini-stirred tank reactor,Bioprocess Biosyst Eng,2025,docs/research/STRESS_RULES.md:224;docs/research/STRESS_RULES.md:578
40891387,Complex Kinetic Models Predict β-Carotene Production and Reveal Flux Limitations in Recombinant Saccharomyces cerevisiae Strains,ACS Synth Biol,2025,docs/ARCHITECTURE.md:1643;docs/CLAIM_BOUNDARY.md:417;docs/EXTERNAL_CAROTENOID_BOUND.md:430;docs/EXTERNAL_PRODUCT_VALIDATION.md:13;docs/FINDINGS.md:1467;docs/PARKED.md:24;docs/PRODUCT_ARCHITECTURE.md:211;docs/PRODUCT_ARCHITECTURE.md:365;docs/SECOND_DATASET_HUNT.md:200;docs/research/CALIBRATION_DATA.md:109;docs/research/CALIBRATION_DATA.md:333;docs/research/CALIBRATION_DATA.md:361;docs/research/CALIBRATION_DATA.md:5;docs/research/KINETIC_FIT.md:4;docs/research/STRESS_RULES.md:381;docs/research/STRESS_RULES.md:405;docs/research/STRESS_RULES.md:412;docs/research/STRESS_RULES.md:424;docs/research/STRESS_RULES.md:454;docs/research/STRESS_RULES.md:582;docs/research/STRESS_RULES.md:67;scripts/fit_pathway_flux.py:31;scripts/parameter_provenance.py:56;src/ystwin/kinetic/carotenoid.py:212;src/ystwin/kinetic/carotenoid.py:3;src/ystwin/kinetic/carotenoid.py:626;src/ystwin/mech/population.py:402;src/ystwin/mech/population.py:935;src/ystwin/pathway/calibrations.py:35;tests/test_inner_filter_threshold.py:34;tests/test_kinetic_carotenoid.py:196;tests/test_pathway_flux.py:39
40944773,Sustainable β-carotene production by engineered S. cerevisiae using sucrose and agricultural by-products,Bioresour Bioprocess,2025,docs/EXTERNAL_CAROTENOID_BOUND.md:137;docs/EXTERNAL_CAROTENOID_BOUND.md:141;docs/EXTERNAL_CAROTENOID_BOUND.md:244;docs/EXTERNAL_CAROTENOID_BOUND.md:245;docs/MEASUREMENTS_NEEDED.md:233;docs/research/CALIBRATION_DATA.md:111;docs/research/CALIBRATION_DATA.md:28;docs/research/CALIBRATION_DATA.md:313;docs/research/CALIBRATION_DATA.md:364
40959222,Impairment in global protein synthesis uncouples UPR gene induction from HAC1 mRNA splicing in Saccharomyces cerevisiae,Front Microbiol,2025,docs/SOURCE_AUDIT.md:387;docs/research/UPR_ANCHOR.md:683
40960085,Impact of maximal overexpression of a non-toxic protein on yeast cell physiology,Elife,2025,src/ystwin/mech/burden.py:60;src/ystwin/mech/burden.py:661;src/ystwin/mech/burden.py:665;src/ystwin/mech/burden.py:741;src/ystwin/mech/burden.py:751;src/ystwin/mech/burden.py:765;tests/test_mech_burden.py:964
41376837,Model-guided chemical environment and metabolic network design to couple pathways with cell fitness,Metab Eng Commun,2025,docs/research/CALIBRATION_DATA.md:312;docs/research/CALIBRATION_DATA.md:373
4148026,A theoretical study on the amount of ATP required for synthesis of microbial cell material,Antonie Van Leeuwenhoek,1973,src/ystwin/fba/insulin.py:169;src/ystwin/fba/stress_proteostasis.py:10;src/ystwin/fba/stress_proteostasis.py:81
41645597,Multidimensional Engineering of Saccharomyces cerevisiae for Efficient Production of Retinol,Biotechnol J,2026,docs/research/STRESS_RULES.md:406
41932911,CellTarget: a convex optimisation approach to discover cellular objectives,NPJ Syst Biol Appl,2026,docs/research/HYBRID_METHODS.md:147
42165638,Twenty-Five Years of the Environmental Stress Response and the Enduring Power of Yeast in Stress Biology,Yeast,2026,docs/research/PARAMETER_SOURCES.md:416;docs/research/STRESS_RULES.md:88
42502377,Causal AI digital twin for bioprocess bottleneck diagnosis via metabolic flexibility and rigidification maps,iScience,2026,docs/FINDINGS.md:695;docs/research/HYBRID_METHODS.md:50
42662202,Integrating Machine Learning and Transcriptomics to Enhance β‑Carotene Production in Saccharomyces cerevisiae,ACS Omega,2026,docs/EXTERNAL_CAROTENOID_BOUND.md:724;docs/EXTERNAL_CAROTENOID_BOUND.md:746
6361000,Copy number and the stability of 2-micron circle-based artificial plasmids of Saccharomyces cerevisiae,J Bacteriol,1984,src/ystwin/mech/state.py:582
6458045,Role of the plasma membrane proton pump in pH regulation in non-animal cells,Proc Natl Acad Sci U S A,1981,src/ystwin/mech/ph.py:537;src/ystwin/mech/ph.py:591
7020540,A perspective on the application of genetic engineering: stability of recombinant plasmid,Ann N Y Acad Sci,1981,src/ystwin/mech/population.py:12
7665600,BTS1 encodes a geranylgeranyl diphosphate synthase in Saccharomyces cerevisiae,J Biol Chem,1995,docs/research/STRESS_RULES.md:450
7765036,Metabolic engineering for production of beta-carotene and lycopene in Saccharomyces cerevisiae,Biosci Biotechnol Biochem,1994,docs/EXTERNAL_CAROTENOID_BOUND.md:112;docs/research/CALIBRATION_DATA.md:120
8215396,Purification and enzymatic characterization of the geranylgeranyl pyrophosphate synthase from Erwinia uredovora after expression in Escherichia coli,Arch Biochem Biophys,1993,docs/research/STRESS_RULES.md:428
8313910,YAP1 dependent activation of TRX2 is essential for the response of Saccharomyces cerevisiae to oxidative stress by hydroperoxides,EMBO J,1994,docs/CITATION_AUDIT.md:131;docs/SOURCE_AUDIT.md:387;docs/research/PARAMETER_SOURCES.md:193;docs/research/PARAMETER_SOURCES.md:472;docs/research/PARAMETER_SOURCES.md:69;docs/research/UPR_ANCHOR.md:755;src/ystwin/generator/stress_panel.py:512
8349618,Molecular and biochemical characterization of herbicide-resistant mutants of cyanobacteria reveals that phytoene desaturation is a rate-limiting step in carotenoid biosynthesis,J Biol Chem,1993,docs/research/STRESS_RULES.md:402;docs/research/STRESS_RULES.md:580
8412234,An unexpected correlation between cardinal temperatures of microbial growth highlighted by a new model,J Theor Biol,1993,docs/research/GENERATOR_REALISM.md:254;docs/research/GENERATOR_REALISM.md:467;src/ystwin/generator/context.py:143;tests/test_environment_sweep.py:44
8422683,RTG1 and RTG2: two yeast genes required for a novel path of communication from mitochondria to the nucleus,Cell,1993,docs/CITATION_AUDIT.md:109;docs/SOURCE_AUDIT.md:82;src/ystwin/generator/stress_panel.py:277
8423809,The promoter region of the yeast KAR2 (BiP) gene contains a regulatory domain that responds to the presence of unfolded proteins in the endoplasmic reticulum,Mol Cell Biol,1993,docs/SOURCE_AUDIT.md:387;docs/research/PARAMETER_SOURCES.md:462;docs/research/PARAMETER_SOURCES.md:71;docs/research/UPR_ANCHOR.md:676
8500171,Nonlinear ribosome migration on cauliflower mosaic virus 35S RNA,Cell,1993,docs/CITATION_AUDIT.md:109;docs/SOURCE_AUDIT.md:82
8641288,The Saccharomyces cerevisiae zinc finger proteins Msn2p and Msn4p are required for transcriptional induction through the stress response element (STRE),EMBO J,1996,docs/EXTERNAL_VALIDATION.md:580;docs/EXTERNAL_VALIDATION.md:87;docs/SOURCE_AUDIT.md:348;src/ystwin/generator/stress_panel.py:222
8670839,Iron-regulated DNA binding by the AFT1 protein controls the iron regulon in yeast,EMBO J,1996,docs/SOURCE_AUDIT.md:355;src/ystwin/generator/stress_panel.py:241
8710508,The complete nucleotide sequence of bacteriophage HP1 DNA,Nucleic Acids Res,1996,docs/CITATION_AUDIT.md:59;docs/SOURCE_AUDIT.md:96;docs/research/XPT_INVENTORY.md:187;src/ystwin/generator/context.py:69
8898193,A novel mechanism for regulating activity of a transcription factor that controls the unfolded protein response,Cell,1996,docs/SOURCE_AUDIT.md:349;docs/research/SECRETED_PROTEIN.md:11;docs/research/UPR_ANCHOR.md:584;src/ystwin/generator/stress_panel.py:225
8898194,tRNA ligase is required for regulated mRNA splicing in the unfolded protein response,Cell,1996,docs/SOURCE_AUDIT.md:387;docs/research/UPR_ANCHOR.md:588;src/ystwin/mech/upr.py:265;src/ystwin/mech/upr.py:794;src/ystwin/mech/upr.py:804
9118942,The Skn7 response regulator controls gene expression in the oxidative stress response of the budding yeast Saccharomyces cerevisiae,EMBO J,1997,docs/research/PARAMETER_SOURCES.md:193;docs/research/PARAMETER_SOURCES.md:227;docs/research/PARAMETER_SOURCES.md:468;docs/research/PARAMETER_SOURCES.md:69;src/ystwin/generator/stress_panel.py:513;src/ystwin/mech/oxidative.py:534
9133628,Saccharomyces cerevisiae KAR2 (BiP) gene expression is induced by loss of cytosolic HSP70/Ssa1p through a heat shock element-mediated pathway,J Biochem,1997,docs/research/PARAMETER_SOURCES.md:465;docs/research/PARAMETER_SOURCES.md:71
9223284,The major yeast poly(A)-binding protein is associated with cleavage factor IA and functions in premessenger RNA 3'-end formation,Proc Natl Acad Sci U S A,1997,docs/CITATION_AUDIT.md:107;docs/SOURCE_AUDIT.md:80
9271382,"Zap1p, a metalloregulatory protein involved in zinc-responsive transcriptional regulation in Saccharomyces cerevisiae",Mol Cell Biol,1997,docs/CITATION_AUDIT.md:107;docs/SOURCE_AUDIT.md:80;src/ystwin/generator/stress_panel.py:267
9323131,The transmembrane kinase Ire1p is a site-specific endonuclease that initiates mRNA splicing in the unfolded protein response,Cell,1997,docs/SOURCE_AUDIT.md:387;docs/research/UPR_ANCHOR.md:593
9348528,Endoplasmic reticulum stress-induced mRNA splicing permits synthesis of transcription factor Hac1p/Ern4p that activates the unfolded protein response,Mol Biol Cell,1997,docs/SOURCE_AUDIT.md:387;docs/research/UPR_ANCHOR.md:597;src/ystwin/mech/upr.py:273;src/ystwin/mech/upr.py:796
9382810,Translational attenuation mediated by an mRNA intron,Curr Biol,1997,docs/CITATION_AUDIT.md:131;docs/SOURCE_AUDIT.md:387;docs/research/UPR_ANCHOR.md:606
9393686,Glycolytic flux is conditionally correlated with ATP concentration in Saccharomyces cerevisiae: a chemostat study under carbon- or nitrogen-limiting conditions,J Bacteriol,1997,docs/FINDINGS.md:2236;docs/SOURCE_AUDIT.md:362;src/ystwin/bridge/thermodynamic.py:4;src/ystwin/generator/stress_panel.py:585;tests/test_thermodynamic_bridge.py:4
9407035,Calcineurin acts through the CRZ1/TCN1-encoded transcription factor to regulate gene expression in yeast,Genes Dev,1997,docs/CITATION_AUDIT.md:102;docs/SOURCE_AUDIT.md:75;src/ystwin/generator/stress_panel.py:252
9409149,Archaea and the prokaryote-to-eukaryote transition,Microbiol Mol Biol Rev,1997,docs/CITATION_AUDIT.md:108;docs/SOURCE_AUDIT.md:81
9409150,Metabolism of sulfur amino acids in Saccharomyces cerevisiae,Microbiol Mol Biol Rev,1997,docs/CITATION_AUDIT.md:108;docs/SOURCE_AUDIT.md:81;src/ystwin/generator/stress_panel.py:270
9420334,"Stable binding to E2F is not required for the retinoblastoma protein to activate transcription, promote differentiation, and suppress tumor cell growth",Genes Dev,1998,docs/CITATION_AUDIT.md:102;docs/SOURCE_AUDIT.md:75
9427394,"Transcriptional control of the yeast acetyl-CoA synthetase gene, ACS1, by the positive regulators CAT8 and ADR1 and the pleiotropic repressor UME6",Mol Microbiol,1997,docs/ATP_SENSOR.md:51;docs/SOURCE_AUDIT.md:383;tests/test_atp_sensor.py:30
9430730,Unconventional splicing of HAC1/ERN4 mRNA required for the unfolded protein response. Sequence-specific and non-sequential cleavage of the splice sites,J Biol Chem,1998,docs/SOURCE_AUDIT.md:387;docs/research/UPR_ANCHOR.md:603
9472026,Nuclear localization of the C2H2 zinc finger protein Msn2p is regulated by stress and protein kinase A activity,Genes Dev,1998,docs/SOURCE_AUDIT.md:352;src/ystwin/generator/stress_panel.py:235
9483801,Designer deletion strains derived from Saccharomyces cerevisiae S288C: a useful set of strains and plasmids for PCR-mediated gene disruption and other applications,Yeast,1998,docs/research/PARAMETER_SOURCES.md:128;docs/research/PARAMETER_SOURCES.md:288;docs/research/PARAMETER_SOURCES.md:565;src/ystwin/generator/stress_panel.py:360
9510529,Oxygen sensing and the transcriptional regulation of oxygen-responsive genes in yeast,J Exp Biol,1998,docs/CITATION_AUDIT.md:105;docs/SOURCE_AUDIT.md:78;src/ystwin/generator/stress_panel.py:261
9515908,"Loss of the plasma membrane-bound protein Gas1p in Saccharomyces cerevisiae results in the release of beta1,3-glucan into the medium and induces a compensation mechanism to ensure cell wall integrity",J Bacteriol,1998,src/ystwin/fba/stress_biomass.py:149;src/ystwin/fba/stress_biomass.py:237;src/ystwin/fba/stress_biomass.py:246
9515917,Biochemical characterization of the 20S proteasome from the methanoarchaeon Methanosarcina thermophila,J Bacteriol,1998,docs/CITATION_AUDIT.md:105;docs/SOURCE_AUDIT.md:78
9603825,Effects of pyruvate decarboxylase overproduction on flux distribution at the pyruvate branch point in Saccharomyces cerevisiae,Appl Environ Microbiol,1998,docs/research/CHEMOSTAT_REFERENCE.md:189;docs/superseded/reference-phenotype.md:37;src/ystwin/fba/physiology.py:71
9663389,Expression pattern of a butterfly achaete-scute homolog reveals the homology of butterfly wing scales and insect sensory bristles,Curr Biol,1998,docs/CITATION_AUDIT.md:101;docs/SOURCE_AUDIT.md:74
9671304,Visualizing secretion and synaptic transmission with pH-sensitive green fluorescent proteins,Nature,1998,docs/SOURCE_AUDIT.md:360;src/ystwin/generator/stress_panel.py:298;src/ystwin/generator/stress_panel.py:591
9712873,The H2O2 stimulon in Saccharomyces cerevisiae,J Biol Chem,1998,docs/CITATION_AUDIT.md:184;docs/SOURCE_AUDIT.md:387;docs/research/PARAMETER_SOURCES.md:535;docs/research/PARAMETER_SOURCES.md:89;docs/research/UPR_ANCHOR.md:761;src/ystwin/citations.py:60;tests/test_citations.py:188;tests/test_citations.py:193
9741624,The DNA replication and damage checkpoint pathways induce transcription by inhibition of the Crt1 repressor,Cell,1998,docs/CITATION_AUDIT.md:101;docs/SOURCE_AUDIT.md:74;src/ystwin/generator/stress_panel.py:249
9797269,Effect of specific growth rate on fermentative capacity of baker's yeast,Appl Environ Microbiol,1998,docs/CLAIM_BOUNDARY.md:265;docs/EXTERNAL_CAROTENOID_BOUND.md:32;docs/FINDINGS.md:1031;docs/MEASUREMENTS_NEEDED.md:793;docs/MEASUREMENTS_NEEDED.md:863;docs/PRODUCT_ARCHITECTURE.md:361;docs/PRODUCT_ARCHITECTURE.md:73;docs/research/CALIBRATION_DATA.md:263;docs/research/CALIBRATION_DATA.md:368;docs/research/CHEMOSTAT_REFERENCE.md:165;docs/research/CHEMOSTAT_REFERENCE.md:207;docs/research/CHEMOSTAT_REFERENCE.md:21;docs/research/CHEMOSTAT_REFERENCE.md:26;docs/research/GENERATOR_REALISM.md:45;docs/research/GENERATOR_REALISM.md:462;docs/research/HYBRID_METHODS.md:398;docs/superseded/reference-phenotype.md:25;scripts/parameter_provenance.py:98;scripts/run_environment_sweep.py:144;scripts/run_environment_sweep.py:17;src/ystwin/bridge/physiology_bridge.py:34;src/ystwin/fba/physiology.py:68;src/ystwin/fba/physiology.py:92;src/ystwin/generator/context.py:77;src/ystwin/generator/culture.py:125;src/ystwin/generator/culture.py:259;src/ystwin/generator/culture.py:356;src/ystwin/generator/culture.py:72;tests/test_crabtree_transition.py:7
9882651,Function of trehalose and glycogen in cell cycle progression and cell viability in Saccharomyces cerevisiae,J Bacteriol,1999,src/ystwin/fba/stress_biomass.py:140;src/ystwin/fba/stress_biomass.py:213;src/ystwin/fba/stress_biomass.py:221;src/ystwin/fba/stress_biomass.py:229
9885153,Oxidative stress responses of the yeast Saccharomyces cerevisiae,Yeast,1998,docs/research/PARAMETER_SOURCES.md:537
