plate,well,channel,k_steps,n_excluded,nominal_coverage,coverage,mean_nis,mean_standardised,lag1_autocorr,lag1_pairs,initialization_steps,min_ess,min_prior_ess,min_post_resample_ess,min_unique_particles,min_prior_unique_particles,min_unique_ancestors,resampled_steps,band_low,band_high,nis_in_band,white_bound,white,tested,exclusion_reason
20260722_ER&OxidativeStress_NewProtocol_ANALYSED.xlsx,A1,od,22,0,0.95,0.9090909090909091,2.040336498391776,-0.013808312405651451,0.5821397425815599,21,3,3.1804837141068796,279.37927520332096,279.37927520332096,7,500,2,16,0.49919639702153074,1.6718505492743434,False,0.42640143271122083,False,False,ess_below_floor
20260722_ER&OxidativeStress_NewProtocol_ANALYSED.xlsx,A1,rfu,22,0,0.95,1.0,0.265990703069741,0.415162207628447,0.5482940045802321,21,3,3.1804837141068796,279.37927520332096,279.37927520332096,7,500,2,16,0.49919639702153074,1.6718505492743434,False,0.42640143271122083,False,False,ess_below_floor
20260722_ER&OxidativeStress_NewProtocol_ANALYSED.xlsx,A10,od,22,0,0.95,0.7272727272727273,5.85844982864834,0.9317068043983888,0.9057305050441646,21,3,2.1886549838303715,283.09111254791856,283.09111254791856,11,500,1,18,0.49919639702153074,1.6718505492743434,False,0.42640143271122083,False,False,ess_below_floor
20260722_ER&OxidativeStress_NewProtocol_ANALYSED.xlsx,A10,rfu,22,0,0.95,0.8181818181818182,6.660996491629546,1.0875539044344196,0.7606787847706752,21,3,2.1886549838303715,283.09111254791856,283.09111254791856,11,500,1,18,0.49919639702153074,1.6718505492743434,False,0.42640143271122083,False,False,ess_below_floor
20260722_ER&OxidativeStress_NewProtocol_ANALYSED.xlsx,A11,od,22,0,0.95,1.0,0.6369979634493956,-0.0699320758312854,0.7988369331065467,21,3,2.3033984471404056,257.29387514571863,257.29387514571863,10,500,1,17,0.49919639702153074,1.6718505492743434,True,0.42640143271122083,False,False,ess_below_floor
20260722_ER&OxidativeStress_NewProtocol_ANALYSED.xlsx,A11,rfu,22,0,0.95,0.7727272727272727,5.286034860186712,0.6590472656685867,0.7769507379779889,21,3,2.3033984471404056,257.29387514571863,257.29387514571863,10,500,1,17,0.49919639702153074,1.6718505492743434,False,0.42640143271122083,False,False,ess_below_floor
20260722_ER&OxidativeStress_NewProtocol_ANALYSED.xlsx,A12,od,22,0,0.95,0.7727272727272727,3.9749270112080355,-0.745047989040287,0.0835795843179608,21,3,1.19951828744752,263.1629662623119,263.1629662623119,9,500,1,18,0.49919639702153074,1.6718505492743434,False,0.42640143271122083,True,False,ess_below_floor
20260722_ER&OxidativeStress_NewProtocol_ANALYSED.xlsx,A12,rfu,22,0,0.95,0.9090909090909091,3.4080431999837875,0.2861264321269146,0.5416783438531435,21,3,1.19951828744752,263.1629662623119,263.1629662623119,9,500,1,18,0.49919639702153074,1.6718505492743434,False,0.42640143271122083,False,False,ess_below_floor
20260722_ER&OxidativeStress_NewProtocol_ANALYSED.xlsx,A2,od,22,0,0.95,0.8181818181818182,2.4834934469039625,-0.8701746974237724,0.15638965973947194,21,3,2.6810075182216533,251.74036147989187,251.74036147989187,10,500,1,17,0.49919639702153074,1.6718505492743434,False,0.42640143271122083,True,False,ess_below_floor
20260722_ER&OxidativeStress_NewProtocol_ANALYSED.xlsx,A2,rfu,22,0,0.95,1.0,0.1805328446157103,-0.03174223260931062,0.5776498687418429,21,3,2.6810075182216533,251.74036147989187,251.74036147989187,10,500,1,17,0.49919639702153074,1.6718505492743434,False,0.42640143271122083,False,False,ess_below_floor
20260722_ER&OxidativeStress_NewProtocol_ANALYSED.xlsx,A3,od,22,0,0.95,0.5909090909090909,6.414587931642052,-1.1090292122233096,0.6274080865478019,21,3,2.395746335506461,285.18748276027264,285.18748276027264,7,500,1,19,0.49919639702153074,1.6718505492743434,False,0.42640143271122083,False,False,ess_below_floor
20260722_ER&OxidativeStress_NewProtocol_ANALYSED.xlsx,A3,rfu,22,0,0.95,0.9090909090909091,0.7204471991697842,0.4553743299838976,0.4952389246557925,21,3,2.395746335506461,285.18748276027264,285.18748276027264,7,500,1,19,0.49919639702153074,1.6718505492743434,True,0.42640143271122083,False,False,ess_below_floor
20260722_ER&OxidativeStress_NewProtocol_ANALYSED.xlsx,A4,od,22,0,0.95,0.9545454545454546,0.712533277912244,-0.4338480529763291,0.380635968267173,21,3,1.8035589005430177,255.38592451840572,255.38592451840572,10,500,2,15,0.49919639702153074,1.6718505492743434,True,0.42640143271122083,True,False,ess_below_floor
20260722_ER&OxidativeStress_NewProtocol_ANALYSED.xlsx,A4,rfu,22,0,0.95,1.0,0.12422940417652066,-0.006609622991977097,0.6071331028422595,21,3,1.8035589005430177,255.38592451840572,255.38592451840572,10,500,2,15,0.49919639702153074,1.6718505492743434,False,0.42640143271122083,False,False,ess_below_floor
20260722_ER&OxidativeStress_NewProtocol_ANALYSED.xlsx,A5,od,22,0,0.95,0.6363636363636364,7.849398224964191,-1.5721402334556154,0.6629539244626775,21,3,2.278197989255383,257.3945102707997,257.3945102707997,9,500,1,18,0.49919639702153074,1.6718505492743434,False,0.42640143271122083,False,False,ess_below_floor
20260722_ER&OxidativeStress_NewProtocol_ANALYSED.xlsx,A5,rfu,22,0,0.95,1.0,0.44655555920934054,0.19217947163076124,0.5007945483349686,21,3,2.278197989255383,257.3945102707997,257.3945102707997,9,500,1,18,0.49919639702153074,1.6718505492743434,False,0.42640143271122083,False,False,ess_below_floor
20260722_ER&OxidativeStress_NewProtocol_ANALYSED.xlsx,A6,od,22,0,0.95,1.0,0.3705032508511966,-0.5186559315204897,0.40905478622438257,21,3,1.8013732754787486,271.1672584564672,271.1672584564672,12,500,2,14,0.49919639702153074,1.6718505492743434,False,0.42640143271122083,True,False,ess_below_floor
20260722_ER&OxidativeStress_NewProtocol_ANALYSED.xlsx,A6,rfu,22,0,0.95,1.0,0.25283873147014296,-0.06282855206617735,0.6301320579235759,21,3,1.8013732754787486,271.1672584564672,271.1672584564672,12,500,2,14,0.49919639702153074,1.6718505492743434,False,0.42640143271122083,False,False,ess_below_floor
20260722_ER&OxidativeStress_NewProtocol_ANALYSED.xlsx,A7,od,22,0,0.95,0.9090909090909091,1.0948309423454592,-0.006703113806061241,0.12722343734843522,21,3,4.017543059437468,255.86743806587305,255.86743806587305,9,500,1,17,0.49919639702153074,1.6718505492743434,True,0.42640143271122083,True,False,ess_below_floor
20260722_ER&OxidativeStress_NewProtocol_ANALYSED.xlsx,A7,rfu,22,0,0.95,0.8181818181818182,3.7411856130235677,0.661571625753515,0.7627427630405328,21,3,4.017543059437468,255.86743806587305,255.86743806587305,9,500,1,17,0.49919639702153074,1.6718505492743434,False,0.42640143271122083,False,False,ess_below_floor
20260722_ER&OxidativeStress_NewProtocol_ANALYSED.xlsx,A8,od,22,0,0.95,0.9545454545454546,0.9045142228797812,-0.6230556784823839,0.7879601627908439,21,3,4.333742355040775,291.5860020952079,291.5860020952079,12,500,1,18,0.49919639702153074,1.6718505492743434,True,0.42640143271122083,False,False,ess_below_floor
20260722_ER&OxidativeStress_NewProtocol_ANALYSED.xlsx,A8,rfu,22,0,0.95,0.7727272727272727,3.888384110234753,0.5896202696473601,0.6559747125730492,21,3,4.333742355040775,291.5860020952079,291.5860020952079,12,500,1,18,0.49919639702153074,1.6718505492743434,False,0.42640143271122083,False,False,ess_below_floor
20260722_ER&OxidativeStress_NewProtocol_ANALYSED.xlsx,A9,od,22,0,0.95,0.9545454545454546,0.7242564557748186,-0.2185941063531166,0.16642092193867994,21,3,1.24858028694067,253.63687294542103,253.63687294542103,6,500,1,18,0.49919639702153074,1.6718505492743434,True,0.42640143271122083,True,False,ess_below_floor
20260722_ER&OxidativeStress_NewProtocol_ANALYSED.xlsx,A9,rfu,22,0,0.95,0.9090909090909091,1.5375721161253175,-0.11254835589134378,0.2596290858472996,21,3,1.24858028694067,253.63687294542103,253.63687294542103,6,500,1,18,0.49919639702153074,1.6718505492743434,True,0.42640143271122083,True,False,ess_below_floor
20260722_ER&OxidativeStress_NewProtocol_ANALYSED.xlsx,B1,od,22,0,0.95,1.0,0.8166860941243926,-0.3505323802500163,0.7172120232412438,21,3,1.7380769197019414,251.90548903399022,251.90548903399022,9,500,1,16,0.49919639702153074,1.6718505492743434,True,0.42640143271122083,False,False,ess_below_floor
20260722_ER&OxidativeStress_NewProtocol_ANALYSED.xlsx,B1,rfu,22,0,0.95,1.0,0.06746004697677824,0.046097826848025325,0.48512157488219765,21,3,1.7380769197019414,251.90548903399022,251.90548903399022,9,500,1,16,0.49919639702153074,1.6718505492743434,False,0.42640143271122083,False,False,ess_below_floor
20260722_ER&OxidativeStress_NewProtocol_ANALYSED.xlsx,B10,od,22,0,0.95,0.09090909090909091,79.22158770727775,6.464117532664968,0.8436162592897184,21,3,1.0000041584397479,500.0,500.0,1,500,1,25,0.49919639702153074,1.6718505492743434,False,0.42640143271122083,False,False,ess_below_floor;particle_diversity_below_floor
20260722_ER&OxidativeStress_NewProtocol_ANALYSED.xlsx,B10,rfu,22,0,0.95,0.09090909090909091,322.52823246597296,10.922834850371256,0.9320323030929619,21,3,1.0000041584397479,500.0,500.0,1,500,1,25,0.49919639702153074,1.6718505492743434,False,0.42640143271122083,False,False,ess_below_floor;particle_diversity_below_floor
20260722_ER&OxidativeStress_NewProtocol_ANALYSED.xlsx,B11,od,22,0,0.95,0.5454545454545454,9.095943412916414,1.6835522251991344,0.9234018668438436,21,3,1.0135377227162548,250.1961728375683,250.1961728375683,3,500,1,23,0.49919639702153074,1.6718505492743434,False,0.42640143271122083,False,False,ess_below_floor
20260722_ER&OxidativeStress_NewProtocol_ANALYSED.xlsx,B11,rfu,22,0,0.95,0.4090909090909091,100.1702735105507,5.451790633391729,0.926193241170234,21,3,1.0135377227162548,250.1961728375683,250.1961728375683,3,500,1,23,0.49919639702153074,1.6718505492743434,False,0.42640143271122083,False,False,ess_below_floor
20260722_ER&OxidativeStress_NewProtocol_ANALYSED.xlsx,B12,od,22,0,0.95,0.6363636363636364,12.531095457805304,1.503364490384219,0.7438768914695485,21,3,1.0043713135221604,258.6877138887504,258.6877138887504,2,500,1,22,0.49919639702153074,1.6718505492743434,False,0.42640143271122083,False,False,ess_below_floor
20260722_ER&OxidativeStress_NewProtocol_ANALYSED.xlsx,B12,rfu,22,0,0.95,0.5909090909090909,72.70844544377094,3.690047562475747,0.8983974927596241,21,3,1.0043713135221604,258.6877138887504,258.6877138887504,2,500,1,22,0.49919639702153074,1.6718505492743434,False,0.42640143271122083,False,False,ess_below_floor
20260722_ER&OxidativeStress_NewProtocol_ANALYSED.xlsx,B2,od,22,0,0.95,0.6818181818181818,3.1889731524181055,-0.7391426578238043,0.6403736487616082,21,3,2.9724217698017554,289.69393841267856,289.69393841267856,7,500,1,20,0.49919639702153074,1.6718505492743434,False,0.42640143271122083,False,False,ess_below_floor
20260722_ER&OxidativeStress_NewProtocol_ANALYSED.xlsx,B2,rfu,22,0,0.95,1.0,0.6842814040412422,0.3145331739921984,0.6214544856319142,21,3,2.9724217698017554,289.69393841267856,289.69393841267856,7,500,1,20,0.49919639702153074,1.6718505492743434,True,0.42640143271122083,False,False,ess_below_floor
20260722_ER&OxidativeStress_NewProtocol_ANALYSED.xlsx,B3,od,22,0,0.95,0.9545454545454546,1.2070997701776272,-0.574147817300674,0.1637155359506966,21,3,2.621381791998095,256.1601156113336,256.1601156113336,9,500,1,15,0.49919639702153074,1.6718505492743434,True,0.42640143271122083,True,False,ess_below_floor
20260722_ER&OxidativeStress_NewProtocol_ANALYSED.xlsx,B3,rfu,22,0,0.95,1.0,0.15638939100006108,0.10451956767659838,0.6056581629796624,21,3,2.621381791998095,256.1601156113336,256.1601156113336,9,500,1,15,0.49919639702153074,1.6718505492743434,False,0.42640143271122083,False,False,ess_below_floor
20260722_ER&OxidativeStress_NewProtocol_ANALYSED.xlsx,B4,od,22,0,0.95,1.0,0.3713175954107074,-0.48466958901893487,0.4795685090309367,21,3,2.8769741547525003,266.1000857449165,266.1000857449165,8,500,1,13,0.49919639702153074,1.6718505492743434,False,0.42640143271122083,False,False,ess_below_floor
20260722_ER&OxidativeStress_NewProtocol_ANALYSED.xlsx,B4,rfu,22,0,0.95,1.0,0.08791339298297833,0.09290143065001266,0.2664497144627146,21,3,2.8769741547525003,266.1000857449165,266.1000857449165,8,500,1,13,0.49919639702153074,1.6718505492743434,False,0.42640143271122083,True,False,ess_below_floor
20260722_ER&OxidativeStress_NewProtocol_ANALYSED.xlsx,B5,od,22,0,0.95,1.0,0.6585647777682343,-0.23969060430537822,0.7594819851889542,21,3,3.2836724524160164,284.63184247010895,284.63184247010895,7,500,1,15,0.49919639702153074,1.6718505492743434,True,0.42640143271122083,False,False,ess_below_floor
20260722_ER&OxidativeStress_NewProtocol_ANALYSED.xlsx,B5,rfu,22,0,0.95,1.0,0.13313023402329444,0.21356353805115225,0.35738305313148905,21,3,3.2836724524160164,284.63184247010895,284.63184247010895,7,500,1,15,0.49919639702153074,1.6718505492743434,False,0.42640143271122083,True,False,ess_below_floor
20260722_ER&OxidativeStress_NewProtocol_ANALYSED.xlsx,B6,od,22,0,0.95,0.8636363636363636,2.3312657349139143,0.46477746233969025,0.8488782374279462,21,3,3.090564445417898,302.72452687632193,302.72452687632193,10,500,1,20,0.49919639702153074,1.6718505492743434,False,0.42640143271122083,False,False,ess_below_floor
20260722_ER&OxidativeStress_NewProtocol_ANALYSED.xlsx,B6,rfu,22,0,0.95,0.5,9.631853498732069,2.0863468272266954,0.9417914193901389,21,3,3.090564445417898,302.72452687632193,302.72452687632193,10,500,1,20,0.49919639702153074,1.6718505492743434,False,0.42640143271122083,False,False,ess_below_floor
20260722_ER&OxidativeStress_NewProtocol_ANALYSED.xlsx,B7,od,22,0,0.95,0.45454545454545453,28.359766755492934,2.660084480203457,0.9075077673429992,21,3,1.0009194523420957,500.0,500.0,1,500,1,25,0.49919639702153074,1.6718505492743434,False,0.42640143271122083,False,False,ess_below_floor;particle_diversity_below_floor
20260722_ER&OxidativeStress_NewProtocol_ANALYSED.xlsx,B7,rfu,22,0,0.95,0.22727272727272727,59.97724798531974,2.644676976187587,0.9216474964711279,21,3,1.0009194523420957,500.0,500.0,1,500,1,25,0.49919639702153074,1.6718505492743434,False,0.42640143271122083,False,False,ess_below_floor;particle_diversity_below_floor
20260722_ER&OxidativeStress_NewProtocol_ANALYSED.xlsx,B8,od,22,0,0.95,0.7727272727272727,2.7661779730038187,0.06292014815546987,0.5629895148740091,21,3,1.1066011584443414,352.33574113878745,352.33574113878745,5,500,1,24,0.49919639702153074,1.6718505492743434,False,0.42640143271122083,False,False,ess_below_floor
20260722_ER&OxidativeStress_NewProtocol_ANALYSED.xlsx,B8,rfu,22,0,0.95,0.2727272727272727,39.45287420800924,1.4561538756714136,0.9122033813832581,21,3,1.1066011584443414,352.33574113878745,352.33574113878745,5,500,1,24,0.49919639702153074,1.6718505492743434,False,0.42640143271122083,False,False,ess_below_floor
20260722_ER&OxidativeStress_NewProtocol_ANALYSED.xlsx,B9,od,22,0,0.95,0.6818181818181818,5.936609875324245,1.3438796356180924,0.8551890144988834,21,3,1.0000251708706984,273.99530982148326,273.99530982148326,1,500,1,21,0.49919639702153074,1.6718505492743434,False,0.42640143271122083,False,False,ess_below_floor;particle_diversity_below_floor
20260722_ER&OxidativeStress_NewProtocol_ANALYSED.xlsx,B9,rfu,22,0,0.95,0.2727272727272727,180.26456122727004,6.892566004909018,0.9376882469374299,21,3,1.0000251708706984,273.99530982148326,273.99530982148326,1,500,1,21,0.49919639702153074,1.6718505492743434,False,0.42640143271122083,False,False,ess_below_floor;particle_diversity_below_floor
20260722_ER&OxidativeStress_NewProtocol_ANALYSED.xlsx,C1,od,22,0,0.95,0.9090909090909091,4.601033138244986,0.30501641497711823,0.5913793906756781,21,3,1.0012952886308253,275.90103253377856,275.90103253377856,1,500,1,16,0.49919639702153074,1.6718505492743434,False,0.42640143271122083,False,False,ess_below_floor;particle_diversity_below_floor
20260722_ER&OxidativeStress_NewProtocol_ANALYSED.xlsx,C1,rfu,22,0,0.95,0.7727272727272727,3.095826167110491,0.8492563088885802,0.6789696767449708,21,3,1.0012952886308253,275.90103253377856,275.90103253377856,1,500,1,16,0.49919639702153074,1.6718505492743434,False,0.42640143271122083,False,False,ess_below_floor;particle_diversity_below_floor
20260722_ER&OxidativeStress_NewProtocol_ANALYSED.xlsx,C10,od,22,0,0.95,0.3181818181818182,49.21262327876616,4.628697617070417,0.7890452980780087,21,3,1.000000001205537,500.0,500.0,1,500,1,25,0.49919639702153074,1.6718505492743434,False,0.42640143271122083,False,False,ess_below_floor;particle_diversity_below_floor
20260722_ER&OxidativeStress_NewProtocol_ANALYSED.xlsx,C10,rfu,22,0,0.95,0.13636363636363635,536.1167987215075,14.492395941162393,0.9391809521951648,21,3,1.000000001205537,500.0,500.0,1,500,1,25,0.49919639702153074,1.6718505492743434,False,0.42640143271122083,False,False,ess_below_floor;particle_diversity_below_floor
20260722_ER&OxidativeStress_NewProtocol_ANALYSED.xlsx,C11,od,22,0,0.95,0.045454545454545456,184.2066507063476,12.740917641017706,0.7933566127392312,21,3,1.000000098545548,500.0,500.0,1,500,1,25,0.49919639702153074,1.6718505492743434,False,0.42640143271122083,False,False,ess_below_floor;particle_diversity_below_floor
20260722_ER&OxidativeStress_NewProtocol_ANALYSED.xlsx,C11,rfu,22,0,0.95,0.09090909090909091,410.3091093139437,13.72251580440839,0.9242860581667224,21,3,1.000000098545548,500.0,500.0,1,500,1,25,0.49919639702153074,1.6718505492743434,False,0.42640143271122083,False,False,ess_below_floor;particle_diversity_below_floor
20260722_ER&OxidativeStress_NewProtocol_ANALYSED.xlsx,C12,od,22,0,0.95,0.5,13.157826884836936,2.0099733967866076,0.7398982365121819,21,3,1.0000052150652525,500.0,500.0,1,500,1,25,0.49919639702153074,1.6718505492743434,False,0.42640143271122083,False,False,ess_below_floor;particle_diversity_below_floor
20260722_ER&OxidativeStress_NewProtocol_ANALYSED.xlsx,C12,rfu,22,0,0.95,0.22727272727272727,195.5339992096934,6.958304902620122,0.9250523580525877,21,3,1.0000052150652525,500.0,500.0,1,500,1,25,0.49919639702153074,1.6718505492743434,False,0.42640143271122083,False,False,ess_below_floor;particle_diversity_below_floor
20260722_ER&OxidativeStress_NewProtocol_ANALYSED.xlsx,C2,od,22,0,0.95,0.8181818181818182,1.82981021524287,-0.9485639637767271,0.22830350659260415,21,3,2.69564019670068,276.69525003308615,276.69525003308615,7,500,1,19,0.49919639702153074,1.6718505492743434,False,0.42640143271122083,True,False,ess_below_floor
20260722_ER&OxidativeStress_NewProtocol_ANALYSED.xlsx,C2,rfu,22,0,0.95,1.0,0.4138731014502264,0.31034768951687897,0.6067011342478833,21,3,2.69564019670068,276.69525003308615,276.69525003308615,7,500,1,19,0.49919639702153074,1.6718505492743434,False,0.42640143271122083,False,False,ess_below_floor
20260722_ER&OxidativeStress_NewProtocol_ANALYSED.xlsx,C3,od,22,0,0.95,1.0,0.5089975430409814,-0.5275317832187105,0.6908233803412626,21,3,1.8168572391588402,259.2585824076464,259.2585824076464,11,500,2,14,0.49919639702153074,1.6718505492743434,True,0.42640143271122083,False,False,ess_below_floor
20260722_ER&OxidativeStress_NewProtocol_ANALYSED.xlsx,C3,rfu,22,0,0.95,1.0,0.18196266875045863,0.16949615579029448,0.5289033273989997,21,3,1.8168572391588402,259.2585824076464,259.2585824076464,11,500,2,14,0.49919639702153074,1.6718505492743434,False,0.42640143271122083,False,False,ess_below_floor
20260722_ER&OxidativeStress_NewProtocol_ANALYSED.xlsx,C4,od,22,0,0.95,0.6363636363636364,8.061859482856867,-1.8481546963210265,0.7297730968561792,21,3,1.6478284279048323,250.30523753604717,250.30523753604717,8,500,1,19,0.49919639702153074,1.6718505492743434,False,0.42640143271122083,False,False,ess_below_floor
20260722_ER&OxidativeStress_NewProtocol_ANALYSED.xlsx,C4,rfu,22,0,0.95,0.7727272727272727,2.4805571526890433,0.9808907360498094,0.7811753589343101,21,3,1.6478284279048323,250.30523753604717,250.30523753604717,8,500,1,19,0.49919639702153074,1.6718505492743434,False,0.42640143271122083,False,False,ess_below_floor
20260722_ER&OxidativeStress_NewProtocol_ANALYSED.xlsx,C5,od,22,0,0.95,0.5454545454545454,10.26569267390279,-2.327484616182474,0.9474593637177586,21,3,1.6813744778158255,309.96674077822985,309.96674077822985,6,500,1,20,0.49919639702153074,1.6718505492743434,False,0.42640143271122083,False,False,ess_below_floor
20260722_ER&OxidativeStress_NewProtocol_ANALYSED.xlsx,C5,rfu,22,0,0.95,0.7727272727272727,1.7468888412285564,0.8814553822723774,0.8089354261104418,21,3,1.6813744778158255,309.96674077822985,309.96674077822985,6,500,1,20,0.49919639702153074,1.6718505492743434,False,0.42640143271122083,False,False,ess_below_floor
20260722_ER&OxidativeStress_NewProtocol_ANALYSED.xlsx,C6,od,22,0,0.95,0.8636363636363636,3.2728611680369637,0.3403771764834647,0.7505008436195071,21,3,1.9749753180777139,259.86340081533376,259.86340081533376,9,500,1,16,0.49919639702153074,1.6718505492743434,False,0.42640143271122083,False,False,ess_below_floor
20260722_ER&OxidativeStress_NewProtocol_ANALYSED.xlsx,C6,rfu,22,0,0.95,0.9545454545454546,0.6918544129322154,0.42771051247014996,0.5585546436404516,21,3,1.9749753180777139,259.86340081533376,259.86340081533376,9,500,1,16,0.49919639702153074,1.6718505492743434,True,0.42640143271122083,False,False,ess_below_floor
20260722_ER&OxidativeStress_NewProtocol_ANALYSED.xlsx,C7,od,22,0,0.95,0.045454545454545456,89.05959385791188,8.621242450799933,0.5711103271237572,21,3,1.0000000245828173,500.0,500.0,1,500,1,25,0.49919639702153074,1.6718505492743434,False,0.42640143271122083,False,False,ess_below_floor;particle_diversity_below_floor
20260722_ER&OxidativeStress_NewProtocol_ANALYSED.xlsx,C7,rfu,22,0,0.95,0.045454545454545456,495.32065624848383,14.008423391476992,0.9364889748242061,21,3,1.0000000245828173,500.0,500.0,1,500,1,25,0.49919639702153074,1.6718505492743434,False,0.42640143271122083,False,False,ess_below_floor;particle_diversity_below_floor
20260722_ER&OxidativeStress_NewProtocol_ANALYSED.xlsx,C8,od,22,0,0.95,0.8636363636363636,2.084089526985746,-0.6688652232520684,0.3193457620264634,21,3,1.0008815317311632,281.49573549385156,274.35409007190765,1,500,1,23,0.49919639702153074,1.6718505492743434,False,0.42640143271122083,True,False,ess_below_floor;particle_diversity_below_floor
20260722_ER&OxidativeStress_NewProtocol_ANALYSED.xlsx,C8,rfu,22,0,0.95,0.22727272727272727,343.22571465027545,9.475115198467046,0.9077325764034736,21,3,1.0008815317311632,281.49573549385156,274.35409007190765,1,500,1,23,0.49919639702153074,1.6718505492743434,False,0.42640143271122083,False,False,ess_below_floor;particle_diversity_below_floor
20260722_ER&OxidativeStress_NewProtocol_ANALYSED.xlsx,C9,od,22,0,0.95,0.5454545454545454,15.270230929704683,2.3472048544937625,0.5494200397326551,21,3,1.0,500.0,500.0,1,500,1,25,0.49919639702153074,1.6718505492743434,False,0.42640143271122083,False,False,ess_below_floor;particle_diversity_below_floor
20260722_ER&OxidativeStress_NewProtocol_ANALYSED.xlsx,C9,rfu,22,0,0.95,0.13636363636363635,374.18100882579745,10.387106651523043,0.9404882025576391,21,3,1.0,500.0,500.0,1,500,1,25,0.49919639702153074,1.6718505492743434,False,0.42640143271122083,False,False,ess_below_floor;particle_diversity_below_floor
20260722_ER&OxidativeStress_NewProtocol_ANALYSED.xlsx,D1,od,22,0,0.95,0.9090909090909091,1.9469690589554292,-0.8949961784320308,-0.1176548139704376,21,3,2.705640186493666,257.94860426553305,257.94860426553305,9,500,1,15,0.49919639702153074,1.6718505492743434,False,0.42640143271122083,True,False,ess_below_floor
20260722_ER&OxidativeStress_NewProtocol_ANALYSED.xlsx,D1,rfu,22,0,0.95,1.0,0.13805745599710548,0.12419667822930416,0.6231017840299378,21,3,2.705640186493666,257.94860426553305,257.94860426553305,9,500,1,15,0.49919639702153074,1.6718505492743434,False,0.42640143271122083,False,False,ess_below_floor
20260722_ER&OxidativeStress_NewProtocol_ANALYSED.xlsx,D10,od,22,0,0.95,0.3181818181818182,11.969062528328022,2.7450072529851863,0.8745352436871413,21,3,1.0000976625428997,500.0,500.0,1,500,1,25,0.49919639702153074,1.6718505492743434,False,0.42640143271122083,False,False,ess_below_floor;particle_diversity_below_floor
20260722_ER&OxidativeStress_NewProtocol_ANALYSED.xlsx,D10,rfu,22,0,0.95,0.09090909090909091,281.4711681700236,9.917860864604187,0.9382607693066148,21,3,1.0000976625428997,500.0,500.0,1,500,1,25,0.49919639702153074,1.6718505492743434,False,0.42640143271122083,False,False,ess_below_floor;particle_diversity_below_floor
20260722_ER&OxidativeStress_NewProtocol_ANALYSED.xlsx,D11,od,22,0,0.95,0.6818181818181818,5.89207419660132,-0.8382248054365623,0.8818020472311622,21,3,1.000129073155973,381.49755627829137,381.49755627829137,1,500,1,24,0.49919639702153074,1.6718505492743434,False,0.42640143271122083,False,False,ess_below_floor;particle_diversity_below_floor
20260722_ER&OxidativeStress_NewProtocol_ANALYSED.xlsx,D11,rfu,22,0,0.95,0.18181818181818182,260.92215094285376,9.545228928751355,0.9387173570059317,21,3,1.000129073155973,381.49755627829137,381.49755627829137,1,500,1,24,0.49919639702153074,1.6718505492743434,False,0.42640143271122083,False,False,ess_below_floor;particle_diversity_below_floor
20260722_ER&OxidativeStress_NewProtocol_ANALYSED.xlsx,D12,od,22,0,0.95,0.6363636363636364,11.68027243908408,-1.5521531579674817,0.9115352443223996,21,3,1.0844661776408036,278.36273946605723,278.36273946605723,3,500,1,21,0.49919639702153074,1.6718505492743434,False,0.42640143271122083,False,False,ess_below_floor
20260722_ER&OxidativeStress_NewProtocol_ANALYSED.xlsx,D12,rfu,22,0,0.95,0.8181818181818182,2.546999276160678,0.3669381612235742,0.7787625234842651,21,3,1.0844661776408036,278.36273946605723,278.36273946605723,3,500,1,21,0.49919639702153074,1.6718505492743434,False,0.42640143271122083,False,False,ess_below_floor
20260722_ER&OxidativeStress_NewProtocol_ANALYSED.xlsx,D2,od,22,0,0.95,0.9090909090909091,1.2104231047926215,-0.5612107750629399,0.24167513287730494,21,3,2.200045575471569,260.52067095769854,260.52067095769854,12,500,1,16,0.49919639702153074,1.6718505492743434,True,0.42640143271122083,True,False,ess_below_floor
20260722_ER&OxidativeStress_NewProtocol_ANALYSED.xlsx,D2,rfu,22,0,0.95,1.0,0.22204238061911674,0.20937452074594673,0.7789365710908998,21,3,2.200045575471569,260.52067095769854,260.52067095769854,12,500,1,16,0.49919639702153074,1.6718505492743434,False,0.42640143271122083,False,False,ess_below_floor
20260722_ER&OxidativeStress_NewProtocol_ANALYSED.xlsx,D3,od,22,0,0.95,0.8636363636363636,1.5287472169511773,-0.66978398995882,0.009890231698541927,21,3,1.7301313260315547,250.781210448775,250.781210448775,11,500,1,15,0.49919639702153074,1.6718505492743434,True,0.42640143271122083,True,False,ess_below_floor
20260722_ER&OxidativeStress_NewProtocol_ANALYSED.xlsx,D3,rfu,22,0,0.95,1.0,0.25902391870098646,0.11115010205961844,0.5808886890523483,21,3,1.7301313260315547,250.781210448775,250.781210448775,11,500,1,15,0.49919639702153074,1.6718505492743434,False,0.42640143271122083,False,False,ess_below_floor
20260722_ER&OxidativeStress_NewProtocol_ANALYSED.xlsx,D4,od,22,0,0.95,0.6818181818181818,4.987542615925353,-1.5089941038082573,0.8989945338663132,21,3,3.8461843806214127,290.1754600991514,290.1754600991514,9,500,1,18,0.49919639702153074,1.6718505492743434,False,0.42640143271122083,False,False,ess_below_floor
20260722_ER&OxidativeStress_NewProtocol_ANALYSED.xlsx,D4,rfu,22,0,0.95,1.0,0.20652079732101428,-0.07923031260348731,0.11681540037582461,21,3,3.8461843806214127,290.1754600991514,290.1754600991514,9,500,1,18,0.49919639702153074,1.6718505492743434,False,0.42640143271122083,True,False,ess_below_floor
20260722_ER&OxidativeStress_NewProtocol_ANALYSED.xlsx,D5,od,22,0,0.95,0.5454545454545454,11.015218597529133,-2.171700361264516,0.8485399539270481,21,3,1.0688297696957527,258.85789702014984,258.85789702014984,9,500,1,20,0.49919639702153074,1.6718505492743434,False,0.42640143271122083,False,False,ess_below_floor
20260722_ER&OxidativeStress_NewProtocol_ANALYSED.xlsx,D5,rfu,22,0,0.95,0.45454545454545453,37.90160000167052,4.160301323635143,0.9303956999638199,21,3,1.0688297696957527,258.85789702014984,258.85789702014984,9,500,1,20,0.49919639702153074,1.6718505492743434,False,0.42640143271122083,False,False,ess_below_floor
20260722_ER&OxidativeStress_NewProtocol_ANALYSED.xlsx,D6,od,22,0,0.95,1.0,0.42060603545289116,-0.37118028024896116,0.612525753493346,21,3,1.850481750226469,255.8091755367064,255.8091755367064,9,500,1,14,0.49919639702153074,1.6718505492743434,False,0.42640143271122083,False,False,ess_below_floor
20260722_ER&OxidativeStress_NewProtocol_ANALYSED.xlsx,D6,rfu,22,0,0.95,1.0,0.34904095356614245,0.33613251990514376,0.7086815851491481,21,3,1.850481750226469,255.8091755367064,255.8091755367064,9,500,1,14,0.49919639702153074,1.6718505492743434,False,0.42640143271122083,False,False,ess_below_floor
20260722_ER&OxidativeStress_NewProtocol_ANALYSED.xlsx,D7,od,22,0,0.95,0.5909090909090909,8.09561988658079,1.5687389295899214,0.4796599198085443,21,3,1.0249937090306689,276.15811392615234,276.15811392615234,3,500,1,21,0.49919639702153074,1.6718505492743434,False,0.42640143271122083,False,False,ess_below_floor
20260722_ER&OxidativeStress_NewProtocol_ANALYSED.xlsx,D7,rfu,22,0,0.95,0.5454545454545454,32.36465524797711,2.7946933577598285,0.9092436536139318,21,3,1.0249937090306689,276.15811392615234,276.15811392615234,3,500,1,21,0.49919639702153074,1.6718505492743434,False,0.42640143271122083,False,False,ess_below_floor
20260722_ER&OxidativeStress_NewProtocol_ANALYSED.xlsx,D8,od,22,0,0.95,0.9090909090909091,1.3974333138418453,0.0037832187067445813,0.19246139493424091,21,3,1.0646720212437544,251.43140057094226,251.43140057094226,7,500,1,20,0.49919639702153074,1.6718505492743434,True,0.42640143271122083,True,False,ess_below_floor
20260722_ER&OxidativeStress_NewProtocol_ANALYSED.xlsx,D8,rfu,22,0,0.95,0.7727272727272727,4.744846491782988,0.5759774458484671,0.7960589765275863,21,3,1.0646720212437544,251.43140057094226,251.43140057094226,7,500,1,20,0.49919639702153074,1.6718505492743434,False,0.42640143271122083,False,False,ess_below_floor
20260722_ER&OxidativeStress_NewProtocol_ANALYSED.xlsx,D9,od,22,0,0.95,0.5,12.794399672716304,2.5724989914206104,0.6304340868365695,21,3,1.0121060892525229,255.0570135030486,255.0570135030486,4,500,1,22,0.49919639702153074,1.6718505492743434,False,0.42640143271122083,False,False,ess_below_floor
20260722_ER&OxidativeStress_NewProtocol_ANALYSED.xlsx,D9,rfu,22,0,0.95,0.2727272727272727,43.31414715381551,3.0461126561247265,0.9223578248795237,21,3,1.0121060892525229,255.0570135030486,255.0570135030486,4,500,1,22,0.49919639702153074,1.6718505492743434,False,0.42640143271122083,False,False,ess_below_floor
20260722_ER&OxidativeStress_NewProtocol_ANALYSED.xlsx,E1,od,22,0,0.95,0.7272727272727273,2.7001768741228385,-1.1607589597982733,0.5413200910987391,21,3,2.6055472005200127,251.56471407952603,251.56471407952603,8,500,1,20,0.49919639702153074,1.6718505492743434,False,0.42640143271122083,False,False,ess_below_floor
20260722_ER&OxidativeStress_NewProtocol_ANALYSED.xlsx,E1,rfu,22,0,0.95,0.7272727272727273,4.201137163195989,0.6029805267615236,0.9184191224212277,21,3,2.6055472005200127,251.56471407952603,251.56471407952603,8,500,1,20,0.49919639702153074,1.6718505492743434,False,0.42640143271122083,False,False,ess_below_floor
20260722_ER&OxidativeStress_NewProtocol_ANALYSED.xlsx,E10,od,22,0,0.95,0.6818181818181818,5.922417735827984,1.7617343134535295,0.8206588696563296,21,3,1.0101264595728063,275.1393820822941,275.1393820822941,3,500,1,21,0.49919639702153074,1.6718505492743434,False,0.42640143271122083,False,False,ess_below_floor
20260722_ER&OxidativeStress_NewProtocol_ANALYSED.xlsx,E10,rfu,22,0,0.95,0.5454545454545454,50.23974104563262,4.300067350940903,0.9328864703120935,21,3,1.0101264595728063,275.1393820822941,275.1393820822941,3,500,1,21,0.49919639702153074,1.6718505492743434,False,0.42640143271122083,False,False,ess_below_floor
20260722_ER&OxidativeStress_NewProtocol_ANALYSED.xlsx,E11,od,22,0,0.95,0.0,433.31831972230975,19.23245213630077,0.7385707996648828,21,3,1.0,500.0,500.0,1,500,1,25,0.49919639702153074,1.6718505492743434,False,0.42640143271122083,False,False,ess_below_floor;particle_diversity_below_floor
20260722_ER&OxidativeStress_NewProtocol_ANALYSED.xlsx,E11,rfu,22,0,0.95,0.0,804.2683349648869,26.347740791988034,0.8758028706920794,21,3,1.0,500.0,500.0,1,500,1,25,0.49919639702153074,1.6718505492743434,False,0.42640143271122083,False,False,ess_below_floor;particle_diversity_below_floor
20260722_ER&OxidativeStress_NewProtocol_ANALYSED.xlsx,E12,od,22,0,0.95,0.13636363636363635,33.56444334892947,-2.8774282612711874,0.8885371600995875,21,3,1.2417666977273982,432.08693540084874,432.08693540084874,8,500,1,24,0.49919639702153074,1.6718505492743434,False,0.42640143271122083,False,False,ess_below_floor
20260722_ER&OxidativeStress_NewProtocol_ANALYSED.xlsx,E12,rfu,22,0,0.95,0.7272727272727273,2.9732967754800272,1.0199439099714571,0.7104315944019577,21,3,1.2417666977273982,432.08693540084874,432.08693540084874,8,500,1,24,0.49919639702153074,1.6718505492743434,False,0.42640143271122083,False,False,ess_below_floor
20260722_ER&OxidativeStress_NewProtocol_ANALYSED.xlsx,E2,od,22,0,0.95,0.6818181818181818,2.4244826866589393,-0.8873995767767305,0.6070263957824806,21,3,1.6906408407685924,277.49356332436116,277.49356332436116,12,500,1,20,0.49919639702153074,1.6718505492743434,False,0.42640143271122083,False,False,ess_below_floor
20260722_ER&OxidativeStress_NewProtocol_ANALYSED.xlsx,E2,rfu,22,0,0.95,0.8181818181818182,1.5668013314535438,0.19502250828492962,0.8447012307647458,21,3,1.6906408407685924,277.49356332436116,277.49356332436116,12,500,1,20,0.49919639702153074,1.6718505492743434,True,0.42640143271122083,False,False,ess_below_floor
20260722_ER&OxidativeStress_NewProtocol_ANALYSED.xlsx,E3,od,22,0,0.95,0.7727272727272727,5.243302730733439,0.5988743287451604,0.7924046467132877,21,3,1.5278435838328384,252.3213015713136,252.3213015713136,9,500,1,23,0.49919639702153074,1.6718505492743434,False,0.42640143271122083,False,False,ess_below_floor
20260722_ER&OxidativeStress_NewProtocol_ANALYSED.xlsx,E3,rfu,22,0,0.95,0.5909090909090909,11.571332058999063,1.6821291989385179,0.9375193996481858,21,3,1.5278435838328384,252.3213015713136,252.3213015713136,9,500,1,23,0.49919639702153074,1.6718505492743434,False,0.42640143271122083,False,False,ess_below_floor
20260722_ER&OxidativeStress_NewProtocol_ANALYSED.xlsx,E4,od,22,0,0.95,0.6363636363636364,8.758719826238417,1.011056772265894,0.8644379406958281,21,3,1.7769939769921828,256.3811973889002,256.3811973889002,8,500,1,21,0.49919639702153074,1.6718505492743434,False,0.42640143271122083,False,False,ess_below_floor
20260722_ER&OxidativeStress_NewProtocol_ANALYSED.xlsx,E4,rfu,22,0,0.95,0.5,28.14543904689688,3.2626350110990483,0.9427477569629017,21,3,1.7769939769921828,256.3811973889002,256.3811973889002,8,500,1,21,0.49919639702153074,1.6718505492743434,False,0.42640143271122083,False,False,ess_below_floor
20260722_ER&OxidativeStress_NewProtocol_ANALYSED.xlsx,E5,od,22,0,0.95,0.09090909090909091,102.76115920460315,-8.663247106513616,0.514704637905142,21,3,1.0000005128326077,500.0,334.20156109659456,1,500,1,24,0.49919639702153074,1.6718505492743434,False,0.42640143271122083,False,False,ess_below_floor;particle_diversity_below_floor
20260722_ER&OxidativeStress_NewProtocol_ANALYSED.xlsx,E5,rfu,22,0,0.95,0.5454545454545454,35.05160507750205,3.6261132167562775,0.9032828705268761,21,3,1.0000005128326077,500.0,334.20156109659456,1,500,1,24,0.49919639702153074,1.6718505492743434,False,0.42640143271122083,False,False,ess_below_floor;particle_diversity_below_floor
20260722_ER&OxidativeStress_NewProtocol_ANALYSED.xlsx,E6,od,22,0,0.95,0.5,8.943835753575497,-1.928889940893688,0.6551745277366292,21,3,3.498685051762296,269.79212960833,269.79212960833,10,500,1,19,0.49919639702153074,1.6718505492743434,False,0.42640143271122083,False,False,ess_below_floor
20260722_ER&OxidativeStress_NewProtocol_ANALYSED.xlsx,E6,rfu,22,0,0.95,0.9090909090909091,1.0028769215116717,0.48738312588263644,0.8240153182431711,21,3,3.498685051762296,269.79212960833,269.79212960833,10,500,1,19,0.49919639702153074,1.6718505492743434,True,0.42640143271122083,False,False,ess_below_floor
20260722_ER&OxidativeStress_NewProtocol_ANALYSED.xlsx,E7,od,22,0,0.95,0.4090909090909091,10.29639571845082,-1.4247188106529884,0.710056503372944,21,3,1.939064667848474,353.2884799184566,353.2884799184566,11,500,1,23,0.49919639702153074,1.6718505492743434,False,0.42640143271122083,False,False,ess_below_floor
20260722_ER&OxidativeStress_NewProtocol_ANALYSED.xlsx,E7,rfu,22,0,0.95,0.5909090909090909,10.237057246252391,1.5578763876368114,0.6372961759408032,21,3,1.939064667848474,353.2884799184566,353.2884799184566,11,500,1,23,0.49919639702153074,1.6718505492743434,False,0.42640143271122083,False,False,ess_below_floor
20260722_ER&OxidativeStress_NewProtocol_ANALYSED.xlsx,E8,od,22,0,0.95,0.5909090909090909,5.00467339313172,0.5187663168732799,0.05488558952143019,21,3,1.4215789184905345,311.305271130189,311.305271130189,12,500,1,24,0.49919639702153074,1.6718505492743434,False,0.42640143271122083,True,False,ess_below_floor
20260722_ER&OxidativeStress_NewProtocol_ANALYSED.xlsx,E8,rfu,22,0,0.95,0.45454545454545453,16.72422254719402,2.244099456732114,0.9002882883958315,21,3,1.4215789184905345,311.305271130189,311.305271130189,12,500,1,24,0.49919639702153074,1.6718505492743434,False,0.42640143271122083,False,False,ess_below_floor
20260722_ER&OxidativeStress_NewProtocol_ANALYSED.xlsx,E9,od,22,0,0.95,0.4090909090909091,10.925925461789879,-1.88558571767578,0.7999066710474844,21,3,1.3921523224432375,294.59618940272503,294.59618940272503,5,500,1,24,0.49919639702153074,1.6718505492743434,False,0.42640143271122083,False,False,ess_below_floor
20260722_ER&OxidativeStress_NewProtocol_ANALYSED.xlsx,E9,rfu,22,0,0.95,0.45454545454545453,20.20375771694144,2.7328247432820896,0.8490426213026067,21,3,1.3921523224432375,294.59618940272503,294.59618940272503,5,500,1,24,0.49919639702153074,1.6718505492743434,False,0.42640143271122083,False,False,ess_below_floor
20260722_ER&OxidativeStress_NewProtocol_ANALYSED.xlsx,F1,od,22,0,0.95,0.9090909090909091,1.3045654654513994,-0.6649061562401626,0.10638180901685859,21,3,1.8256020306932865,294.72160171604946,294.72160171604946,12,500,2,19,0.49919639702153074,1.6718505492743434,True,0.42640143271122083,True,False,ess_below_floor
20260722_ER&OxidativeStress_NewProtocol_ANALYSED.xlsx,F1,rfu,22,0,0.95,0.9090909090909091,0.9864541987099801,0.0006313540549231903,0.8900074195252918,21,3,1.8256020306932865,294.72160171604946,294.72160171604946,12,500,2,19,0.49919639702153074,1.6718505492743434,True,0.42640143271122083,False,False,ess_below_floor
20260722_ER&OxidativeStress_NewProtocol_ANALYSED.xlsx,F10,od,22,0,0.95,0.13636363636363635,57.317997032708426,-5.870300490212012,0.7132913070625034,21,3,1.000000000008097,500.0,500.0,1,500,1,25,0.49919639702153074,1.6718505492743434,False,0.42640143271122083,False,False,ess_below_floor;particle_diversity_below_floor
20260722_ER&OxidativeStress_NewProtocol_ANALYSED.xlsx,F10,rfu,22,0,0.95,0.0,3187.406928760673,-47.59822107141287,0.8712370749004119,21,3,1.000000000008097,500.0,500.0,1,500,1,25,0.49919639702153074,1.6718505492743434,False,0.42640143271122083,False,False,ess_below_floor;particle_diversity_below_floor
20260722_ER&OxidativeStress_NewProtocol_ANALYSED.xlsx,F11,od,22,0,0.95,0.3181818181818182,27.73702870085049,-2.735015857355393,0.856971435024673,21,3,1.4123715253767017,500.0,500.0,2,500,1,25,0.49919639702153074,1.6718505492743434,False,0.42640143271122083,False,False,ess_below_floor
20260722_ER&OxidativeStress_NewProtocol_ANALYSED.xlsx,F11,rfu,22,0,0.95,0.13636363636363635,162.96121211217772,-4.151910100027387,0.8532544237407239,21,3,1.4123715253767017,500.0,500.0,2,500,1,25,0.49919639702153074,1.6718505492743434,False,0.42640143271122083,False,False,ess_below_floor
20260722_ER&OxidativeStress_NewProtocol_ANALYSED.xlsx,F12,od,22,0,0.95,0.3181818181818182,27.887827713534225,-4.54102018689714,0.828031580251937,21,3,1.0000000003949614,251.54068130475022,251.54068130475022,1,500,1,23,0.49919639702153074,1.6718505492743434,False,0.42640143271122083,False,False,ess_below_floor;particle_diversity_below_floor
20260722_ER&OxidativeStress_NewProtocol_ANALYSED.xlsx,F12,rfu,22,0,0.95,0.09090909090909091,2450.7102261424966,-42.547576205603455,0.847667707721192,21,3,1.0000000003949614,251.54068130475022,251.54068130475022,1,500,1,23,0.49919639702153074,1.6718505492743434,False,0.42640143271122083,False,False,ess_below_floor;particle_diversity_below_floor
20260722_ER&OxidativeStress_NewProtocol_ANALYSED.xlsx,F2,od,22,0,0.95,0.7727272727272727,3.11467114920432,-0.8482772856822627,0.2633146857838761,21,3,1.2002698753611485,277.9474831657727,277.9474831657727,11,500,1,19,0.49919639702153074,1.6718505492743434,False,0.42640143271122083,True,False,ess_below_floor
20260722_ER&OxidativeStress_NewProtocol_ANALYSED.xlsx,F2,rfu,22,0,0.95,0.8181818181818182,2.299950081997853,0.1903490917392384,0.8918870664331401,21,3,1.2002698753611485,277.9474831657727,277.9474831657727,11,500,1,19,0.49919639702153074,1.6718505492743434,False,0.42640143271122083,False,False,ess_below_floor
20260722_ER&OxidativeStress_NewProtocol_ANALYSED.xlsx,F3,od,22,0,0.95,0.7272727272727273,3.124126815201229,0.26637106807735283,0.8535226245589833,21,3,2.425728799715378,250.50299403023777,250.50299403023777,13,500,1,20,0.49919639702153074,1.6718505492743434,False,0.42640143271122083,False,False,ess_below_floor
20260722_ER&OxidativeStress_NewProtocol_ANALYSED.xlsx,F3,rfu,22,0,0.95,0.7727272727272727,2.635006037186224,0.3391403800313096,0.9208098805152345,21,3,2.425728799715378,250.50299403023777,250.50299403023777,13,500,1,20,0.49919639702153074,1.6718505492743434,False,0.42640143271122083,False,False,ess_below_floor
20260722_ER&OxidativeStress_NewProtocol_ANALYSED.xlsx,F4,od,22,0,0.95,0.045454545454545456,49.63273396143893,6.680136470927523,0.5122440283172233,21,3,1.0000000147142776,500.0,500.0,1,500,1,25,0.49919639702153074,1.6718505492743434,False,0.42640143271122083,False,False,ess_below_floor;particle_diversity_below_floor
20260722_ER&OxidativeStress_NewProtocol_ANALYSED.xlsx,F4,rfu,22,0,0.95,0.0,603.1373464802239,22.999663991018465,0.8254538525465829,21,3,1.0000000147142776,500.0,500.0,1,500,1,25,0.49919639702153074,1.6718505492743434,False,0.42640143271122083,False,False,ess_below_floor;particle_diversity_below_floor
20260722_ER&OxidativeStress_NewProtocol_ANALYSED.xlsx,F5,od,22,0,0.95,0.0,190.90969963972248,-12.78867268699963,0.6322577741726869,21,3,1.0000695947941265,500.0,500.0,1,500,1,25,0.49919639702153074,1.6718505492743434,False,0.42640143271122083,False,False,ess_below_floor;particle_diversity_below_floor
20260722_ER&OxidativeStress_NewProtocol_ANALYSED.xlsx,F5,rfu,22,0,0.95,0.3181818181818182,14.315941455972176,0.5368010006244371,0.8862024103156181,21,3,1.0000695947941265,500.0,500.0,1,500,1,25,0.49919639702153074,1.6718505492743434,False,0.42640143271122083,False,False,ess_below_floor;particle_diversity_below_floor
20260722_ER&OxidativeStress_NewProtocol_ANALYSED.xlsx,F6,od,22,0,0.95,0.3181818181818182,30.751629444302424,-4.031515466732377,0.9106203023987368,21,3,2.226852301206133,274.4096664667635,274.4096664667635,11,500,1,23,0.49919639702153074,1.6718505492743434,False,0.42640143271122083,False,False,ess_below_floor
20260722_ER&OxidativeStress_NewProtocol_ANALYSED.xlsx,F6,rfu,22,0,0.95,0.3181818181818182,34.83614763139158,3.8876191958495934,0.9091132362297732,21,3,2.226852301206133,274.4096664667635,274.4096664667635,11,500,1,23,0.49919639702153074,1.6718505492743434,False,0.42640143271122083,False,False,ess_below_floor
20260722_ER&OxidativeStress_NewProtocol_ANALYSED.xlsx,F7,od,22,0,0.95,0.045454545454545456,207.39712658776205,-13.339224206883303,0.5286104133784142,21,3,1.000026467005126,500.0,500.0,1,500,1,25,0.49919639702153074,1.6718505492743434,False,0.42640143271122083,False,False,ess_below_floor;particle_diversity_below_floor
20260722_ER&OxidativeStress_NewProtocol_ANALYSED.xlsx,F7,rfu,22,0,0.95,0.0,2611.103590450532,-50.25742689826212,0.7039578057900148,21,3,1.000026467005126,500.0,500.0,1,500,1,25,0.49919639702153074,1.6718505492743434,False,0.42640143271122083,False,False,ess_below_floor;particle_diversity_below_floor
20260722_ER&OxidativeStress_NewProtocol_ANALYSED.xlsx,F8,od,22,0,0.95,0.45454545454545453,7.016376775277087,-2.146583775036758,0.620220827704961,21,3,1.0036646424648745,500.0,500.0,2,500,1,25,0.49919639702153074,1.6718505492743434,False,0.42640143271122083,False,False,ess_below_floor
20260722_ER&OxidativeStress_NewProtocol_ANALYSED.xlsx,F8,rfu,22,0,0.95,0.0,1575.2707941294395,-37.611455843159796,0.7465562528515246,21,3,1.0036646424648745,500.0,500.0,2,500,1,25,0.49919639702153074,1.6718505492743434,False,0.42640143271122083,False,False,ess_below_floor
20260722_ER&OxidativeStress_NewProtocol_ANALYSED.xlsx,F9,od,22,0,0.95,0.13636363636363635,209.37971314689457,-12.370115628677409,0.8296999153471852,21,3,1.0000005807462569,285.0106275812733,285.0106275812733,1,500,1,24,0.49919639702153074,1.6718505492743434,False,0.42640143271122083,False,False,ess_below_floor;particle_diversity_below_floor
20260722_ER&OxidativeStress_NewProtocol_ANALYSED.xlsx,F9,rfu,22,0,0.95,0.0,2850.055338902669,-51.926516501203416,0.598673830045547,21,3,1.0000005807462569,285.0106275812733,285.0106275812733,1,500,1,24,0.49919639702153074,1.6718505492743434,False,0.42640143271122083,False,False,ess_below_floor;particle_diversity_below_floor
20260722_ER&OxidativeStress_NewProtocol_ANALYSED.xlsx,G1,od,22,0,0.95,0.6818181818181818,9.595197593427995,1.3153020931505948,0.5951382607404203,21,3,1.3962166263071456,251.4248534908913,251.4248534908913,8,500,1,21,0.49919639702153074,1.6718505492743434,False,0.42640143271122083,False,False,ess_below_floor
20260722_ER&OxidativeStress_NewProtocol_ANALYSED.xlsx,G1,rfu,22,0,0.95,0.5909090909090909,10.548599612261635,1.706269218726077,0.9165575960606015,21,3,1.3962166263071456,251.4248534908913,251.4248534908913,8,500,1,21,0.49919639702153074,1.6718505492743434,False,0.42640143271122083,False,False,ess_below_floor
20260722_ER&OxidativeStress_NewProtocol_ANALYSED.xlsx,G11,od,22,0,0.95,0.0,302.8270248852092,-16.219640753972868,0.8564956551093987,21,3,1.0,500.0,500.0,1,500,1,25,0.49919639702153074,1.6718505492743434,False,0.42640143271122083,False,False,ess_below_floor;particle_diversity_below_floor
20260722_ER&OxidativeStress_NewProtocol_ANALYSED.xlsx,G11,rfu,22,0,0.95,0.0,15602.36337134372,-122.86449500346826,0.7204640528278303,21,3,1.0,500.0,500.0,1,500,1,25,0.49919639702153074,1.6718505492743434,False,0.42640143271122083,False,False,ess_below_floor;particle_diversity_below_floor
20260722_ER&OxidativeStress_NewProtocol_ANALYSED.xlsx,G2,od,22,0,0.95,0.36363636363636365,16.94331937754725,-3.121965561044614,0.7280991181700389,21,3,1.7843742717848923,280.339351427284,280.339351427284,8,500,1,24,0.49919639702153074,1.6718505492743434,False,0.42640143271122083,False,False,ess_below_floor
20260722_ER&OxidativeStress_NewProtocol_ANALYSED.xlsx,G2,rfu,22,0,0.95,0.7272727272727273,4.1263369146610165,0.16853316568974516,0.86235803425832,21,3,1.7843742717848923,280.339351427284,280.339351427284,8,500,1,24,0.49919639702153074,1.6718505492743434,False,0.42640143271122083,False,False,ess_below_floor
20260722_ER&OxidativeStress_NewProtocol_ANALYSED.xlsx,G3,od,22,0,0.95,0.22727272727272727,19.655394793797146,-3.6775309790013524,0.6575963485175578,21,3,2.2196201570296523,256.11093709393583,255.07995808500775,8,500,1,23,0.49919639702153074,1.6718505492743434,False,0.42640143271122083,False,False,ess_below_floor
20260722_ER&OxidativeStress_NewProtocol_ANALYSED.xlsx,G3,rfu,22,0,0.95,0.7727272727272727,3.0434597125747573,0.37637971553355337,0.8532734093877485,21,3,2.2196201570296523,256.11093709393583,255.07995808500775,8,500,1,23,0.49919639702153074,1.6718505492743434,False,0.42640143271122083,False,False,ess_below_floor
20260722_ER&OxidativeStress_NewProtocol_ANALYSED.xlsx,G4,od,22,0,0.95,0.45454545454545453,10.41781673757861,-1.9237586203434043,0.8260261299480203,21,3,3.2229118638401744,268.68127792652587,268.68127792652587,8,500,1,21,0.49919639702153074,1.6718505492743434,False,0.42640143271122083,False,False,ess_below_floor
20260722_ER&OxidativeStress_NewProtocol_ANALYSED.xlsx,G4,rfu,22,0,0.95,0.6818181818181818,3.2049031206066787,0.8189219425064984,0.8942502994222209,21,3,3.2229118638401744,268.68127792652587,268.68127792652587,8,500,1,21,0.49919639702153074,1.6718505492743434,False,0.42640143271122083,False,False,ess_below_floor
20260722_ER&OxidativeStress_NewProtocol_ANALYSED.xlsx,G5,od,22,0,0.95,0.5454545454545454,7.120427447135092,-1.3532149247103933,0.5218559655598543,21,3,1.3476623057365318,252.6438639147995,252.6438639147995,8,500,1,21,0.49919639702153074,1.6718505492743434,False,0.42640143271122083,False,False,ess_below_floor
20260722_ER&OxidativeStress_NewProtocol_ANALYSED.xlsx,G5,rfu,22,0,0.95,0.7272727272727273,3.0569113196592492,0.6824555456236703,0.8984635073423924,21,3,1.3476623057365318,252.6438639147995,252.6438639147995,8,500,1,21,0.49919639702153074,1.6718505492743434,False,0.42640143271122083,False,False,ess_below_floor
20260722_ER&OxidativeStress_NewProtocol_ANALYSED.xlsx,G6,od,22,0,0.95,0.22727272727272727,44.17766107086357,-5.4505024065068355,0.8817958290877669,21,3,2.5480877277717626,277.4866289511344,277.4866289511344,9,500,1,23,0.49919639702153074,1.6718505492743434,False,0.42640143271122083,False,False,ess_below_floor
20260722_ER&OxidativeStress_NewProtocol_ANALYSED.xlsx,G6,rfu,22,0,0.95,0.4090909090909091,19.910161825284668,3.1731643492169685,0.9130589996161659,21,3,2.5480877277717626,277.4866289511344,277.4866289511344,9,500,1,23,0.49919639702153074,1.6718505492743434,False,0.42640143271122083,False,False,ess_below_floor
20260728_ER&OxidativeStress_NewProtocol_Replicate2.xlsx,A1,od,22,0,0.95,0.9090909090909091,1.2811682175163648,-0.8658680464257466,0.6218381305654472,21,3,3.088233941248213,274.2477419283528,274.2477419283528,12,500,1,18,0.49919639702153074,1.6718505492743434,True,0.42640143271122083,False,False,ess_below_floor
20260728_ER&OxidativeStress_NewProtocol_Replicate2.xlsx,A1,rfu,22,0,0.95,0.9545454545454546,0.48545819168483484,0.27419134016678476,0.5103081502282787,21,3,3.088233941248213,274.2477419283528,274.2477419283528,12,500,1,18,0.49919639702153074,1.6718505492743434,False,0.42640143271122083,False,False,ess_below_floor
20260728_ER&OxidativeStress_NewProtocol_Replicate2.xlsx,A10,od,22,0,0.95,0.6818181818181818,3.8460187418075034,-0.07641497867139381,0.7467698073755533,21,3,1.0000000000000004,260.2340039080322,260.2340039080322,1,500,1,23,0.49919639702153074,1.6718505492743434,False,0.42640143271122083,False,False,ess_below_floor;particle_diversity_below_floor
20260728_ER&OxidativeStress_NewProtocol_Replicate2.xlsx,A10,rfu,22,0,0.95,0.5,550.3937668739514,14.517215824372817,0.9235727552295825,21,3,1.0000000000000004,260.2340039080322,260.2340039080322,1,500,1,23,0.49919639702153074,1.6718505492743434,False,0.42640143271122083,False,False,ess_below_floor;particle_diversity_below_floor
20260728_ER&OxidativeStress_NewProtocol_Replicate2.xlsx,A11,od,22,0,0.95,0.3181818181818182,62.99527273399935,4.23230144847373,0.8344726759157152,21,3,1.0000001530163087,288.55660497746027,288.55660497746027,1,500,1,23,0.49919639702153074,1.6718505492743434,False,0.42640143271122083,False,False,ess_below_floor;particle_diversity_below_floor
20260728_ER&OxidativeStress_NewProtocol_Replicate2.xlsx,A11,rfu,22,0,0.95,0.45454545454545453,215.98582812463928,8.885425527951416,0.927502151398705,21,3,1.0000001530163087,288.55660497746027,288.55660497746027,1,500,1,23,0.49919639702153074,1.6718505492743434,False,0.42640143271122083,False,False,ess_below_floor;particle_diversity_below_floor
20260728_ER&OxidativeStress_NewProtocol_Replicate2.xlsx,A12,od,22,0,0.95,0.8636363636363636,1.7986645720454044,-0.8235174649992394,0.5984257969601681,21,3,1.2804239878793848,250.47511816704267,250.47511816704267,8,500,1,19,0.49919639702153074,1.6718505492743434,False,0.42640143271122083,False,False,ess_below_floor
20260728_ER&OxidativeStress_NewProtocol_Replicate2.xlsx,A12,rfu,22,0,0.95,0.7272727272727273,10.88507746066005,1.1018287115901044,0.7547075840392514,21,3,1.2804239878793848,250.47511816704267,250.47511816704267,8,500,1,19,0.49919639702153074,1.6718505492743434,False,0.42640143271122083,False,False,ess_below_floor
20260728_ER&OxidativeStress_NewProtocol_Replicate2.xlsx,A2,od,22,0,0.95,0.7272727272727273,2.663984646224861,-0.7275875630699271,0.5696096614579692,21,3,1.6801915218435837,260.81419888305464,260.81419888305464,10,500,1,19,0.49919639702153074,1.6718505492743434,False,0.42640143271122083,False,False,ess_below_floor
20260728_ER&OxidativeStress_NewProtocol_Replicate2.xlsx,A2,rfu,22,0,0.95,0.9090909090909091,0.7131579752496405,0.4281327032246012,0.3493192861775694,21,3,1.6801915218435837,260.81419888305464,260.81419888305464,10,500,1,19,0.49919639702153074,1.6718505492743434,True,0.42640143271122083,True,False,ess_below_floor
20260728_ER&OxidativeStress_NewProtocol_Replicate2.xlsx,A3,od,22,0,0.95,0.7727272727272727,2.075522800626688,-0.733594026059036,0.31914612405863463,21,3,3.8995198127037534,263.6543822835833,263.6543822835833,12,500,1,18,0.49919639702153074,1.6718505492743434,False,0.42640143271122083,True,False,ess_below_floor
20260728_ER&OxidativeStress_NewProtocol_Replicate2.xlsx,A3,rfu,22,0,0.95,1.0,0.3333335834582296,0.25449095406714184,0.7107146843127048,21,3,3.8995198127037534,263.6543822835833,263.6543822835833,12,500,1,18,0.49919639702153074,1.6718505492743434,False,0.42640143271122083,False,False,ess_below_floor
20260728_ER&OxidativeStress_NewProtocol_Replicate2.xlsx,A4,od,22,0,0.95,0.22727272727272727,71.09345826118832,-7.0920617351677615,0.8923246122017919,21,3,1.0000070146954145,307.6050370442441,257.9059772425555,1,500,1,22,0.49919639702153074,1.6718505492743434,False,0.42640143271122083,False,False,ess_below_floor;particle_diversity_below_floor
20260728_ER&OxidativeStress_NewProtocol_Replicate2.xlsx,A4,rfu,22,0,0.95,0.5909090909090909,27.677345833808147,2.796814001836655,0.8465961589666938,21,3,1.0000070146954145,307.6050370442441,257.9059772425555,1,500,1,22,0.49919639702153074,1.6718505492743434,False,0.42640143271122083,False,False,ess_below_floor;particle_diversity_below_floor
20260728_ER&OxidativeStress_NewProtocol_Replicate2.xlsx,A5,od,22,0,0.95,0.7727272727272727,13.857067900262207,1.2337596437388587,0.8585496529382622,21,3,1.0692488064458319,257.91142886026034,257.91142886026034,5,500,1,18,0.49919639702153074,1.6718505492743434,False,0.42640143271122083,False,False,ess_below_floor
20260728_ER&OxidativeStress_NewProtocol_Replicate2.xlsx,A5,rfu,22,0,0.95,0.6363636363636364,12.531978369786874,1.9800154227242097,0.869784745086703,21,3,1.0692488064458319,257.91142886026034,257.91142886026034,5,500,1,18,0.49919639702153074,1.6718505492743434,False,0.42640143271122083,False,False,ess_below_floor
20260728_ER&OxidativeStress_NewProtocol_Replicate2.xlsx,A6,od,22,0,0.95,0.13636363636363635,122.53854573871381,-6.972315650080168,0.8340106715321746,21,3,1.0000003932701615,500.0,500.0,1,500,1,25,0.49919639702153074,1.6718505492743434,False,0.42640143271122083,False,False,ess_below_floor;particle_diversity_below_floor
20260728_ER&OxidativeStress_NewProtocol_Replicate2.xlsx,A6,rfu,22,0,0.95,0.18181818181818182,429.1662180460975,16.928086631102335,0.8990536369792842,21,3,1.0000003932701615,500.0,500.0,1,500,1,25,0.49919639702153074,1.6718505492743434,False,0.42640143271122083,False,False,ess_below_floor;particle_diversity_below_floor
20260728_ER&OxidativeStress_NewProtocol_Replicate2.xlsx,A7,od,22,0,0.95,0.6363636363636364,3.910210846619594,-1.2606986985598263,0.8342762680461704,21,3,1.0050957335444488,250.61780195278914,250.61780195278914,2,500,1,23,0.49919639702153074,1.6718505492743434,False,0.42640143271122083,False,False,ess_below_floor
20260728_ER&OxidativeStress_NewProtocol_Replicate2.xlsx,A7,rfu,22,0,0.95,0.6363636363636364,38.63198785920149,2.8954618979588846,0.923728504641349,21,3,1.0050957335444488,250.61780195278914,250.61780195278914,2,500,1,23,0.49919639702153074,1.6718505492743434,False,0.42640143271122083,False,False,ess_below_floor
20260728_ER&OxidativeStress_NewProtocol_Replicate2.xlsx,A8,od,22,0,0.95,0.45454545454545453,27.08215038689281,2.7971017596536765,0.9399430368880813,21,3,1.0893042290694321,382.87489163524424,279.52543404635276,3,500,1,23,0.49919639702153074,1.6718505492743434,False,0.42640143271122083,False,False,ess_below_floor
20260728_ER&OxidativeStress_NewProtocol_Replicate2.xlsx,A8,rfu,22,0,0.95,0.5909090909090909,34.59350588103342,3.095184754559224,0.9123960124193535,21,3,1.0893042290694321,382.87489163524424,279.52543404635276,3,500,1,23,0.49919639702153074,1.6718505492743434,False,0.42640143271122083,False,False,ess_below_floor
20260728_ER&OxidativeStress_NewProtocol_Replicate2.xlsx,A9,od,22,0,0.95,0.13636363636363635,27.81128661261763,0.24834207918142717,0.791324749745032,21,3,1.0068054218016373,500.0,500.0,2,500,1,25,0.49919639702153074,1.6718505492743434,False,0.42640143271122083,False,False,ess_below_floor
20260728_ER&OxidativeStress_NewProtocol_Replicate2.xlsx,A9,rfu,22,0,0.95,0.5,12.783214159596845,1.1075494086101483,0.752626649998628,21,3,1.0068054218016373,500.0,500.0,2,500,1,25,0.49919639702153074,1.6718505492743434,False,0.42640143271122083,False,False,ess_below_floor
20260728_ER&OxidativeStress_NewProtocol_Replicate2.xlsx,B1,od,22,0,0.95,0.36363636363636365,11.706221306380042,-1.7576952663911773,0.7855813062765086,21,3,2.5919374391471313,270.99255181738727,270.99255181738727,11,500,1,21,0.49919639702153074,1.6718505492743434,False,0.42640143271122083,False,False,ess_below_floor
20260728_ER&OxidativeStress_NewProtocol_Replicate2.xlsx,B1,rfu,22,0,0.95,0.9545454545454546,1.1202412090923874,0.6448972864426626,0.690715755576447,21,3,2.5919374391471313,270.99255181738727,270.99255181738727,11,500,1,21,0.49919639702153074,1.6718505492743434,True,0.42640143271122083,False,False,ess_below_floor
20260728_ER&OxidativeStress_NewProtocol_Replicate2.xlsx,B10,od,22,0,0.95,0.2727272727272727,41.23886569435032,-5.230576497453646,0.8884005289613417,21,3,1.0,500.0,500.0,1,500,1,25,0.49919639702153074,1.6718505492743434,False,0.42640143271122083,False,False,ess_below_floor;particle_diversity_below_floor
20260728_ER&OxidativeStress_NewProtocol_Replicate2.xlsx,B10,rfu,22,0,0.95,0.045454545454545456,18441.986115382108,113.41681167987585,0.902790151630975,21,3,1.0,500.0,500.0,1,500,1,25,0.49919639702153074,1.6718505492743434,False,0.42640143271122083,False,False,ess_below_floor;particle_diversity_below_floor
20260728_ER&OxidativeStress_NewProtocol_Replicate2.xlsx,B11,od,22,0,0.95,0.0,1782.430163678396,38.54337406708887,0.8754010008955102,21,3,1.0,500.0,500.0,1,500,1,25,0.49919639702153074,1.6718505492743434,False,0.42640143271122083,False,False,ess_below_floor;particle_diversity_below_floor
20260728_ER&OxidativeStress_NewProtocol_Replicate2.xlsx,B11,rfu,22,0,0.95,0.0,3001.092196458913,50.246972291259766,0.849485246296194,21,3,1.0,500.0,500.0,1,500,1,25,0.49919639702153074,1.6718505492743434,False,0.42640143271122083,False,False,ess_below_floor;particle_diversity_below_floor
20260728_ER&OxidativeStress_NewProtocol_Replicate2.xlsx,B12,od,22,0,0.95,0.09090909090909091,96.54690957088484,8.73626726842212,0.7613408214775229,21,3,1.0,262.4885605585112,262.4885605585112,1,500,1,24,0.49919639702153074,1.6718505492743434,False,0.42640143271122083,False,False,ess_below_floor;particle_diversity_below_floor
20260728_ER&OxidativeStress_NewProtocol_Replicate2.xlsx,B12,rfu,22,0,0.95,0.045454545454545456,4277.894145844332,50.33038407845541,0.9305355292624855,21,3,1.0,262.4885605585112,262.4885605585112,1,500,1,24,0.49919639702153074,1.6718505492743434,False,0.42640143271122083,False,False,ess_below_floor;particle_diversity_below_floor
20260728_ER&OxidativeStress_NewProtocol_Replicate2.xlsx,B2,od,22,0,0.95,0.7272727272727273,2.27781517833191,-1.0807772597729586,0.6725828090482292,21,3,3.079358000754181,250.13284780979933,250.13284780979933,10,500,1,18,0.49919639702153074,1.6718505492743434,False,0.42640143271122083,False,False,ess_below_floor
20260728_ER&OxidativeStress_NewProtocol_Replicate2.xlsx,B2,rfu,22,0,0.95,0.9090909090909091,1.2880361947915175,0.439905011635423,0.38840574718985726,21,3,3.079358000754181,250.13284780979933,250.13284780979933,10,500,1,18,0.49919639702153074,1.6718505492743434,True,0.42640143271122083,True,False,ess_below_floor
20260728_ER&OxidativeStress_NewProtocol_Replicate2.xlsx,B3,od,22,0,0.95,0.045454545454545456,400.0390045372412,-19.105346125493718,0.7958624213566123,21,3,1.0198432548335434,500.0,500.0,3,500,1,25,0.49919639702153074,1.6718505492743434,False,0.42640143271122083,False,False,ess_below_floor
20260728_ER&OxidativeStress_NewProtocol_Replicate2.xlsx,B3,rfu,22,0,0.95,0.7727272727272727,2.620794269823414,-1.2827124178781157,0.07930487260350119,21,3,1.0198432548335434,500.0,500.0,3,500,1,25,0.49919639702153074,1.6718505492743434,False,0.42640143271122083,True,False,ess_below_floor
20260728_ER&OxidativeStress_NewProtocol_Replicate2.xlsx,B4,od,22,0,0.95,0.36363636363636365,30.47096488543984,-1.5774003301915365,0.31944527793474325,21,3,1.0000026386063887,328.1157214335153,328.1157214335153,1,500,1,22,0.49919639702153074,1.6718505492743434,False,0.42640143271122083,True,False,ess_below_floor;particle_diversity_below_floor
20260728_ER&OxidativeStress_NewProtocol_Replicate2.xlsx,B4,rfu,22,0,0.95,0.8636363636363636,2.8829794266141846,0.33997752903707623,0.6758657419289312,21,3,1.0000026386063887,328.1157214335153,328.1157214335153,1,500,1,22,0.49919639702153074,1.6718505492743434,False,0.42640143271122083,False,False,ess_below_floor;particle_diversity_below_floor
20260728_ER&OxidativeStress_NewProtocol_Replicate2.xlsx,B5,od,22,0,0.95,0.9545454545454546,1.230385066516189,-0.7399848590712993,0.3324397260654881,21,3,1.0289307455293728,254.21086108818963,254.21086108818963,3,500,1,18,0.49919639702153074,1.6718505492743434,True,0.42640143271122083,True,False,ess_below_floor
20260728_ER&OxidativeStress_NewProtocol_Replicate2.xlsx,B5,rfu,22,0,0.95,1.0,0.5534376622784601,0.17246170862979537,-0.18971420073609543,21,3,1.0289307455293728,254.21086108818963,254.21086108818963,3,500,1,18,0.49919639702153074,1.6718505492743434,True,0.42640143271122083,True,False,ess_below_floor
20260728_ER&OxidativeStress_NewProtocol_Replicate2.xlsx,B6,od,22,0,0.95,0.9090909090909091,1.408820744838758,-0.6462392332170128,-0.10849578501395911,21,3,3.442779297326835,270.59643536986914,270.59643536986914,11,500,1,17,0.49919639702153074,1.6718505492743434,True,0.42640143271122083,True,False,ess_below_floor
20260728_ER&OxidativeStress_NewProtocol_Replicate2.xlsx,B6,rfu,22,0,0.95,0.9545454545454546,0.6834512051465933,0.42226372972587484,0.2639606694254071,21,3,3.442779297326835,270.59643536986914,270.59643536986914,11,500,1,17,0.49919639702153074,1.6718505492743434,True,0.42640143271122083,True,False,ess_below_floor
20260728_ER&OxidativeStress_NewProtocol_Replicate2.xlsx,B7,od,22,0,0.95,0.09090909090909091,135.76423991901825,6.4868525733351134,0.8578805522747394,21,3,1.0003876553293989,500.0,500.0,1,500,1,25,0.49919639702153074,1.6718505492743434,False,0.42640143271122083,False,False,ess_below_floor;particle_diversity_below_floor
20260728_ER&OxidativeStress_NewProtocol_Replicate2.xlsx,B7,rfu,22,0,0.95,0.09090909090909091,155.524646472612,5.073189024441378,0.9306229511361158,21,3,1.0003876553293989,500.0,500.0,1,500,1,25,0.49919639702153074,1.6718505492743434,False,0.42640143271122083,False,False,ess_below_floor;particle_diversity_below_floor
20260728_ER&OxidativeStress_NewProtocol_Replicate2.xlsx,B8,od,22,0,0.95,0.6818181818181818,10.599230790335637,-0.583912634016695,0.09591820863113895,21,3,1.026124268664084,251.39733459408217,251.39733459408217,2,500,1,22,0.49919639702153074,1.6718505492743434,False,0.42640143271122083,True,False,ess_below_floor
20260728_ER&OxidativeStress_NewProtocol_Replicate2.xlsx,B8,rfu,22,0,0.95,0.5454545454545454,52.0983847198316,2.9717271323023984,0.8753394802956236,21,3,1.026124268664084,251.39733459408217,251.39733459408217,2,500,1,22,0.49919639702153074,1.6718505492743434,False,0.42640143271122083,False,False,ess_below_floor
20260728_ER&OxidativeStress_NewProtocol_Replicate2.xlsx,B9,od,22,0,0.95,0.5454545454545454,4.952112603910532,-0.21867454855029872,0.86274629170389,21,3,1.2176534257169254,500.0,500.0,3,500,1,25,0.49919639702153074,1.6718505492743434,False,0.42640143271122083,False,False,ess_below_floor
20260728_ER&OxidativeStress_NewProtocol_Replicate2.xlsx,B9,rfu,22,0,0.95,0.13636363636363635,79.5997796260831,3.459804881730076,0.9315853628313956,21,3,1.2176534257169254,500.0,500.0,3,500,1,25,0.49919639702153074,1.6718505492743434,False,0.42640143271122083,False,False,ess_below_floor
20260728_ER&OxidativeStress_NewProtocol_Replicate2.xlsx,C1,od,22,0,0.95,0.8636363636363636,1.27037665589669,-0.7459017267659592,0.7477500894468753,21,3,1.8247750201695145,252.1138073435105,252.1138073435105,13,500,1,17,0.49919639702153074,1.6718505492743434,True,0.42640143271122083,False,False,ess_below_floor
20260728_ER&OxidativeStress_NewProtocol_Replicate2.xlsx,C1,rfu,22,0,0.95,0.9545454545454546,0.8564575094543972,0.4577942702874597,0.7935516453126252,21,3,1.8247750201695145,252.1138073435105,252.1138073435105,13,500,1,17,0.49919639702153074,1.6718505492743434,True,0.42640143271122083,False,False,ess_below_floor
20260728_ER&OxidativeStress_NewProtocol_Replicate2.xlsx,C10,od,22,0,0.95,0.5454545454545454,6.880661914558212,-1.9839555185789395,0.889457478202001,21,3,1.0234245823662464,260.4070997429035,260.4070997429035,3,500,1,24,0.49919639702153074,1.6718505492743434,False,0.42640143271122083,False,False,ess_below_floor
20260728_ER&OxidativeStress_NewProtocol_Replicate2.xlsx,C10,rfu,22,0,0.95,0.2727272727272727,110.78263937588198,4.545800520961259,0.9284635115497468,21,3,1.0234245823662464,260.4070997429035,260.4070997429035,3,500,1,24,0.49919639702153074,1.6718505492743434,False,0.42640143271122083,False,False,ess_below_floor
20260728_ER&OxidativeStress_NewProtocol_Replicate2.xlsx,C11,od,22,0,0.95,0.045454545454545456,163.46805898296768,-11.84279280548657,0.8512067320341711,21,3,1.000000000000143,500.0,500.0,1,500,1,25,0.49919639702153074,1.6718505492743434,False,0.42640143271122083,False,False,ess_below_floor;particle_diversity_below_floor
20260728_ER&OxidativeStress_NewProtocol_Replicate2.xlsx,C11,rfu,22,0,0.95,0.09090909090909091,646.8793945925595,11.992573193398602,0.9291083082345855,21,3,1.000000000000143,500.0,500.0,1,500,1,25,0.49919639702153074,1.6718505492743434,False,0.42640143271122083,False,False,ess_below_floor;particle_diversity_below_floor
20260728_ER&OxidativeStress_NewProtocol_Replicate2.xlsx,C12,od,22,0,0.95,0.4090909090909091,15.13783217078494,2.179167082289173,0.45795027300130153,21,3,1.000000000000023,500.0,500.0,1,500,1,25,0.49919639702153074,1.6718505492743434,False,0.42640143271122083,False,False,ess_below_floor;particle_diversity_below_floor
20260728_ER&OxidativeStress_NewProtocol_Replicate2.xlsx,C12,rfu,22,0,0.95,0.09090909090909091,813.6229071922764,17.82906985965053,0.9417087765021837,21,3,1.000000000000023,500.0,500.0,1,500,1,25,0.49919639702153074,1.6718505492743434,False,0.42640143271122083,False,False,ess_below_floor;particle_diversity_below_floor
20260728_ER&OxidativeStress_NewProtocol_Replicate2.xlsx,C2,od,22,0,0.95,0.9090909090909091,1.4476289997167755,-1.0438692277187185,0.8930079732702549,21,3,3.8300011051103295,271.2460608024363,271.2460608024363,8,500,1,18,0.49919639702153074,1.6718505492743434,True,0.42640143271122083,False,False,ess_below_floor
20260728_ER&OxidativeStress_NewProtocol_Replicate2.xlsx,C2,rfu,22,0,0.95,0.9545454545454546,1.213829015200714,0.5088240696044172,0.17094760666530576,21,3,3.8300011051103295,271.2460608024363,271.2460608024363,8,500,1,18,0.49919639702153074,1.6718505492743434,True,0.42640143271122083,True,False,ess_below_floor
20260728_ER&OxidativeStress_NewProtocol_Replicate2.xlsx,C3,od,22,0,0.95,0.22727272727272727,36.795684135726326,-3.972902531177624,0.8500787077646982,21,3,1.720551956947246,311.5062037054941,311.5062037054941,9,500,1,23,0.49919639702153074,1.6718505492743434,False,0.42640143271122083,False,False,ess_below_floor
20260728_ER&OxidativeStress_NewProtocol_Replicate2.xlsx,C3,rfu,22,0,0.95,0.8636363636363636,1.3242583811665432,0.8815115789818194,0.5819880145006018,21,3,1.720551956947246,311.5062037054941,311.5062037054941,9,500,1,23,0.49919639702153074,1.6718505492743434,True,0.42640143271122083,False,False,ess_below_floor
20260728_ER&OxidativeStress_NewProtocol_Replicate2.xlsx,C4,od,22,0,0.95,0.5,13.810072739256059,-1.1644413627712877,0.5711861937641262,21,3,1.7943077607278415,282.770890816955,282.770890816955,13,500,1,21,0.49919639702153074,1.6718505492743434,False,0.42640143271122083,False,False,ess_below_floor
20260728_ER&OxidativeStress_NewProtocol_Replicate2.xlsx,C4,rfu,22,0,0.95,0.7272727272727273,5.46400771620008,1.5336792705864484,0.5233159529506338,21,3,1.7943077607278415,282.770890816955,282.770890816955,13,500,1,21,0.49919639702153074,1.6718505492743434,False,0.42640143271122083,False,False,ess_below_floor
20260728_ER&OxidativeStress_NewProtocol_Replicate2.xlsx,C5,od,22,0,0.95,0.8181818181818182,1.8837793446115974,-0.7320616475967097,-0.185782199748722,21,3,2.860071114909081,250.96012799026835,250.96012799026835,10,500,1,16,0.49919639702153074,1.6718505492743434,False,0.42640143271122083,True,False,ess_below_floor
20260728_ER&OxidativeStress_NewProtocol_Replicate2.xlsx,C5,rfu,22,0,0.95,0.9090909090909091,1.2139627472300019,0.6835890712313611,0.7046204754169021,21,3,2.860071114909081,250.96012799026835,250.96012799026835,10,500,1,16,0.49919639702153074,1.6718505492743434,True,0.42640143271122083,False,False,ess_below_floor
20260728_ER&OxidativeStress_NewProtocol_Replicate2.xlsx,C6,od,22,0,0.95,0.13636363636363635,120.94935866645832,9.442684994858768,0.8677171081725654,21,3,1.0000033891632139,368.074665875269,368.074665875269,1,500,1,24,0.49919639702153074,1.6718505492743434,False,0.42640143271122083,False,False,ess_below_floor;particle_diversity_below_floor
20260728_ER&OxidativeStress_NewProtocol_Replicate2.xlsx,C6,rfu,22,0,0.95,0.13636363636363635,112.55097634869703,9.336798847042617,0.8196600938083425,21,3,1.0000033891632139,368.074665875269,368.074665875269,1,500,1,24,0.49919639702153074,1.6718505492743434,False,0.42640143271122083,False,False,ess_below_floor;particle_diversity_below_floor
20260728_ER&OxidativeStress_NewProtocol_Replicate2.xlsx,C7,od,22,0,0.95,0.9545454545454546,1.2529445067855778,-0.42256923078280456,0.7793429916737695,21,3,1.5608568856401637,500.0,500.0,2,500,1,25,0.49919639702153074,1.6718505492743434,True,0.42640143271122083,False,False,ess_below_floor
20260728_ER&OxidativeStress_NewProtocol_Replicate2.xlsx,C7,rfu,22,0,0.95,0.5454545454545454,61.14904511091013,3.2008985282613285,0.9164537345935024,21,3,1.5608568856401637,500.0,500.0,2,500,1,25,0.49919639702153074,1.6718505492743434,False,0.42640143271122083,False,False,ess_below_floor
20260728_ER&OxidativeStress_NewProtocol_Replicate2.xlsx,C8,od,22,0,0.95,0.0,617.48097951659,-23.936792136771032,0.8350680760212666,21,3,1.0000000113970369,500.0,500.0,1,500,1,25,0.49919639702153074,1.6718505492743434,False,0.42640143271122083,False,False,ess_below_floor;particle_diversity_below_floor
20260728_ER&OxidativeStress_NewProtocol_Replicate2.xlsx,C8,rfu,22,0,0.95,0.045454545454545456,496.22345460129657,6.5415577810417975,0.9215897115645514,21,3,1.0000000113970369,500.0,500.0,1,500,1,25,0.49919639702153074,1.6718505492743434,False,0.42640143271122083,False,False,ess_below_floor;particle_diversity_below_floor
20260728_ER&OxidativeStress_NewProtocol_Replicate2.xlsx,C9,od,22,0,0.95,0.6363636363636364,6.8010723835525475,-1.8549678508065617,0.9261595755980596,21,3,1.1142363330499017,500.0,500.0,3,500,1,25,0.49919639702153074,1.6718505492743434,False,0.42640143271122083,False,False,ess_below_floor
20260728_ER&OxidativeStress_NewProtocol_Replicate2.xlsx,C9,rfu,22,0,0.95,0.5909090909090909,23.927011734493984,1.321277993190194,0.8751682470170129,21,3,1.1142363330499017,500.0,500.0,3,500,1,25,0.49919639702153074,1.6718505492743434,False,0.42640143271122083,False,False,ess_below_floor
20260728_ER&OxidativeStress_NewProtocol_Replicate2.xlsx,D1,od,22,0,0.95,0.7727272727272727,2.16595614975507,-0.9440176006863858,0.7712153115895258,21,3,5.170788339464179,277.8755079162855,277.8755079162855,11,500,1,19,0.49919639702153074,1.6718505492743434,False,0.42640143271122083,False,False,ess_below_floor
20260728_ER&OxidativeStress_NewProtocol_Replicate2.xlsx,D1,rfu,22,0,0.95,0.6363636363636364,8.627132045576888,1.5082997209625957,0.9071224721343973,21,3,5.170788339464179,277.8755079162855,277.8755079162855,11,500,1,19,0.49919639702153074,1.6718505492743434,False,0.42640143271122083,False,False,ess_below_floor
20260728_ER&OxidativeStress_NewProtocol_Replicate2.xlsx,D10,od,22,0,0.95,0.045454545454545456,337.2021069951318,-16.254919270288248,0.7723363551558574,21,3,1.0003035421536632,500.0,500.0,2,500,1,25,0.49919639702153074,1.6718505492743434,False,0.42640143271122083,False,False,ess_below_floor
20260728_ER&OxidativeStress_NewProtocol_Replicate2.xlsx,D10,rfu,22,0,0.95,0.18181818181818182,107.30073585891499,3.169084708364254,0.8288812370968605,21,3,1.0003035421536632,500.0,500.0,2,500,1,25,0.49919639702153074,1.6718505492743434,False,0.42640143271122083,False,False,ess_below_floor
20260728_ER&OxidativeStress_NewProtocol_Replicate2.xlsx,D11,od,22,0,0.95,0.18181818181818182,28.310505215432556,-4.582098876179969,0.37231655482621046,21,3,1.0,500.0,500.0,1,500,1,25,0.49919639702153074,1.6718505492743434,False,0.42640143271122083,True,False,ess_below_floor;particle_diversity_below_floor
20260728_ER&OxidativeStress_NewProtocol_Replicate2.xlsx,D11,rfu,22,0,0.95,0.0,457339.0882481575,622.2178065770487,0.8636489079833891,21,3,1.0,500.0,500.0,1,500,1,25,0.49919639702153074,1.6718505492743434,False,0.42640143271122083,False,False,ess_below_floor;particle_diversity_below_floor
20260728_ER&OxidativeStress_NewProtocol_Replicate2.xlsx,D12,od,22,0,0.95,0.045454545454545456,721.5279890892826,-25.048765054325226,0.8011874860950189,21,3,1.0,500.0,500.0,1,500,1,25,0.49919639702153074,1.6718505492743434,False,0.42640143271122083,False,False,ess_below_floor;particle_diversity_below_floor
20260728_ER&OxidativeStress_NewProtocol_Replicate2.xlsx,D12,rfu,22,0,0.95,0.045454545454545456,915.8336200408594,11.686532281078444,0.8395610307209621,21,3,1.0,500.0,500.0,1,500,1,25,0.49919639702153074,1.6718505492743434,False,0.42640143271122083,False,False,ess_below_floor;particle_diversity_below_floor
20260728_ER&OxidativeStress_NewProtocol_Replicate2.xlsx,D2,od,22,0,0.95,0.9545454545454546,1.2332242436524548,-0.18006726642699902,0.5341123243971168,21,3,1.0008635464947508,271.66075602307706,271.66075602307706,2,500,1,17,0.49919639702153074,1.6718505492743434,True,0.42640143271122083,False,False,ess_below_floor
20260728_ER&OxidativeStress_NewProtocol_Replicate2.xlsx,D2,rfu,22,0,0.95,0.7272727272727273,6.68137685795138,0.362308547112193,-0.09703254691581022,21,3,1.0008635464947508,271.66075602307706,271.66075602307706,2,500,1,17,0.49919639702153074,1.6718505492743434,False,0.42640143271122083,True,False,ess_below_floor
20260728_ER&OxidativeStress_NewProtocol_Replicate2.xlsx,D3,od,22,0,0.95,0.3181818181818182,47.091855773626634,-4.51973713608595,0.6547825247968981,21,3,1.166521360867379,282.8927300506622,282.8927300506622,8,500,1,23,0.49919639702153074,1.6718505492743434,False,0.42640143271122083,False,False,ess_below_floor
20260728_ER&OxidativeStress_NewProtocol_Replicate2.xlsx,D3,rfu,22,0,0.95,0.5,11.467663935454452,2.265920358110757,0.9026150099164875,21,3,1.166521360867379,282.8927300506622,282.8927300506622,8,500,1,23,0.49919639702153074,1.6718505492743434,False,0.42640143271122083,False,False,ess_below_floor
20260728_ER&OxidativeStress_NewProtocol_Replicate2.xlsx,D4,od,22,0,0.95,0.36363636363636365,22.889874205424633,-0.6302642569840319,0.7858228036650988,21,3,1.220715754600086,259.6001340720311,259.6001340720311,5,500,1,21,0.49919639702153074,1.6718505492743434,False,0.42640143271122083,False,False,ess_below_floor
20260728_ER&OxidativeStress_NewProtocol_Replicate2.xlsx,D4,rfu,22,0,0.95,0.5909090909090909,25.70214494573721,3.2027275675745552,0.9215957170356528,21,3,1.220715754600086,259.6001340720311,259.6001340720311,5,500,1,21,0.49919639702153074,1.6718505492743434,False,0.42640143271122083,False,False,ess_below_floor
20260728_ER&OxidativeStress_NewProtocol_Replicate2.xlsx,D5,od,22,0,0.95,0.0,166.06619399980048,-9.454186967814676,0.7792638072067781,21,3,1.1121229606616536,500.0,500.0,4,500,1,25,0.49919639702153074,1.6718505492743434,False,0.42640143271122083,False,False,ess_below_floor
20260728_ER&OxidativeStress_NewProtocol_Replicate2.xlsx,D5,rfu,22,0,0.95,0.22727272727272727,9.53849656420834,2.8557920656113063,0.5121468737631538,21,3,1.1121229606616536,500.0,500.0,4,500,1,25,0.49919639702153074,1.6718505492743434,False,0.42640143271122083,False,False,ess_below_floor
20260728_ER&OxidativeStress_NewProtocol_Replicate2.xlsx,D6,od,22,0,0.95,0.36363636363636365,23.95656890690677,-2.8781374120363012,0.6336124080590103,21,3,1.0010382073339614,335.49216363206256,335.49216363206256,1,500,1,21,0.49919639702153074,1.6718505492743434,False,0.42640143271122083,False,False,ess_below_floor;particle_diversity_below_floor
20260728_ER&OxidativeStress_NewProtocol_Replicate2.xlsx,D6,rfu,22,0,0.95,0.6363636363636364,20.10745929502827,2.5379378407387776,0.9130051706277781,21,3,1.0010382073339614,335.49216363206256,335.49216363206256,1,500,1,21,0.49919639702153074,1.6718505492743434,False,0.42640143271122083,False,False,ess_below_floor;particle_diversity_below_floor
20260728_ER&OxidativeStress_NewProtocol_Replicate2.xlsx,D7,od,22,0,0.95,0.0,44.45361325658411,5.925941151429556,0.887136316895946,21,3,1.0002033713562866,251.92741785281427,251.92741785281427,1,500,1,24,0.49919639702153074,1.6718505492743434,False,0.42640143271122083,False,False,ess_below_floor;particle_diversity_below_floor
20260728_ER&OxidativeStress_NewProtocol_Replicate2.xlsx,D7,rfu,22,0,0.95,0.09090909090909091,235.11318225133562,9.011430161152344,0.9286174821772578,21,3,1.0002033713562866,251.92741785281427,251.92741785281427,1,500,1,24,0.49919639702153074,1.6718505492743434,False,0.42640143271122083,False,False,ess_below_floor;particle_diversity_below_floor
20260728_ER&OxidativeStress_NewProtocol_Replicate2.xlsx,D8,od,22,0,0.95,0.09090909090909091,148.6665125808008,-7.898278629198265,0.80174085630129,21,3,1.000041217689473,500.0,500.0,1,500,1,25,0.49919639702153074,1.6718505492743434,False,0.42640143271122083,False,False,ess_below_floor;particle_diversity_below_floor
20260728_ER&OxidativeStress_NewProtocol_Replicate2.xlsx,D8,rfu,22,0,0.95,0.13636363636363635,59.956860507329615,1.706092412992446,0.8892392915281496,21,3,1.000041217689473,500.0,500.0,1,500,1,25,0.49919639702153074,1.6718505492743434,False,0.42640143271122083,False,False,ess_below_floor;particle_diversity_below_floor
20260728_ER&OxidativeStress_NewProtocol_Replicate2.xlsx,D9,od,22,0,0.95,0.4090909090909091,47.205994628250444,-3.8934261342681746,0.8598999878457526,21,3,1.3941706509920457,255.37108746656443,255.37108746656443,3,500,1,23,0.49919639702153074,1.6718505492743434,False,0.42640143271122083,False,False,ess_below_floor
20260728_ER&OxidativeStress_NewProtocol_Replicate2.xlsx,D9,rfu,22,0,0.95,0.5454545454545454,17.150249667605646,2.045857952880728,0.8962501565126861,21,3,1.3941706509920457,255.37108746656443,255.37108746656443,3,500,1,23,0.49919639702153074,1.6718505492743434,False,0.42640143271122083,False,False,ess_below_floor
20260728_ER&OxidativeStress_NewProtocol_Replicate2.xlsx,E1,od,22,0,0.95,0.6363636363636364,6.371643156330137,1.1419571165953797,0.7724448941590791,21,3,1.4083831681312706,260.805951063707,260.805951063707,12,500,1,20,0.49919639702153074,1.6718505492743434,False,0.42640143271122083,False,False,ess_below_floor
20260728_ER&OxidativeStress_NewProtocol_Replicate2.xlsx,E1,rfu,22,0,0.95,0.5454545454545454,18.067059651325966,2.505880515370247,0.9098830111210203,21,3,1.4083831681312706,260.805951063707,260.805951063707,12,500,1,20,0.49919639702153074,1.6718505492743434,False,0.42640143271122083,False,False,ess_below_floor
20260728_ER&OxidativeStress_NewProtocol_Replicate2.xlsx,E12,od,22,0,0.95,0.09090909090909091,207.9695920461768,-10.468949623087267,0.8058926217087093,21,3,1.0,500.0,500.0,1,500,1,25,0.49919639702153074,1.6718505492743434,False,0.42640143271122083,False,False,ess_below_floor;particle_diversity_below_floor
20260728_ER&OxidativeStress_NewProtocol_Replicate2.xlsx,E12,rfu,22,0,0.95,0.045454545454545456,5790.014872683383,63.416092447449834,0.874591885651128,21,3,1.0,500.0,500.0,1,500,1,25,0.49919639702153074,1.6718505492743434,False,0.42640143271122083,False,False,ess_below_floor;particle_diversity_below_floor
20260728_ER&OxidativeStress_NewProtocol_Replicate2.xlsx,E2,od,22,0,0.95,0.5909090909090909,3.4495166730727047,0.019852751652958963,0.5789212782515966,21,3,3.3885817535240976,325.913870639037,325.913870639037,11,500,1,21,0.49919639702153074,1.6718505492743434,False,0.42640143271122083,False,False,ess_below_floor
20260728_ER&OxidativeStress_NewProtocol_Replicate2.xlsx,E2,rfu,22,0,0.95,0.6363636363636364,10.793836292028066,1.7488800542299145,0.9155205903628967,21,3,3.3885817535240976,325.913870639037,325.913870639037,11,500,1,21,0.49919639702153074,1.6718505492743434,False,0.42640143271122083,False,False,ess_below_floor
20260728_ER&OxidativeStress_NewProtocol_Replicate2.xlsx,E3,od,22,0,0.95,0.22727272727272727,60.2659571586583,-5.901885581866494,0.7323575343057656,21,3,2.148903527357005,251.74477070677952,251.74477070677952,12,500,1,23,0.49919639702153074,1.6718505492743434,False,0.42640143271122083,False,False,ess_below_floor
20260728_ER&OxidativeStress_NewProtocol_Replicate2.xlsx,E3,rfu,22,0,0.95,0.6363636363636364,10.088693897852966,2.3679851414712205,0.7773754788359557,21,3,2.148903527357005,251.74477070677952,251.74477070677952,12,500,1,23,0.49919639702153074,1.6718505492743434,False,0.42640143271122083,False,False,ess_below_floor
20260728_ER&OxidativeStress_NewProtocol_Replicate2.xlsx,E4,od,22,0,0.95,0.8636363636363636,1.7120963457851823,-1.0295455679872005,0.4864431561923047,21,3,3.4793355317768104,253.67600450350818,253.67600450350818,9,500,1,21,0.49919639702153074,1.6718505492743434,False,0.42640143271122083,False,False,ess_below_floor
20260728_ER&OxidativeStress_NewProtocol_Replicate2.xlsx,E4,rfu,22,0,0.95,0.6818181818181818,7.464870162254595,1.1265932499745024,0.8537350861429207,21,3,3.4793355317768104,253.67600450350818,253.67600450350818,9,500,1,21,0.49919639702153074,1.6718505492743434,False,0.42640143271122083,False,False,ess_below_floor
20260728_ER&OxidativeStress_NewProtocol_Replicate2.xlsx,E5,od,22,0,0.95,0.22727272727272727,47.34363874909073,-2.9399635409242992,0.8600805208411987,21,3,1.0025669655800764,328.2541259675045,328.2541259675045,2,500,1,24,0.49919639702153074,1.6718505492743434,False,0.42640143271122083,False,False,ess_below_floor
20260728_ER&OxidativeStress_NewProtocol_Replicate2.xlsx,E5,rfu,22,0,0.95,0.5454545454545454,83.59384719730602,5.4374752483668765,0.9357635313548184,21,3,1.0025669655800764,328.2541259675045,328.2541259675045,2,500,1,24,0.49919639702153074,1.6718505492743434,False,0.42640143271122083,False,False,ess_below_floor
20260728_ER&OxidativeStress_NewProtocol_Replicate2.xlsx,E6,od,22,0,0.95,0.18181818181818182,57.046425339134,-5.724509209402665,0.7185446538114699,21,3,1.3512248300709995,500.0,283.9499388416554,4,500,1,24,0.49919639702153074,1.6718505492743434,False,0.42640143271122083,False,False,ess_below_floor
20260728_ER&OxidativeStress_NewProtocol_Replicate2.xlsx,E6,rfu,22,0,0.95,0.5454545454545454,61.394292370865976,4.6200749441952205,0.9231951853768627,21,3,1.3512248300709995,500.0,283.9499388416554,4,500,1,24,0.49919639702153074,1.6718505492743434,False,0.42640143271122083,False,False,ess_below_floor
20260728_ER&OxidativeStress_NewProtocol_Replicate2.xlsx,E7,od,22,0,0.95,0.09090909090909091,256.5819631165591,-14.739315246716439,0.837337867894351,21,3,1.0001258011304295,378.79530826330966,378.79530826330966,1,500,1,24,0.49919639702153074,1.6718505492743434,False,0.42640143271122083,False,False,ess_below_floor;particle_diversity_below_floor
20260728_ER&OxidativeStress_NewProtocol_Replicate2.xlsx,E7,rfu,22,0,0.95,0.045454545454545456,258.4455098475119,14.203713725643029,0.7229271483416151,21,3,1.0001258011304295,378.79530826330966,378.79530826330966,1,500,1,24,0.49919639702153074,1.6718505492743434,False,0.42640143271122083,False,False,ess_below_floor;particle_diversity_below_floor
20260728_ER&OxidativeStress_NewProtocol_Replicate2.xlsx,E8,od,22,0,0.95,0.0,753.4788786304009,-24.31006431134458,0.8146916409506075,21,3,1.000137488809458,293.21457656562194,293.21457656562194,1,500,1,24,0.49919639702153074,1.6718505492743434,False,0.42640143271122083,False,False,ess_below_floor;particle_diversity_below_floor
20260728_ER&OxidativeStress_NewProtocol_Replicate2.xlsx,E8,rfu,22,0,0.95,0.09090909090909091,149.2772890599549,4.990060860069502,0.9329882536582155,21,3,1.000137488809458,293.21457656562194,293.21457656562194,1,500,1,24,0.49919639702153074,1.6718505492743434,False,0.42640143271122083,False,False,ess_below_floor;particle_diversity_below_floor
20260728_ER&OxidativeStress_NewProtocol_Replicate2.xlsx,E9,od,22,0,0.95,0.045454545454545456,485.9818772289471,-19.23923488091074,0.842749875029286,21,3,1.0,471.37543791505647,471.37543791505647,1,500,1,24,0.49919639702153074,1.6718505492743434,False,0.42640143271122083,False,False,ess_below_floor;particle_diversity_below_floor
20260728_ER&OxidativeStress_NewProtocol_Replicate2.xlsx,E9,rfu,22,0,0.95,0.0,8000.858931989755,80.85931513583301,0.8325028944857474,21,3,1.0,471.37543791505647,471.37543791505647,1,500,1,24,0.49919639702153074,1.6718505492743434,False,0.42640143271122083,False,False,ess_below_floor;particle_diversity_below_floor
20260728_ER&OxidativeStress_NewProtocol_Replicate2.xlsx,F1,od,22,0,0.95,0.9090909090909091,1.0953075570285848,-0.7950865163980612,0.7846852245652698,21,3,5.98325123761201,259.9394559386811,259.9394559386811,11,500,1,20,0.49919639702153074,1.6718505492743434,True,0.42640143271122083,False,False,ess_below_floor
20260728_ER&OxidativeStress_NewProtocol_Replicate2.xlsx,F1,rfu,22,0,0.95,0.6818181818181818,4.31144342516934,0.7508613729294058,0.9011494782584534,21,3,5.98325123761201,259.9394559386811,259.9394559386811,11,500,1,20,0.49919639702153074,1.6718505492743434,False,0.42640143271122083,False,False,ess_below_floor
20260728_ER&OxidativeStress_NewProtocol_Replicate2.xlsx,F2,od,22,0,0.95,0.5909090909090909,4.132210858641272,-1.561348871953119,0.8509534401284196,21,3,2.857032183791499,251.53471940033313,251.53471940033313,13,500,1,24,0.49919639702153074,1.6718505492743434,False,0.42640143271122083,False,False,ess_below_floor
20260728_ER&OxidativeStress_NewProtocol_Replicate2.xlsx,F2,rfu,22,0,0.95,0.6363636363636364,8.431526247625847,0.8893470379232561,0.9216484426384458,21,3,2.857032183791499,251.53471940033313,251.53471940033313,13,500,1,24,0.49919639702153074,1.6718505492743434,False,0.42640143271122083,False,False,ess_below_floor
20260728_ER&OxidativeStress_NewProtocol_Replicate2.xlsx,F3,od,22,0,0.95,0.18181818181818182,75.04461429874878,-7.0125075270689186,0.7419186447951831,21,3,2.0172616334379208,500.0,500.0,9,500,1,25,0.49919639702153074,1.6718505492743434,False,0.42640143271122083,False,False,ess_below_floor
20260728_ER&OxidativeStress_NewProtocol_Replicate2.xlsx,F3,rfu,22,0,0.95,0.36363636363636365,9.816961046685401,1.3143304660377297,0.9041581822922193,21,3,2.0172616334379208,500.0,500.0,9,500,1,25,0.49919639702153074,1.6718505492743434,False,0.42640143271122083,False,False,ess_below_floor
20260728_ER&OxidativeStress_NewProtocol_Replicate2.xlsx,F4,od,22,0,0.95,0.36363636363636365,12.52970916176131,-2.514405815467598,0.7626782606822785,21,3,1.3042149201559052,500.0,500.0,8,500,1,25,0.49919639702153074,1.6718505492743434,False,0.42640143271122083,False,False,ess_below_floor
20260728_ER&OxidativeStress_NewProtocol_Replicate2.xlsx,F4,rfu,22,0,0.95,0.45454545454545453,13.508004150732658,1.4859157382415504,0.909151771467725,21,3,1.3042149201559052,500.0,500.0,8,500,1,25,0.49919639702153074,1.6718505492743434,False,0.42640143271122083,False,False,ess_below_floor
20260728_ER&OxidativeStress_NewProtocol_Replicate2.xlsx,F5,od,22,0,0.95,0.3181818181818182,20.958528921073505,-3.5550164456222664,0.8973982803484641,21,3,1.1806953256216484,500.0,500.0,11,500,1,25,0.49919639702153074,1.6718505492743434,False,0.42640143271122083,False,False,ess_below_floor
20260728_ER&OxidativeStress_NewProtocol_Replicate2.xlsx,F5,rfu,22,0,0.95,0.22727272727272727,15.673719786320738,1.5735839242883272,0.9122079906114081,21,3,1.1806953256216484,500.0,500.0,11,500,1,25,0.49919639702153074,1.6718505492743434,False,0.42640143271122083,False,False,ess_below_floor
20260728_ER&OxidativeStress_NewProtocol_Replicate2.xlsx,F6,od,22,0,0.95,0.13636363636363635,103.2234733151127,-8.712062898174514,0.8895243538692686,21,3,1.176955391686901,500.0,500.0,6,500,1,25,0.49919639702153074,1.6718505492743434,False,0.42640143271122083,False,False,ess_below_floor
20260728_ER&OxidativeStress_NewProtocol_Replicate2.xlsx,F6,rfu,22,0,0.95,0.13636363636363635,38.738000297148886,0.5408122239988193,0.903960679370699,21,3,1.176955391686901,500.0,500.0,6,500,1,25,0.49919639702153074,1.6718505492743434,False,0.42640143271122083,False,False,ess_below_floor
20260728_ER&OxidativeStress_NewProtocol_Replicate2.xlsx,F7,od,22,0,0.95,0.0,1317.2220532776385,-35.17892020075329,0.7353966809150597,21,3,1.0,500.0,500.0,1,500,1,25,0.49919639702153074,1.6718505492743434,False,0.42640143271122083,False,False,ess_below_floor;particle_diversity_below_floor
20260728_ER&OxidativeStress_NewProtocol_Replicate2.xlsx,F7,rfu,22,0,0.95,0.0,4460.186639319713,-61.00575543207139,0.9046519133271728,21,3,1.0,500.0,500.0,1,500,1,25,0.49919639702153074,1.6718505492743434,False,0.42640143271122083,False,False,ess_below_floor;particle_diversity_below_floor
20260728_ER&OxidativeStress_NewProtocol_Replicate2.xlsx,F8,od,22,0,0.95,0.045454545454545456,1386.8999994322037,-35.51886773415414,0.6998340077267131,21,3,1.0,500.0,500.0,1,500,1,25,0.49919639702153074,1.6718505492743434,False,0.42640143271122083,False,False,ess_below_floor;particle_diversity_below_floor
20260728_ER&OxidativeStress_NewProtocol_Replicate2.xlsx,F8,rfu,22,0,0.95,0.0,74059.4735721787,-228.80283239729843,0.8864736478581295,21,3,1.0,500.0,500.0,1,500,1,25,0.49919639702153074,1.6718505492743434,False,0.42640143271122083,False,False,ess_below_floor;particle_diversity_below_floor
20260728_ER&OxidativeStress_NewProtocol_Replicate2.xlsx,G1,od,22,0,0.95,0.5454545454545454,6.5080179953331365,-1.7665861139779648,0.9021558594578872,21,3,1.3466982742726625,286.83291976439415,286.83291976439415,8,500,1,23,0.49919639702153074,1.6718505492743434,False,0.42640143271122083,False,False,ess_below_floor
20260728_ER&OxidativeStress_NewProtocol_Replicate2.xlsx,G1,rfu,22,0,0.95,0.5,16.214476559049803,2.160260028866795,0.9132106980124698,21,3,1.3466982742726625,286.83291976439415,286.83291976439415,8,500,1,23,0.49919639702153074,1.6718505492743434,False,0.42640143271122083,False,False,ess_below_floor
20260728_ER&OxidativeStress_NewProtocol_Replicate2.xlsx,G2,od,22,0,0.95,0.2727272727272727,51.651865041424756,-5.893136518978353,0.7703929142966519,21,3,1.3635868746255935,273.243519433977,273.243519433977,10,500,1,24,0.49919639702153074,1.6718505492743434,False,0.42640143271122083,False,False,ess_below_floor
20260728_ER&OxidativeStress_NewProtocol_Replicate2.xlsx,G2,rfu,22,0,0.95,0.3181818181818182,19.45914886896965,1.8371284591719848,0.8857949128133769,21,3,1.3635868746255935,273.243519433977,273.243519433977,10,500,1,24,0.49919639702153074,1.6718505492743434,False,0.42640143271122083,False,False,ess_below_floor
20260728_ER&OxidativeStress_NewProtocol_Replicate2.xlsx,G3,od,22,0,0.95,0.22727272727272727,59.959899548026215,-5.877668271744046,0.7772478684236711,21,3,1.3401621484212083,369.95060491942013,369.95060491942013,11,500,1,24,0.49919639702153074,1.6718505492743434,False,0.42640143271122083,False,False,ess_below_floor
20260728_ER&OxidativeStress_NewProtocol_Replicate2.xlsx,G3,rfu,22,0,0.95,0.7272727272727273,3.0869147206653476,0.8056038185771826,0.8052912200414298,21,3,1.3401621484212083,369.95060491942013,369.95060491942013,11,500,1,24,0.49919639702153074,1.6718505492743434,False,0.42640143271122083,False,False,ess_below_floor
20260728_ER&OxidativeStress_NewProtocol_Replicate2.xlsx,G4,od,22,0,0.95,0.045454545454545456,200.99876484184912,-12.354573225371938,0.7952992618546875,21,3,1.0921696673871844,273.8863950993515,273.8863950993515,4,500,1,24,0.49919639702153074,1.6718505492743434,False,0.42640143271122083,False,False,ess_below_floor
20260728_ER&OxidativeStress_NewProtocol_Replicate2.xlsx,G4,rfu,22,0,0.95,0.09090909090909091,58.29644716308078,1.343572379930559,0.9260666891597203,21,3,1.0921696673871844,273.8863950993515,273.8863950993515,4,500,1,24,0.49919639702153074,1.6718505492743434,False,0.42640143271122083,False,False,ess_below_floor
20260728_ER&OxidativeStress_NewProtocol_Replicate2.xlsx,G5,od,22,0,0.95,0.5454545454545454,9.288703521776913,1.4559826452748192,0.8981348740439117,21,3,1.0000390854895618,500.0,500.0,1,500,1,25,0.49919639702153074,1.6718505492743434,False,0.42640143271122083,False,False,ess_below_floor;particle_diversity_below_floor
20260728_ER&OxidativeStress_NewProtocol_Replicate2.xlsx,G5,rfu,22,0,0.95,0.18181818181818182,275.4376249609097,10.860524297602582,0.9055907332200502,21,3,1.0000390854895618,500.0,500.0,1,500,1,25,0.49919639702153074,1.6718505492743434,False,0.42640143271122083,False,False,ess_below_floor;particle_diversity_below_floor
20260728_ER&OxidativeStress_NewProtocol_Replicate2.xlsx,G6,od,22,0,0.95,0.7272727272727273,2.960536789848969,-1.0653947584457004,0.8148790369216778,21,3,1.383901204150222,254.56724399948806,254.56724399948806,8,500,1,23,0.49919639702153074,1.6718505492743434,False,0.42640143271122083,False,False,ess_below_floor
20260728_ER&OxidativeStress_NewProtocol_Replicate2.xlsx,G6,rfu,22,0,0.95,0.5909090909090909,17.004115124355472,1.9011675746847319,0.9130158620898364,21,3,1.383901204150222,254.56724399948806,254.56724399948806,8,500,1,23,0.49919639702153074,1.6718505492743434,False,0.42640143271122083,False,False,ess_below_floor
20260803_ER&oxidativestress_Replicate3.xlsx,A1,od,22,0,0.95,0.3181818181818182,60.352827932285955,-4.01864112931219,0.7123617799790596,21,3,1.0540975378923925,303.9741723682767,303.9741723682767,5,500,1,22,0.49919639702153074,1.6718505492743434,False,0.42640143271122083,False,False,ess_below_floor
20260803_ER&oxidativestress_Replicate3.xlsx,A1,rfu,22,0,0.95,0.5909090909090909,4.266546693358817,-0.6778111152769793,0.8065246906505483,21,3,1.0540975378923925,303.9741723682767,303.9741723682767,5,500,1,22,0.49919639702153074,1.6718505492743434,False,0.42640143271122083,False,False,ess_below_floor
20260803_ER&oxidativestress_Replicate3.xlsx,A10,od,22,0,0.95,0.9090909090909091,1.0775293723729247,-0.6071810215395191,0.8744380468489266,21,3,1.7247476018725436,252.81193220437527,252.81193220437527,7,500,1,18,0.49919639702153074,1.6718505492743434,True,0.42640143271122083,False,False,ess_below_floor
20260803_ER&oxidativestress_Replicate3.xlsx,A10,rfu,22,0,0.95,0.9090909090909091,1.6402881380348278,0.6067286874356032,0.1465725663350589,21,3,1.7247476018725436,252.81193220437527,252.81193220437527,7,500,1,18,0.49919639702153074,1.6718505492743434,True,0.42640143271122083,True,False,ess_below_floor
20260803_ER&oxidativestress_Replicate3.xlsx,A11,od,22,0,0.95,0.9545454545454546,0.5364617332778367,-0.17297696302687648,0.16435676481584596,21,3,1.9075424071313931,259.4822368248203,259.4822368248203,9,500,1,17,0.49919639702153074,1.6718505492743434,True,0.42640143271122083,True,False,ess_below_floor
20260803_ER&oxidativestress_Replicate3.xlsx,A11,rfu,22,0,0.95,0.8636363636363636,1.632424266262282,0.02526429907970782,0.3797498278263781,21,3,1.9075424071313931,259.4822368248203,259.4822368248203,9,500,1,17,0.49919639702153074,1.6718505492743434,True,0.42640143271122083,True,False,ess_below_floor
20260803_ER&oxidativestress_Replicate3.xlsx,A12,od,22,0,0.95,0.2727272727272727,28.794804342887577,-2.3998230025657374,0.5624602666437262,21,3,1.0114315326758645,366.90292701775337,366.90292701775337,3,500,1,24,0.49919639702153074,1.6718505492743434,False,0.42640143271122083,False,False,ess_below_floor
20260803_ER&oxidativestress_Replicate3.xlsx,A12,rfu,22,0,0.95,0.5909090909090909,7.828108409983017,-1.3751826807036183,0.5116768293918305,21,3,1.0114315326758645,366.90292701775337,366.90292701775337,3,500,1,24,0.49919639702153074,1.6718505492743434,False,0.42640143271122083,False,False,ess_below_floor
20260803_ER&oxidativestress_Replicate3.xlsx,A2,od,22,0,0.95,1.0,0.4718080708468179,-0.23275347786236253,0.3669746494399641,21,3,1.8478128161434928,287.97772855397176,283.9059552499993,8,500,1,15,0.49919639702153074,1.6718505492743434,False,0.42640143271122083,True,False,ess_below_floor
20260803_ER&oxidativestress_Replicate3.xlsx,A2,rfu,22,0,0.95,1.0,0.35536007913249923,0.22829285829400528,0.2851996159803186,21,3,1.8478128161434928,287.97772855397176,283.9059552499993,8,500,1,15,0.49919639702153074,1.6718505492743434,False,0.42640143271122083,True,False,ess_below_floor
20260803_ER&oxidativestress_Replicate3.xlsx,A3,od,22,0,0.95,0.09090909090909091,84.59321776472956,-7.016306842371741,0.6010074806604172,21,3,1.027784565863322,405.4646235134724,405.4646235134724,3,500,1,24,0.49919639702153074,1.6718505492743434,False,0.42640143271122083,False,False,ess_below_floor
20260803_ER&oxidativestress_Replicate3.xlsx,A3,rfu,22,0,0.95,0.3181818181818182,25.259019751485187,-3.7669632634195698,0.7668333154690445,21,3,1.027784565863322,405.4646235134724,405.4646235134724,3,500,1,24,0.49919639702153074,1.6718505492743434,False,0.42640143271122083,False,False,ess_below_floor
20260803_ER&oxidativestress_Replicate3.xlsx,A4,od,22,0,0.95,0.36363636363636365,24.198069491732348,-2.4185185992682507,0.8018459764431316,21,3,1.0742599336810879,273.376887361673,273.376887361673,2,500,1,23,0.49919639702153074,1.6718505492743434,False,0.42640143271122083,False,False,ess_below_floor
20260803_ER&oxidativestress_Replicate3.xlsx,A4,rfu,22,0,0.95,0.45454545454545453,11.91685749592713,0.41082823113395955,0.8994311427740703,21,3,1.0742599336810879,273.376887361673,273.376887361673,2,500,1,23,0.49919639702153074,1.6718505492743434,False,0.42640143271122083,False,False,ess_below_floor
20260803_ER&oxidativestress_Replicate3.xlsx,A5,od,22,0,0.95,0.0,353.0447004393484,-11.728662660243709,0.7776359113270256,21,3,1.0412343392661068,500.0,500.0,2,500,1,25,0.49919639702153074,1.6718505492743434,False,0.42640143271122083,False,False,ess_below_floor
20260803_ER&oxidativestress_Replicate3.xlsx,A5,rfu,22,0,0.95,0.0,165.4398868956305,-12.520308471650873,0.7372563830652987,21,3,1.0412343392661068,500.0,500.0,2,500,1,25,0.49919639702153074,1.6718505492743434,False,0.42640143271122083,False,False,ess_below_floor
20260803_ER&oxidativestress_Replicate3.xlsx,A6,od,22,0,0.95,0.6818181818181818,4.624830199482893,-1.2701836730021083,0.9059881481221206,21,3,1.712311552759822,260.9023852547936,260.9023852547936,8,500,1,18,0.49919639702153074,1.6718505492743434,False,0.42640143271122083,False,False,ess_below_floor
20260803_ER&oxidativestress_Replicate3.xlsx,A6,rfu,22,0,0.95,0.9545454545454546,1.0676140789927324,0.5382185580009835,0.7799888009980374,21,3,1.712311552759822,260.9023852547936,260.9023852547936,8,500,1,18,0.49919639702153074,1.6718505492743434,True,0.42640143271122083,False,False,ess_below_floor
20260803_ER&oxidativestress_Replicate3.xlsx,A7,od,22,0,0.95,0.5,14.874385696502427,-2.196995083654829,0.5128672418426128,21,3,1.1607890781237007,283.19242815174,283.19242815174,7,500,1,21,0.49919639702153074,1.6718505492743434,False,0.42640143271122083,False,False,ess_below_floor
20260803_ER&oxidativestress_Replicate3.xlsx,A7,rfu,22,0,0.95,0.6363636363636364,11.333048980349444,0.5206166726402212,0.6220134606340758,21,3,1.1607890781237007,283.19242815174,283.19242815174,7,500,1,21,0.49919639702153074,1.6718505492743434,False,0.42640143271122083,False,False,ess_below_floor
20260803_ER&oxidativestress_Replicate3.xlsx,A8,od,22,0,0.95,0.22727272727272727,16.78550476603846,-3.3993286104539506,0.7102129364049417,21,3,1.000000929591803,500.0,500.0,1,500,1,25,0.49919639702153074,1.6718505492743434,False,0.42640143271122083,False,False,ess_below_floor;particle_diversity_below_floor
20260803_ER&oxidativestress_Replicate3.xlsx,A8,rfu,22,0,0.95,0.0,510.62223727419314,21.769498203372304,0.7581012153024552,21,3,1.000000929591803,500.0,500.0,1,500,1,25,0.49919639702153074,1.6718505492743434,False,0.42640143271122083,False,False,ess_below_floor;particle_diversity_below_floor
20260803_ER&oxidativestress_Replicate3.xlsx,A9,od,22,0,0.95,0.9090909090909091,2.068589190467401,0.20244512648078025,0.19227685438375228,21,3,1.0000000000150786,267.9589125604762,267.9589125604762,1,500,1,19,0.49919639702153074,1.6718505492743434,False,0.42640143271122083,True,False,ess_below_floor;particle_diversity_below_floor
20260803_ER&oxidativestress_Replicate3.xlsx,A9,rfu,22,0,0.95,0.5454545454545454,8.077046841054168,0.1057701270888939,0.7563274882248813,21,3,1.0000000000150786,267.9589125604762,267.9589125604762,1,500,1,19,0.49919639702153074,1.6718505492743434,False,0.42640143271122083,False,False,ess_below_floor;particle_diversity_below_floor
20260803_ER&oxidativestress_Replicate3.xlsx,B1,od,22,0,0.95,0.36363636363636365,30.250579897073727,-2.856916852745981,0.3942026756807727,21,3,1.0039117661696397,254.98090055662692,254.98090055662692,2,500,1,20,0.49919639702153074,1.6718505492743434,False,0.42640143271122083,True,False,ess_below_floor
20260803_ER&oxidativestress_Replicate3.xlsx,B1,rfu,22,0,0.95,0.8636363636363636,1.6050680373060557,1.0483158891729094,0.6882621636513282,21,3,1.0039117661696397,254.98090055662692,254.98090055662692,2,500,1,20,0.49919639702153074,1.6718505492743434,True,0.42640143271122083,False,False,ess_below_floor
20260803_ER&oxidativestress_Replicate3.xlsx,B10,od,22,0,0.95,0.09090909090909091,93.40681591537667,-2.8555775922752185,0.6857758739761961,21,3,1.002358777541916,256.0148982633512,256.0148982633512,1,500,1,24,0.49919639702153074,1.6718505492743434,False,0.42640143271122083,False,False,ess_below_floor;particle_diversity_below_floor
20260803_ER&oxidativestress_Replicate3.xlsx,B10,rfu,22,0,0.95,0.4090909090909091,96.0037646953017,5.568988305480288,0.9218840709789483,21,3,1.002358777541916,256.0148982633512,256.0148982633512,1,500,1,24,0.49919639702153074,1.6718505492743434,False,0.42640143271122083,False,False,ess_below_floor;particle_diversity_below_floor
20260803_ER&oxidativestress_Replicate3.xlsx,B11,od,22,0,0.95,0.5909090909090909,20.727545203379773,-0.3031364323311159,0.42427002083728776,21,3,1.859124418296724,251.9203035403343,250.6570288199829,6,500,1,18,0.49919639702153074,1.6718505492743434,False,0.42640143271122083,True,False,ess_below_floor
20260803_ER&oxidativestress_Replicate3.xlsx,B11,rfu,22,0,0.95,0.8636363636363636,5.514502793771376,0.45552266281754006,0.7027620954624342,21,3,1.859124418296724,251.9203035403343,250.6570288199829,6,500,1,18,0.49919639702153074,1.6718505492743434,False,0.42640143271122083,False,False,ess_below_floor
20260803_ER&oxidativestress_Replicate3.xlsx,B12,od,22,0,0.95,0.5909090909090909,19.21759659447902,-0.17274731321327735,0.2831053323152209,21,3,1.000000058047048,289.7992729380899,289.7992729380899,1,500,1,22,0.49919639702153074,1.6718505492743434,False,0.42640143271122083,True,False,ess_below_floor;particle_diversity_below_floor
20260803_ER&oxidativestress_Replicate3.xlsx,B12,rfu,22,0,0.95,0.5,4.016388962200413,-0.9875300626915501,0.7849798661347779,21,3,1.000000058047048,289.7992729380899,289.7992729380899,1,500,1,22,0.49919639702153074,1.6718505492743434,False,0.42640143271122083,False,False,ess_below_floor;particle_diversity_below_floor
20260803_ER&oxidativestress_Replicate3.xlsx,B2,od,22,0,0.95,0.5454545454545454,5.8717646358078275,-0.8968137964310695,0.4476146355904369,21,3,1.593404117710188,374.75088523827066,267.7450744787973,9,500,1,22,0.49919639702153074,1.6718505492743434,False,0.42640143271122083,False,False,ess_below_floor
20260803_ER&oxidativestress_Replicate3.xlsx,B2,rfu,22,0,0.95,1.0,0.9256856577954186,0.13453305387970735,0.6471109081422888,21,3,1.593404117710188,374.75088523827066,267.7450744787973,9,500,1,22,0.49919639702153074,1.6718505492743434,True,0.42640143271122083,False,False,ess_below_floor
20260803_ER&oxidativestress_Replicate3.xlsx,B3,od,22,0,0.95,0.2727272727272727,62.985176162404905,-4.288136820925437,0.7113747107472184,21,3,1.004699834383867,500.0,500.0,3,500,1,25,0.49919639702153074,1.6718505492743434,False,0.42640143271122083,False,False,ess_below_floor
20260803_ER&oxidativestress_Replicate3.xlsx,B3,rfu,22,0,0.95,0.7272727272727273,2.8748119572513633,0.8698687464361381,0.7071076564975817,21,3,1.004699834383867,500.0,500.0,3,500,1,25,0.49919639702153074,1.6718505492743434,False,0.42640143271122083,False,False,ess_below_floor
20260803_ER&oxidativestress_Replicate3.xlsx,B4,od,22,0,0.95,0.5909090909090909,5.389504650278149,-0.314623244062012,0.6347903557573428,21,3,1.3786416666913894,270.00121896387145,270.00121896387145,4,500,1,19,0.49919639702153074,1.6718505492743434,False,0.42640143271122083,False,False,ess_below_floor
20260803_ER&oxidativestress_Replicate3.xlsx,B4,rfu,22,0,0.95,0.8636363636363636,1.7103421752532737,0.6187811159458918,0.06341572468955026,21,3,1.3786416666913894,270.00121896387145,270.00121896387145,4,500,1,19,0.49919639702153074,1.6718505492743434,False,0.42640143271122083,True,False,ess_below_floor
20260803_ER&oxidativestress_Replicate3.xlsx,B5,od,22,0,0.95,0.36363636363636365,12.43196867943418,-2.6454828098566776,0.7797438471948968,21,3,2.268090756548647,314.53781115501386,278.42723752638625,8,500,1,21,0.49919639702153074,1.6718505492743434,False,0.42640143271122083,False,False,ess_below_floor
20260803_ER&oxidativestress_Replicate3.xlsx,B5,rfu,22,0,0.95,0.9545454545454546,1.2983217887673704,0.1269966944142218,0.6666605505575166,21,3,2.268090756548647,314.53781115501386,278.42723752638625,8,500,1,21,0.49919639702153074,1.6718505492743434,True,0.42640143271122083,False,False,ess_below_floor
20260803_ER&oxidativestress_Replicate3.xlsx,B6,od,22,0,0.95,0.13636363636363635,231.19445909093383,0.5172359311397133,0.7544162937353783,21,3,1.000000000000008,500.0,500.0,1,500,1,25,0.49919639702153074,1.6718505492743434,False,0.42640143271122083,False,False,ess_below_floor;particle_diversity_below_floor
20260803_ER&oxidativestress_Replicate3.xlsx,B6,rfu,22,0,0.95,0.13636363636363635,22.77657509988006,-3.865988586493384,0.6813183726942842,21,3,1.000000000000008,500.0,500.0,1,500,1,25,0.49919639702153074,1.6718505492743434,False,0.42640143271122083,False,False,ess_below_floor;particle_diversity_below_floor
20260803_ER&oxidativestress_Replicate3.xlsx,B7,od,22,0,0.95,0.09090909090909091,90.68335807116799,-4.851195021241072,0.6140283049888257,21,3,1.0030474217437868,324.8420621051346,324.8420621051346,2,500,1,24,0.49919639702153074,1.6718505492743434,False,0.42640143271122083,False,False,ess_below_floor
20260803_ER&oxidativestress_Replicate3.xlsx,B7,rfu,22,0,0.95,0.045454545454545456,46.2048055701331,-2.1040623482411704,0.8929815820951593,21,3,1.0030474217437868,324.8420621051346,324.8420621051346,2,500,1,24,0.49919639702153074,1.6718505492743434,False,0.42640143271122083,False,False,ess_below_floor
20260803_ER&oxidativestress_Replicate3.xlsx,B8,od,22,0,0.95,0.09090909090909091,325.5275946253038,6.8558326134470455,0.7564034287160627,21,3,1.000000000000023,456.5890625752924,456.5890625752924,1,500,1,24,0.49919639702153074,1.6718505492743434,False,0.42640143271122083,False,False,ess_below_floor;particle_diversity_below_floor
20260803_ER&oxidativestress_Replicate3.xlsx,B8,rfu,22,0,0.95,0.09090909090909091,106.91443184222247,3.6737346906001807,0.9283721826441713,21,3,1.000000000000023,456.5890625752924,456.5890625752924,1,500,1,24,0.49919639702153074,1.6718505492743434,False,0.42640143271122083,False,False,ess_below_floor;particle_diversity_below_floor
20260803_ER&oxidativestress_Replicate3.xlsx,B9,od,22,0,0.95,0.09090909090909091,120.35627287555566,-1.758101229354593,0.8103350635750843,21,3,1.0156051049931782,296.70749457627943,296.70749457627943,2,500,1,23,0.49919639702153074,1.6718505492743434,False,0.42640143271122083,False,False,ess_below_floor
20260803_ER&oxidativestress_Replicate3.xlsx,B9,rfu,22,0,0.95,0.18181818181818182,75.56246180760321,3.213469004314945,0.9225611719788793,21,3,1.0156051049931782,296.70749457627943,296.70749457627943,2,500,1,23,0.49919639702153074,1.6718505492743434,False,0.42640143271122083,False,False,ess_below_floor
20260803_ER&oxidativestress_Replicate3.xlsx,C1,od,22,0,0.95,0.0,169.5473724824584,-9.790252030931574,0.6928464127961113,21,3,1.004687254710839,500.0,500.0,2,500,1,25,0.49919639702153074,1.6718505492743434,False,0.42640143271122083,False,False,ess_below_floor
20260803_ER&oxidativestress_Replicate3.xlsx,C1,rfu,22,0,0.95,0.0,106.8623335401632,-9.906549852290421,0.7479756095907942,21,3,1.004687254710839,500.0,500.0,2,500,1,25,0.49919639702153074,1.6718505492743434,False,0.42640143271122083,False,False,ess_below_floor
20260803_ER&oxidativestress_Replicate3.xlsx,C10,od,22,0,0.95,0.36363636363636365,39.50282153727519,-2.902563710192078,0.6868879131200978,21,3,1.0159522691341334,324.49351488758674,324.49351488758674,2,500,1,23,0.49919639702153074,1.6718505492743434,False,0.42640143271122083,False,False,ess_below_floor
20260803_ER&oxidativestress_Replicate3.xlsx,C10,rfu,22,0,0.95,0.2727272727272727,18.123350131425788,-0.0738043067879084,0.871787516176729,21,3,1.0159522691341334,324.49351488758674,324.49351488758674,2,500,1,23,0.49919639702153074,1.6718505492743434,False,0.42640143271122083,False,False,ess_below_floor
20260803_ER&oxidativestress_Replicate3.xlsx,C11,od,22,0,0.95,0.22727272727272727,103.62134571236858,-6.340421149599994,0.7516630225566907,21,3,1.0940129390909559,303.4123326212862,303.4123326212862,6,500,1,24,0.49919639702153074,1.6718505492743434,False,0.42640143271122083,False,False,ess_below_floor
20260803_ER&oxidativestress_Replicate3.xlsx,C11,rfu,22,0,0.95,0.8636363636363636,9.782571472656706,0.6147972560308941,0.7175958802989594,21,3,1.0940129390909559,303.4123326212862,303.4123326212862,6,500,1,24,0.49919639702153074,1.6718505492743434,False,0.42640143271122083,False,False,ess_below_floor
20260803_ER&oxidativestress_Replicate3.xlsx,C12,od,22,0,0.95,0.5454545454545454,9.39976607011691,-1.158654399524615,-0.1804738467776741,21,3,1.2222531104739225,309.31351683192264,255.047628476308,8,500,1,21,0.49919639702153074,1.6718505492743434,False,0.42640143271122083,True,False,ess_below_floor
20260803_ER&oxidativestress_Replicate3.xlsx,C12,rfu,22,0,0.95,0.4090909090909091,7.077124959255275,-0.8368565853855009,0.7568583963017023,21,3,1.2222531104739225,309.31351683192264,255.047628476308,8,500,1,21,0.49919639702153074,1.6718505492743434,False,0.42640143271122083,False,False,ess_below_floor
20260803_ER&oxidativestress_Replicate3.xlsx,C2,od,22,0,0.95,0.09090909090909091,128.83339710400466,-7.144345342046268,0.6418099055266359,21,3,1.0260768430190232,500.0,500.0,5,500,1,25,0.49919639702153074,1.6718505492743434,False,0.42640143271122083,False,False,ess_below_floor
20260803_ER&oxidativestress_Replicate3.xlsx,C2,rfu,22,0,0.95,0.45454545454545453,6.169537954805116,1.8417748034387948,0.7441634627049719,21,3,1.0260768430190232,500.0,500.0,5,500,1,25,0.49919639702153074,1.6718505492743434,False,0.42640143271122083,False,False,ess_below_floor
20260803_ER&oxidativestress_Replicate3.xlsx,C3,od,22,0,0.95,0.0,556.2438076369468,-22.54313785288387,0.8168696850098517,21,3,1.0065652817116648,500.0,500.0,3,500,1,25,0.49919639702153074,1.6718505492743434,False,0.42640143271122083,False,False,ess_below_floor
20260803_ER&oxidativestress_Replicate3.xlsx,C3,rfu,22,0,0.95,0.0,193.52750683488105,-13.605628884291162,0.7040061983860597,21,3,1.0065652817116648,500.0,500.0,3,500,1,25,0.49919639702153074,1.6718505492743434,False,0.42640143271122083,False,False,ess_below_floor
20260803_ER&oxidativestress_Replicate3.xlsx,C4,od,22,0,0.95,0.18181818181818182,66.09352425119602,-4.3838796944405205,0.8631222956080568,21,3,1.0002049322345634,365.3903855913562,351.8470588279952,1,500,1,23,0.49919639702153074,1.6718505492743434,False,0.42640143271122083,False,False,ess_below_floor;particle_diversity_below_floor
20260803_ER&oxidativestress_Replicate3.xlsx,C4,rfu,22,0,0.95,0.5,12.983255689299863,0.36898651340587313,0.8515827199067146,21,3,1.0002049322345634,365.3903855913562,351.8470588279952,1,500,1,23,0.49919639702153074,1.6718505492743434,False,0.42640143271122083,False,False,ess_below_floor;particle_diversity_below_floor
20260803_ER&oxidativestress_Replicate3.xlsx,C5,od,22,0,0.95,0.8181818181818182,2.4389924413236206,-0.7686043729924287,0.22037945319227506,21,3,1.881601928346936,258.8422306439023,258.8422306439023,11,500,1,18,0.49919639702153074,1.6718505492743434,False,0.42640143271122083,True,False,ess_below_floor
20260803_ER&oxidativestress_Replicate3.xlsx,C5,rfu,22,0,0.95,0.7727272727272727,6.543349100774074,-1.0977729360411066,0.8526087907965634,21,3,1.881601928346936,258.8422306439023,258.8422306439023,11,500,1,18,0.49919639702153074,1.6718505492743434,False,0.42640143271122083,False,False,ess_below_floor
20260803_ER&oxidativestress_Replicate3.xlsx,C6,od,22,0,0.95,0.0,761.0106051291652,-25.652355831539293,0.32611246135090466,21,3,1.0021421615188475,500.0,500.0,1,500,1,25,0.49919639702153074,1.6718505492743434,False,0.42640143271122083,True,False,ess_below_floor;particle_diversity_below_floor
20260803_ER&oxidativestress_Replicate3.xlsx,C6,rfu,22,0,0.95,0.0,235.3797600235675,-15.114931016907166,0.18608236180280166,21,3,1.0021421615188475,500.0,500.0,1,500,1,25,0.49919639702153074,1.6718505492743434,False,0.42640143271122083,True,False,ess_below_floor;particle_diversity_below_floor
20260803_ER&oxidativestress_Replicate3.xlsx,C7,od,22,0,0.95,0.8181818181818182,100.00576675710568,3.2800120199157132,0.49479520752292044,21,3,1.0000562576903484,308.8283458963623,308.8283458963623,1,500,1,22,0.49919639702153074,1.6718505492743434,False,0.42640143271122083,False,False,ess_below_floor;particle_diversity_below_floor
20260803_ER&oxidativestress_Replicate3.xlsx,C7,rfu,22,0,0.95,0.5,157.98801820519964,6.419651831015792,0.9100037195708777,21,3,1.0000562576903484,308.8283458963623,308.8283458963623,1,500,1,22,0.49919639702153074,1.6718505492743434,False,0.42640143271122083,False,False,ess_below_floor;particle_diversity_below_floor
20260803_ER&oxidativestress_Replicate3.xlsx,C8,od,22,0,0.95,0.09090909090909091,200.45289299005915,1.7539134881436078,0.8345142717668256,21,3,1.0000088513461687,500.0,500.0,1,500,1,25,0.49919639702153074,1.6718505492743434,False,0.42640143271122083,False,False,ess_below_floor;particle_diversity_below_floor
20260803_ER&oxidativestress_Replicate3.xlsx,C8,rfu,22,0,0.95,0.2727272727272727,135.94834521716695,5.410828337747629,0.9160376477901863,21,3,1.0000088513461687,500.0,500.0,1,500,1,25,0.49919639702153074,1.6718505492743434,False,0.42640143271122083,False,False,ess_below_floor;particle_diversity_below_floor
20260803_ER&oxidativestress_Replicate3.xlsx,C9,od,22,0,0.95,0.18181818181818182,114.29818229377564,-0.2465437773313587,0.8391557226298234,21,3,1.0016223782885787,500.0,500.0,1,500,1,25,0.49919639702153074,1.6718505492743434,False,0.42640143271122083,False,False,ess_below_floor;particle_diversity_below_floor
20260803_ER&oxidativestress_Replicate3.xlsx,C9,rfu,22,0,0.95,0.13636363636363635,61.893111151332384,-0.19881519672311326,0.9233804460758328,21,3,1.0016223782885787,500.0,500.0,1,500,1,25,0.49919639702153074,1.6718505492743434,False,0.42640143271122083,False,False,ess_below_floor;particle_diversity_below_floor
20260803_ER&oxidativestress_Replicate3.xlsx,D1,od,22,0,0.95,0.8181818181818182,2.1677076719417574,-0.6268902656009463,0.17364430250506122,21,3,4.027790112659677,307.7195754437349,307.7195754437349,9,500,1,19,0.49919639702153074,1.6718505492743434,False,0.42640143271122083,True,False,ess_below_floor
20260803_ER&oxidativestress_Replicate3.xlsx,D1,rfu,22,0,0.95,1.0,0.17815684316978925,0.16821647337742124,0.3972706035191222,21,3,4.027790112659677,307.7195754437349,307.7195754437349,9,500,1,19,0.49919639702153074,1.6718505492743434,False,0.42640143271122083,True,False,ess_below_floor
20260803_ER&oxidativestress_Replicate3.xlsx,D10,od,22,0,0.95,0.045454545454545456,279.8798021285413,-9.388143364786087,0.8977202936639666,21,3,1.098729774523689,500.0,500.0,3,500,1,25,0.49919639702153074,1.6718505492743434,False,0.42640143271122083,False,False,ess_below_floor
20260803_ER&oxidativestress_Replicate3.xlsx,D10,rfu,22,0,0.95,0.045454545454545456,51.48452233781598,-3.72816485758524,0.9115589161305563,21,3,1.098729774523689,500.0,500.0,3,500,1,25,0.49919639702153074,1.6718505492743434,False,0.42640143271122083,False,False,ess_below_floor
20260803_ER&oxidativestress_Replicate3.xlsx,D11,od,22,0,0.95,0.18181818181818182,94.1475590918655,-7.175940584750887,0.8057387940064834,21,3,1.0000229603284014,500.0,500.0,1,500,1,25,0.49919639702153074,1.6718505492743434,False,0.42640143271122083,False,False,ess_below_floor;particle_diversity_below_floor
20260803_ER&oxidativestress_Replicate3.xlsx,D11,rfu,22,0,0.95,0.09090909090909091,11.269999058527402,-0.8370384800741043,0.8739144844534725,21,3,1.0000229603284014,500.0,500.0,1,500,1,25,0.49919639702153074,1.6718505492743434,False,0.42640143271122083,False,False,ess_below_floor;particle_diversity_below_floor
20260803_ER&oxidativestress_Replicate3.xlsx,D12,od,22,0,0.95,0.6363636363636364,3.196289017257551,-0.8680187420231906,0.9263736956432141,21,3,3.1976325310877254,260.7063488114277,260.7063488114277,7,500,1,18,0.49919639702153074,1.6718505492743434,False,0.42640143271122083,False,False,ess_below_floor
20260803_ER&oxidativestress_Replicate3.xlsx,D12,rfu,22,0,0.95,0.8181818181818182,2.0645647642521223,0.4050510437194134,0.8381604743943596,21,3,3.1976325310877254,260.7063488114277,260.7063488114277,7,500,1,18,0.49919639702153074,1.6718505492743434,False,0.42640143271122083,False,False,ess_below_floor
20260803_ER&oxidativestress_Replicate3.xlsx,D2,od,22,0,0.95,0.0,875.3605529689085,-23.82595924486761,0.7499802198591753,21,3,1.0022295662760217,500.0,500.0,1,500,1,25,0.49919639702153074,1.6718505492743434,False,0.42640143271122083,False,False,ess_below_floor;particle_diversity_below_floor
20260803_ER&oxidativestress_Replicate3.xlsx,D2,rfu,22,0,0.95,0.045454545454545456,158.80969060133086,-12.078958109845685,0.7233626552293959,21,3,1.0022295662760217,500.0,500.0,1,500,1,25,0.49919639702153074,1.6718505492743434,False,0.42640143271122083,False,False,ess_below_floor;particle_diversity_below_floor
20260803_ER&oxidativestress_Replicate3.xlsx,D3,od,22,0,0.95,0.0,743.5066274253221,-23.100281115468928,0.5978544809028581,21,3,1.000000006885887,500.0,500.0,1,500,1,25,0.49919639702153074,1.6718505492743434,False,0.42640143271122083,False,False,ess_below_floor;particle_diversity_below_floor
20260803_ER&oxidativestress_Replicate3.xlsx,D3,rfu,22,0,0.95,0.0,223.42081480603326,-14.456358808124111,0.6403490193136342,21,3,1.000000006885887,500.0,500.0,1,500,1,25,0.49919639702153074,1.6718505492743434,False,0.42640143271122083,False,False,ess_below_floor;particle_diversity_below_floor
20260803_ER&oxidativestress_Replicate3.xlsx,D4,od,22,0,0.95,0.0,1245.005242905112,30.127759295861008,0.8086243207591195,21,3,1.0,500.0,500.0,1,500,1,25,0.49919639702153074,1.6718505492743434,False,0.42640143271122083,False,False,ess_below_floor;particle_diversity_below_floor
20260803_ER&oxidativestress_Replicate3.xlsx,D4,rfu,22,0,0.95,0.045454545454545456,1272.796832940339,31.863976129589506,0.8306872890851187,21,3,1.0,500.0,500.0,1,500,1,25,0.49919639702153074,1.6718505492743434,False,0.42640143271122083,False,False,ess_below_floor;particle_diversity_below_floor
20260803_ER&oxidativestress_Replicate3.xlsx,D5,od,22,0,0.95,0.5909090909090909,6.630644606767252,-1.5781962463611081,0.5270504916784238,21,3,2.771108690951111,262.6336451559414,262.6336451559414,9,500,1,18,0.49919639702153074,1.6718505492743434,False,0.42640143271122083,False,False,ess_below_floor
20260803_ER&oxidativestress_Replicate3.xlsx,D5,rfu,22,0,0.95,0.7272727272727273,3.9548127487271603,0.5631015625943011,0.6043119537689101,21,3,2.771108690951111,262.6336451559414,262.6336451559414,9,500,1,18,0.49919639702153074,1.6718505492743434,False,0.42640143271122083,False,False,ess_below_floor
20260803_ER&oxidativestress_Replicate3.xlsx,D6,od,22,0,0.95,0.5909090909090909,6.929535623410488,-1.5526692620518932,0.8297121072769233,21,3,2.187846390642303,269.33912354280113,269.33912354280113,4,500,1,18,0.49919639702153074,1.6718505492743434,False,0.42640143271122083,False,False,ess_below_floor
20260803_ER&oxidativestress_Replicate3.xlsx,D6,rfu,22,0,0.95,0.7272727272727273,3.7725430699518694,0.40688653501296257,0.5410091292791481,21,3,2.187846390642303,269.33912354280113,269.33912354280113,4,500,1,18,0.49919639702153074,1.6718505492743434,False,0.42640143271122083,False,False,ess_below_floor
20260803_ER&oxidativestress_Replicate3.xlsx,D7,od,22,0,0.95,0.22727272727272727,302.42522155757865,3.899952356944608,0.86583100347949,21,3,1.000046125254621,500.0,500.0,1,500,1,25,0.49919639702153074,1.6718505492743434,False,0.42640143271122083,False,False,ess_below_floor;particle_diversity_below_floor
20260803_ER&oxidativestress_Replicate3.xlsx,D7,rfu,22,0,0.95,0.5,114.64174339988234,5.858648786155197,0.8648156389601513,21,3,1.000046125254621,500.0,500.0,1,500,1,25,0.49919639702153074,1.6718505492743434,False,0.42640143271122083,False,False,ess_below_floor;particle_diversity_below_floor
20260803_ER&oxidativestress_Replicate3.xlsx,D8,od,22,0,0.95,0.13636363636363635,634.5569943892806,15.668529847114542,0.8083086131059799,21,3,1.000000000005774,500.0,500.0,1,500,1,25,0.49919639702153074,1.6718505492743434,False,0.42640143271122083,False,False,ess_below_floor;particle_diversity_below_floor
20260803_ER&oxidativestress_Replicate3.xlsx,D8,rfu,22,0,0.95,0.09090909090909091,269.99084612999593,10.889901281333913,0.9176636234614428,21,3,1.000000000005774,500.0,500.0,1,500,1,25,0.49919639702153074,1.6718505492743434,False,0.42640143271122083,False,False,ess_below_floor;particle_diversity_below_floor
20260803_ER&oxidativestress_Replicate3.xlsx,D9,od,22,0,0.95,0.045454545454545456,631.4343693716171,15.666300199265192,0.7987666468432171,21,3,1.000000000591473,256.29594493523945,256.29594493523945,1,500,1,24,0.49919639702153074,1.6718505492743434,False,0.42640143271122083,False,False,ess_below_floor;particle_diversity_below_floor
20260803_ER&oxidativestress_Replicate3.xlsx,D9,rfu,22,0,0.95,0.13636363636363635,267.753529773079,11.915218418008374,0.9110466477349161,21,3,1.000000000591473,256.29594493523945,256.29594493523945,1,500,1,24,0.49919639702153074,1.6718505492743434,False,0.42640143271122083,False,False,ess_below_floor;particle_diversity_below_floor
20260803_ER&oxidativestress_Replicate3.xlsx,E1,od,22,0,0.95,0.045454545454545456,624.046973320327,-22.130773153661437,0.7529885804013858,21,3,1.002258421384094,500.0,500.0,1,500,1,25,0.49919639702153074,1.6718505492743434,False,0.42640143271122083,False,False,ess_below_floor;particle_diversity_below_floor
20260803_ER&oxidativestress_Replicate3.xlsx,E1,rfu,22,0,0.95,0.22727272727272727,122.41715340829991,7.731869224255546,0.9065037416477736,21,3,1.002258421384094,500.0,500.0,1,500,1,25,0.49919639702153074,1.6718505492743434,False,0.42640143271122083,False,False,ess_below_floor;particle_diversity_below_floor
20260803_ER&oxidativestress_Replicate3.xlsx,E10,od,22,0,0.95,0.045454545454545456,339.0761118527184,-13.09193588879365,0.7951672409185201,21,3,1.002755845898933,500.0,500.0,1,500,1,25,0.49919639702153074,1.6718505492743434,False,0.42640143271122083,False,False,ess_below_floor;particle_diversity_below_floor
20260803_ER&oxidativestress_Replicate3.xlsx,E10,rfu,22,0,0.95,0.4090909090909091,18.137201161039368,0.4567632415550781,0.8585586387547572,21,3,1.002755845898933,500.0,500.0,1,500,1,25,0.49919639702153074,1.6718505492743434,False,0.42640143271122083,False,False,ess_below_floor;particle_diversity_below_floor
20260803_ER&oxidativestress_Replicate3.xlsx,E11,od,22,0,0.95,0.13636363636363635,375.3296209729639,-15.70576878641395,0.8762544635431203,21,3,1.0126403243213038,373.0799841586115,373.0799841586115,4,500,1,24,0.49919639702153074,1.6718505492743434,False,0.42640143271122083,False,False,ess_below_floor
20260803_ER&oxidativestress_Replicate3.xlsx,E11,rfu,22,0,0.95,0.8636363636363636,1.6442980396283948,0.47297849480507903,0.16956860062393422,21,3,1.0126403243213038,373.0799841586115,373.0799841586115,4,500,1,24,0.49919639702153074,1.6718505492743434,True,0.42640143271122083,True,False,ess_below_floor
20260803_ER&oxidativestress_Replicate3.xlsx,E12,od,22,0,0.95,0.09090909090909091,243.03096982219466,-8.836852931943035,0.6258731453136481,21,3,1.007633004624401,500.0,500.0,2,500,1,25,0.49919639702153074,1.6718505492743434,False,0.42640143271122083,False,False,ess_below_floor
20260803_ER&oxidativestress_Replicate3.xlsx,E12,rfu,22,0,0.95,0.2727272727272727,28.323045585513942,0.7827213292558489,0.8902192387547139,21,3,1.007633004624401,500.0,500.0,2,500,1,25,0.49919639702153074,1.6718505492743434,False,0.42640143271122083,False,False,ess_below_floor
20260803_ER&oxidativestress_Replicate3.xlsx,E2,od,22,0,0.95,0.0,839.1582057461117,-25.145784734855525,0.7172738304216312,21,3,1.0000000001565277,500.0,500.0,1,500,1,25,0.49919639702153074,1.6718505492743434,False,0.42640143271122083,False,False,ess_below_floor;particle_diversity_below_floor
20260803_ER&oxidativestress_Replicate3.xlsx,E2,rfu,22,0,0.95,0.0,144.75912223902407,-11.66793977132274,0.74768619238717,21,3,1.0000000001565277,500.0,500.0,1,500,1,25,0.49919639702153074,1.6718505492743434,False,0.42640143271122083,False,False,ess_below_floor;particle_diversity_below_floor
20260803_ER&oxidativestress_Replicate3.xlsx,E3,od,22,0,0.95,0.8181818181818182,3.9503008963345034,-1.2545822054152327,0.6323985946732817,21,3,1.839719761861209,257.76375134119263,250.8809489047753,8,500,1,18,0.49919639702153074,1.6718505492743434,False,0.42640143271122083,False,False,ess_below_floor
20260803_ER&oxidativestress_Replicate3.xlsx,E3,rfu,22,0,0.95,0.6818181818181818,2.608470147688665,0.7654452033498171,0.8017026259958809,21,3,1.839719761861209,257.76375134119263,250.8809489047753,8,500,1,18,0.49919639702153074,1.6718505492743434,False,0.42640143271122083,False,False,ess_below_floor
20260803_ER&oxidativestress_Replicate3.xlsx,E4,od,22,0,0.95,0.045454545454545456,255.30509697356817,15.060326645820634,0.7029692912731094,21,3,1.0000000000000004,500.0,500.0,1,500,1,25,0.49919639702153074,1.6718505492743434,False,0.42640143271122083,False,False,ess_below_floor;particle_diversity_below_floor
20260803_ER&oxidativestress_Replicate3.xlsx,E4,rfu,22,0,0.95,0.09090909090909091,900.704862586418,26.84192318883796,0.8730463484382932,21,3,1.0000000000000004,500.0,500.0,1,500,1,25,0.49919639702153074,1.6718505492743434,False,0.42640143271122083,False,False,ess_below_floor;particle_diversity_below_floor
20260803_ER&oxidativestress_Replicate3.xlsx,E5,od,22,0,0.95,0.0,767.9614486551726,-27.48937370162162,0.6959255036959301,21,3,1.0111386339446278,500.0,500.0,3,500,1,25,0.49919639702153074,1.6718505492743434,False,0.42640143271122083,False,False,ess_below_floor
20260803_ER&oxidativestress_Replicate3.xlsx,E5,rfu,22,0,0.95,0.7272727272727273,4.431234060608826,-0.273028371835035,0.602039156626791,21,3,1.0111386339446278,500.0,500.0,3,500,1,25,0.49919639702153074,1.6718505492743434,False,0.42640143271122083,False,False,ess_below_floor
20260803_ER&oxidativestress_Replicate3.xlsx,E6,od,22,0,0.95,0.3181818181818182,45.3120629122947,-5.176095361024184,0.9134414051059587,21,3,1.016927450450968,377.2134780163279,377.2134780163279,4,500,1,24,0.49919639702153074,1.6718505492743434,False,0.42640143271122083,False,False,ess_below_floor
20260803_ER&oxidativestress_Replicate3.xlsx,E6,rfu,22,0,0.95,0.4090909090909091,6.379683125332496,1.1903316179122252,0.7865072298770186,21,3,1.016927450450968,377.2134780163279,377.2134780163279,4,500,1,24,0.49919639702153074,1.6718505492743434,False,0.42640143271122083,False,False,ess_below_floor
20260803_ER&oxidativestress_Replicate3.xlsx,E7,od,22,0,0.95,0.09090909090909091,298.76158997478797,-7.424072625921,0.7481552156409783,21,3,1.0006387630429816,387.47308950835094,387.47308950835094,1,500,1,24,0.49919639702153074,1.6718505492743434,False,0.42640143271122083,False,False,ess_below_floor;particle_diversity_below_floor
20260803_ER&oxidativestress_Replicate3.xlsx,E7,rfu,22,0,0.95,0.045454545454545456,351.24920870300537,17.642780675121138,0.671825073212549,21,3,1.0006387630429816,387.47308950835094,387.47308950835094,1,500,1,24,0.49919639702153074,1.6718505492743434,False,0.42640143271122083,False,False,ess_below_floor;particle_diversity_below_floor
20260803_ER&oxidativestress_Replicate3.xlsx,E8,od,22,0,0.95,0.36363636363636365,29.8126907337743,-2.7417056343995925,0.15096752557526366,21,3,1.6236186578622136,357.84351121492176,357.84351121492176,4,500,1,24,0.49919639702153074,1.6718505492743434,False,0.42640143271122083,True,False,ess_below_floor
20260803_ER&oxidativestress_Replicate3.xlsx,E8,rfu,22,0,0.95,0.5454545454545454,14.037707203823489,2.4222711159809664,0.6248460336791334,21,3,1.6236186578622136,357.84351121492176,357.84351121492176,4,500,1,24,0.49919639702153074,1.6718505492743434,False,0.42640143271122083,False,False,ess_below_floor
20260803_ER&oxidativestress_Replicate3.xlsx,E9,od,22,0,0.95,0.09090909090909091,432.4319156657648,-17.96410820209667,0.8524804645683244,21,3,1.0,500.0,500.0,1,500,1,25,0.49919639702153074,1.6718505492743434,False,0.42640143271122083,False,False,ess_below_floor;particle_diversity_below_floor
20260803_ER&oxidativestress_Replicate3.xlsx,E9,rfu,22,0,0.95,0.0,3722.8171101115367,55.71996405865327,0.7974003555356768,21,3,1.0,500.0,500.0,1,500,1,25,0.49919639702153074,1.6718505492743434,False,0.42640143271122083,False,False,ess_below_floor;particle_diversity_below_floor
20260803_ER&oxidativestress_Replicate3.xlsx,F1,od,22,0,0.95,0.045454545454545456,104.46788460692295,-7.690571492557996,0.8750464221655091,21,3,1.1981824168733657,500.0,500.0,7,500,1,25,0.49919639702153074,1.6718505492743434,False,0.42640143271122083,False,False,ess_below_floor
20260803_ER&oxidativestress_Replicate3.xlsx,F1,rfu,22,0,0.95,0.9545454545454546,1.2861394169579066,0.031373836077241715,0.6489574777113104,21,3,1.1981824168733657,500.0,500.0,7,500,1,25,0.49919639702153074,1.6718505492743434,True,0.42640143271122083,False,False,ess_below_floor
20260803_ER&oxidativestress_Replicate3.xlsx,F10,od,22,0,0.95,0.18181818181818182,42.29937856698941,-5.572774364522762,0.3701369134953508,21,3,1.132692293417751,256.32602980333235,256.32602980333235,2,500,1,24,0.49919639702153074,1.6718505492743434,False,0.42640143271122083,True,False,ess_below_floor
20260803_ER&oxidativestress_Replicate3.xlsx,F10,rfu,22,0,0.95,0.0,1740.063447463567,-40.35121686096822,0.7864316752809306,21,3,1.132692293417751,256.32602980333235,256.32602980333235,2,500,1,24,0.49919639702153074,1.6718505492743434,False,0.42640143271122083,False,False,ess_below_floor
20260803_ER&oxidativestress_Replicate3.xlsx,F11,od,22,0,0.95,0.2727272727272727,77.89632030918021,-7.111037339758294,0.2966671704416572,21,3,1.0434980701375378,253.64263256298383,253.64263256298383,8,500,1,24,0.49919639702153074,1.6718505492743434,False,0.42640143271122083,True,False,ess_below_floor
20260803_ER&oxidativestress_Replicate3.xlsx,F11,rfu,22,0,0.95,0.0,962.290315317053,-30.008036946964584,0.757669735726593,21,3,1.0434980701375378,253.64263256298383,253.64263256298383,8,500,1,24,0.49919639702153074,1.6718505492743434,False,0.42640143271122083,False,False,ess_below_floor
20260803_ER&oxidativestress_Replicate3.xlsx,F12,od,22,0,0.95,0.045454545454545456,103.35655126073624,-7.704844283235972,0.45008951058105134,21,3,1.0000013104256713,500.0,500.0,1,500,1,25,0.49919639702153074,1.6718505492743434,False,0.42640143271122083,False,False,ess_below_floor;particle_diversity_below_floor
20260803_ER&oxidativestress_Replicate3.xlsx,F12,rfu,22,0,0.95,0.0,1169.4714595723717,-32.97933135452768,0.7299681609802171,21,3,1.0000013104256713,500.0,500.0,1,500,1,25,0.49919639702153074,1.6718505492743434,False,0.42640143271122083,False,False,ess_below_floor;particle_diversity_below_floor
20260803_ER&oxidativestress_Replicate3.xlsx,F2,od,22,0,0.95,0.045454545454545456,961.1754530315621,-28.54742243120087,0.7254882181458426,21,3,1.0321253443140748,500.0,500.0,4,500,1,25,0.49919639702153074,1.6718505492743434,False,0.42640143271122083,False,False,ess_below_floor
20260803_ER&oxidativestress_Replicate3.xlsx,F2,rfu,22,0,0.95,0.0,122.86732124176805,-10.370144588729742,0.8055387417336072,21,3,1.0321253443140748,500.0,500.0,4,500,1,25,0.49919639702153074,1.6718505492743434,False,0.42640143271122083,False,False,ess_below_floor
20260803_ER&oxidativestress_Replicate3.xlsx,F3,od,22,0,0.95,0.0,864.0150433670274,-25.733033418938042,0.7637116728936325,21,3,1.005691786621401,500.0,500.0,2,500,1,25,0.49919639702153074,1.6718505492743434,False,0.42640143271122083,False,False,ess_below_floor
20260803_ER&oxidativestress_Replicate3.xlsx,F3,rfu,22,0,0.95,0.045454545454545456,82.65011090125725,-8.546033987674907,0.7815097840686652,21,3,1.005691786621401,500.0,500.0,2,500,1,25,0.49919639702153074,1.6718505492743434,False,0.42640143271122083,False,False,ess_below_floor
20260803_ER&oxidativestress_Replicate3.xlsx,F4,od,22,0,0.95,0.13636363636363635,97.61306781981513,5.6124610682188605,0.8403280904010364,21,3,1.0000000000005427,500.0,500.0,1,500,1,25,0.49919639702153074,1.6718505492743434,False,0.42640143271122083,False,False,ess_below_floor;particle_diversity_below_floor
20260803_ER&oxidativestress_Replicate3.xlsx,F4,rfu,22,0,0.95,0.045454545454545456,1116.1095281519922,29.00080877224674,0.8731180598595786,21,3,1.0000000000005427,500.0,500.0,1,500,1,25,0.49919639702153074,1.6718505492743434,False,0.42640143271122083,False,False,ess_below_floor;particle_diversity_below_floor
20260803_ER&oxidativestress_Replicate3.xlsx,F5,od,22,0,0.95,0.0,132.06303143925038,-11.391192949427161,0.8673051023826875,21,3,1.0000000000002518,500.0,500.0,1,500,1,25,0.49919639702153074,1.6718505492743434,False,0.42640143271122083,False,False,ess_below_floor;particle_diversity_below_floor
20260803_ER&oxidativestress_Replicate3.xlsx,F5,rfu,22,0,0.95,0.045454545454545456,1280.7057636802576,32.90618632227427,0.8468743839511412,21,3,1.0000000000002518,500.0,500.0,1,500,1,25,0.49919639702153074,1.6718505492743434,False,0.42640143271122083,False,False,ess_below_floor;particle_diversity_below_floor
20260803_ER&oxidativestress_Replicate3.xlsx,F6,od,22,0,0.95,0.4090909090909091,12.220162968671643,-2.5638370996018143,0.8628163101525312,21,3,1.0848909303789076,252.3475751057814,252.3475751057814,4,500,1,22,0.49919639702153074,1.6718505492743434,False,0.42640143271122083,False,False,ess_below_floor
20260803_ER&oxidativestress_Replicate3.xlsx,F6,rfu,22,0,0.95,0.5454545454545454,4.885401299538722,0.39691586204323437,0.8344107802086626,21,3,1.0848909303789076,252.3475751057814,252.3475751057814,4,500,1,22,0.49919639702153074,1.6718505492743434,False,0.42640143271122083,False,False,ess_below_floor
20260803_ER&oxidativestress_Replicate3.xlsx,F7,od,22,0,0.95,0.045454545454545456,204.81201254663557,-3.896287444361868,0.7616293566414998,21,3,1.0000000096291886,500.0,500.0,1,500,1,25,0.49919639702153074,1.6718505492743434,False,0.42640143271122083,False,False,ess_below_floor;particle_diversity_below_floor
20260803_ER&oxidativestress_Replicate3.xlsx,F7,rfu,22,0,0.95,0.0,1971.9534137017624,-42.690983877434526,0.6880992217336637,21,3,1.0000000096291886,500.0,500.0,1,500,1,25,0.49919639702153074,1.6718505492743434,False,0.42640143271122083,False,False,ess_below_floor;particle_diversity_below_floor
20260803_ER&oxidativestress_Replicate3.xlsx,F8,od,22,0,0.95,0.09090909090909091,267.4400349515309,-7.714264317927469,0.9134590014532211,21,3,1.0005699298320845,500.0,500.0,1,500,1,25,0.49919639702153074,1.6718505492743434,False,0.42640143271122083,False,False,ess_below_floor;particle_diversity_below_floor
20260803_ER&oxidativestress_Replicate3.xlsx,F8,rfu,22,0,0.95,0.0,2032.7900302905198,-44.17919801204923,0.7259073589857407,21,3,1.0005699298320845,500.0,500.0,1,500,1,25,0.49919639702153074,1.6718505492743434,False,0.42640143271122083,False,False,ess_below_floor;particle_diversity_below_floor
20260803_ER&oxidativestress_Replicate3.xlsx,F9,od,22,0,0.95,0.09090909090909091,673.600721323312,-19.696579863804946,0.8835427734042642,21,3,1.0000567378088954,500.0,500.0,1,500,1,25,0.49919639702153074,1.6718505492743434,False,0.42640143271122083,False,False,ess_below_floor;particle_diversity_below_floor
20260803_ER&oxidativestress_Replicate3.xlsx,F9,rfu,22,0,0.95,0.0,2554.066108956758,-47.2768569588133,0.792434048456777,21,3,1.0000567378088954,500.0,500.0,1,500,1,25,0.49919639702153074,1.6718505492743434,False,0.42640143271122083,False,False,ess_below_floor;particle_diversity_below_floor
20260803_ER&oxidativestress_Replicate3.xlsx,G1,od,22,0,0.95,0.045454545454545456,160.39169410855627,-11.47965675107482,0.62850741168549,21,3,1.0052749998960828,500.0,500.0,2,500,1,25,0.49919639702153074,1.6718505492743434,False,0.42640143271122083,False,False,ess_below_floor
20260803_ER&oxidativestress_Replicate3.xlsx,G1,rfu,22,0,0.95,0.3181818181818182,11.806598931181476,-2.9293178177233172,0.7282248680547515,21,3,1.0052749998960828,500.0,500.0,2,500,1,25,0.49919639702153074,1.6718505492743434,False,0.42640143271122083,False,False,ess_below_floor
20260803_ER&oxidativestress_Replicate3.xlsx,G10,od,22,0,0.95,0.09090909090909091,32.23061274745871,-4.719830328096526,0.5011911844682628,21,3,1.1140793823300832,325.7210329892449,325.7210329892449,3,500,1,24,0.49919639702153074,1.6718505492743434,False,0.42640143271122083,False,False,ess_below_floor
20260803_ER&oxidativestress_Replicate3.xlsx,G10,rfu,22,0,0.95,0.0,1368.8362475720633,-36.495441301145114,0.5265847381434117,21,3,1.1140793823300832,325.7210329892449,325.7210329892449,3,500,1,24,0.49919639702153074,1.6718505492743434,False,0.42640143271122083,False,False,ess_below_floor
20260803_ER&oxidativestress_Replicate3.xlsx,G11,od,22,0,0.95,0.5909090909090909,6.250371024662285,-0.23089375912776278,0.5320804988445085,21,3,1.0070662947251432,435.6178837184193,435.6178837184193,3,500,1,24,0.49919639702153074,1.6718505492743434,False,0.42640143271122083,False,False,ess_below_floor
20260803_ER&oxidativestress_Replicate3.xlsx,G11,rfu,22,0,0.95,0.0,966.4047131722423,-30.84871510182865,0.591730784580264,21,3,1.0070662947251432,435.6178837184193,435.6178837184193,3,500,1,24,0.49919639702153074,1.6718505492743434,False,0.42640143271122083,False,False,ess_below_floor
20260803_ER&oxidativestress_Replicate3.xlsx,G12,od,22,0,0.95,0.0,538.6602832322419,-19.374245633707684,0.784735711157557,21,3,1.0000000000217888,500.0,500.0,1,500,1,25,0.49919639702153074,1.6718505492743434,False,0.42640143271122083,False,False,ess_below_floor;particle_diversity_below_floor
20260803_ER&oxidativestress_Replicate3.xlsx,G12,rfu,22,0,0.95,0.0,742.0452669952809,-26.036278101260827,0.6698617375603807,21,3,1.0000000000217888,500.0,500.0,1,500,1,25,0.49919639702153074,1.6718505492743434,False,0.42640143271122083,False,False,ess_below_floor;particle_diversity_below_floor
20260803_ER&oxidativestress_Replicate3.xlsx,G2,od,22,0,0.95,0.0,469.0380050464531,-18.78880678241636,0.5727220820179448,21,3,1.000606906320201,500.0,500.0,1,500,1,25,0.49919639702153074,1.6718505492743434,False,0.42640143271122083,False,False,ess_below_floor;particle_diversity_below_floor
20260803_ER&oxidativestress_Replicate3.xlsx,G2,rfu,22,0,0.95,0.18181818181818182,60.22939870182381,4.673169749253777,0.8747874512478204,21,3,1.000606906320201,500.0,500.0,1,500,1,25,0.49919639702153074,1.6718505492743434,False,0.42640143271122083,False,False,ess_below_floor;particle_diversity_below_floor
20260803_ER&oxidativestress_Replicate3.xlsx,G3,od,22,0,0.95,0.0,892.5030051684097,-26.111087021838298,0.7920074681751175,21,3,1.097849049306474,500.0,500.0,2,500,1,25,0.49919639702153074,1.6718505492743434,False,0.42640143271122083,False,False,ess_below_floor
20260803_ER&oxidativestress_Replicate3.xlsx,G3,rfu,22,0,0.95,0.045454545454545456,95.56257098973879,-9.033647589381967,0.8141454944317098,21,3,1.097849049306474,500.0,500.0,2,500,1,25,0.49919639702153074,1.6718505492743434,False,0.42640143271122083,False,False,ess_below_floor
20260803_ER&oxidativestress_Replicate3.xlsx,G4,od,22,0,0.95,0.0,840.9117300521467,-27.49090492758694,0.7933479338487716,21,3,1.0186355287892968,500.0,500.0,3,500,1,25,0.49919639702153074,1.6718505492743434,False,0.42640143271122083,False,False,ess_below_floor
20260803_ER&oxidativestress_Replicate3.xlsx,G4,rfu,22,0,0.95,0.0,134.23766549040778,-11.482301167007707,0.6878611096262502,21,3,1.0186355287892968,500.0,500.0,3,500,1,25,0.49919639702153074,1.6718505492743434,False,0.42640143271122083,False,False,ess_below_floor
20260803_ER&oxidativestress_Replicate3.xlsx,G5,od,22,0,0.95,0.5,7.583332530684365,-2.046281902646214,0.7814691887317704,21,3,3.744167557924501,257.8070673143577,257.8070673143577,9,500,1,22,0.49919639702153074,1.6718505492743434,False,0.42640143271122083,False,False,ess_below_floor
20260803_ER&oxidativestress_Replicate3.xlsx,G5,rfu,22,0,0.95,0.6363636363636364,4.612835843215444,1.0725806157668194,0.8229748148993039,21,3,3.744167557924501,257.8070673143577,257.8070673143577,9,500,1,22,0.49919639702153074,1.6718505492743434,False,0.42640143271122083,False,False,ess_below_floor
20260803_ER&oxidativestress_Replicate3.xlsx,G6,od,22,0,0.95,0.5454545454545454,6.179033812003076,-1.8254146483766773,0.8775016359084142,21,3,1.0000000000018199,451.8875658688523,266.5540502574386,1,500,1,23,0.49919639702153074,1.6718505492743434,False,0.42640143271122083,False,False,ess_below_floor;particle_diversity_below_floor
20260803_ER&oxidativestress_Replicate3.xlsx,G6,rfu,22,0,0.95,0.5,13.376265956074707,1.7039814762077747,0.8746785157910484,21,3,1.0000000000018199,451.8875658688523,266.5540502574386,1,500,1,23,0.49919639702153074,1.6718505492743434,False,0.42640143271122083,False,False,ess_below_floor;particle_diversity_below_floor
20260803_ER&oxidativestress_Replicate3.xlsx,G7,od,22,0,0.95,0.045454545454545456,759.990400332198,-23.653127817435173,0.6787568252500144,21,3,1.2605268850296065,468.09823278975773,468.09823278975773,3,500,1,24,0.49919639702153074,1.6718505492743434,False,0.42640143271122083,False,False,ess_below_floor
20260803_ER&oxidativestress_Replicate3.xlsx,G7,rfu,22,0,0.95,0.0,719.3477556356099,-26.125616781231315,0.3836661160743597,21,3,1.2605268850296065,468.09823278975773,468.09823278975773,3,500,1,24,0.49919639702153074,1.6718505492743434,False,0.42640143271122083,True,False,ess_below_floor
20260803_ER&oxidativestress_Replicate3.xlsx,G8,od,22,0,0.95,0.0,483.18821321834474,-20.76112055482352,0.6824278646408539,21,3,1.0000196697384474,500.0,500.0,1,500,1,25,0.49919639702153074,1.6718505492743434,False,0.42640143271122083,False,False,ess_below_floor;particle_diversity_below_floor
20260803_ER&oxidativestress_Replicate3.xlsx,G8,rfu,22,0,0.95,0.0,3112.136001073914,-54.57213120159404,0.707939491659395,21,3,1.0000196697384474,500.0,500.0,1,500,1,25,0.49919639702153074,1.6718505492743434,False,0.42640143271122083,False,False,ess_below_floor;particle_diversity_below_floor
20260803_ER&oxidativestress_Replicate3.xlsx,G9,od,22,0,0.95,0.045454545454545456,444.5640321646837,-19.12751514367731,0.7972990737160901,21,3,1.000001282964801,500.0,500.0,1,500,1,25,0.49919639702153074,1.6718505492743434,False,0.42640143271122083,False,False,ess_below_floor;particle_diversity_below_floor
20260803_ER&oxidativestress_Replicate3.xlsx,G9,rfu,22,0,0.95,0.0,3330.9971278041585,-56.74310779995275,0.5013253381005396,21,3,1.000001282964801,500.0,500.0,1,500,1,25,0.49919639702153074,1.6718505492743434,False,0.42640143271122083,False,False,ess_below_floor;particle_diversity_below_floor
20260804_ER_Oxidative_Replicate4.xpt,A1,od,22,0,0.95,0.9545454545454546,1.1534745538440818,-0.9448509494683354,0.7988785687445257,21,3,2.261606314204749,258.96857819379426,258.96857819379426,7,500,1,17,0.49919639702153074,1.6718505492743434,True,0.42640143271122083,False,False,ess_below_floor
20260804_ER_Oxidative_Replicate4.xpt,A1,rfu,22,0,0.95,1.0,0.11014935120612811,0.007555120182801397,0.2255381861756749,21,3,2.261606314204749,258.96857819379426,258.96857819379426,7,500,1,17,0.49919639702153074,1.6718505492743434,False,0.42640143271122083,True,False,ess_below_floor
20260804_ER_Oxidative_Replicate4.xpt,A10,od,22,0,0.95,0.9545454545454546,0.9379683052722598,-0.6757494770007878,0.025061593549017262,21,3,2.877653430879302,251.69334122085465,251.69334122085465,12,500,1,16,0.49919639702153074,1.6718505492743434,True,0.42640143271122083,True,False,ess_below_floor
20260804_ER_Oxidative_Replicate4.xpt,A10,rfu,22,0,0.95,0.9545454545454546,1.2863933095348943,-0.5301490753719409,0.1751304249931881,21,3,2.877653430879302,251.69334122085465,251.69334122085465,12,500,1,16,0.49919639702153074,1.6718505492743434,True,0.42640143271122083,True,False,ess_below_floor
20260804_ER_Oxidative_Replicate4.xpt,A11,od,22,0,0.95,1.0,0.7218712200996896,-0.7906043845970216,0.5358531474316007,21,3,4.1114649534102865,251.71927338985824,251.71927338985824,12,500,1,16,0.49919639702153074,1.6718505492743434,True,0.42640143271122083,False,False,ess_below_floor
20260804_ER_Oxidative_Replicate4.xpt,A11,rfu,22,0,0.95,1.0,0.5064756230726212,-0.377625338788717,0.648357642228013,21,3,4.1114649534102865,251.71927338985824,251.71927338985824,12,500,1,16,0.49919639702153074,1.6718505492743434,True,0.42640143271122083,False,False,ess_below_floor
20260804_ER_Oxidative_Replicate4.xpt,A12,od,22,0,0.95,0.09090909090909091,408.06218613884414,-18.242583720243985,0.821924982316679,21,3,1.0020062423492921,500.0,500.0,1,500,1,25,0.49919639702153074,1.6718505492743434,False,0.42640143271122083,False,False,ess_below_floor;particle_diversity_below_floor
20260804_ER_Oxidative_Replicate4.xpt,A12,rfu,22,0,0.95,0.045454545454545456,90.83977676433125,-8.833077799700405,0.8548483575133943,21,3,1.0020062423492921,500.0,500.0,1,500,1,25,0.49919639702153074,1.6718505492743434,False,0.42640143271122083,False,False,ess_below_floor;particle_diversity_below_floor
20260804_ER_Oxidative_Replicate4.xpt,A2,od,22,0,0.95,0.36363636363636365,21.172098862132014,-2.2324723567342617,0.662833451749056,21,3,1.5345113047410894,255.56396590488453,255.56396590488453,8,500,1,21,0.49919639702153074,1.6718505492743434,False,0.42640143271122083,False,False,ess_below_floor
20260804_ER_Oxidative_Replicate4.xpt,A2,rfu,22,0,0.95,0.9545454545454546,0.909036253657587,0.4110004655078896,0.7202965572045902,21,3,1.5345113047410894,255.56396590488453,255.56396590488453,8,500,1,21,0.49919639702153074,1.6718505492743434,True,0.42640143271122083,False,False,ess_below_floor
20260804_ER_Oxidative_Replicate4.xpt,A3,od,22,0,0.95,1.0,1.026306752201731,-0.7763498146080788,0.6875063244825802,21,3,3.0450009425675217,262.56006326475296,262.56006326475296,12,500,1,18,0.49919639702153074,1.6718505492743434,True,0.42640143271122083,False,False,ess_below_floor
20260804_ER_Oxidative_Replicate4.xpt,A3,rfu,22,0,0.95,1.0,0.35276473384747686,-0.025832376938574233,0.35382264477193426,21,3,3.0450009425675217,262.56006326475296,262.56006326475296,12,500,1,18,0.49919639702153074,1.6718505492743434,False,0.42640143271122083,True,False,ess_below_floor
20260804_ER_Oxidative_Replicate4.xpt,A4,od,22,0,0.95,0.45454545454545453,25.70433889466565,-2.016368249147609,0.6312661115683631,21,3,1.1421011100377385,254.2997095458149,254.2997095458149,5,500,1,20,0.49919639702153074,1.6718505492743434,False,0.42640143271122083,False,False,ess_below_floor
20260804_ER_Oxidative_Replicate4.xpt,A4,rfu,22,0,0.95,0.8636363636363636,1.2145206282518666,0.44373250597164354,0.6562487272305445,21,3,1.1421011100377385,254.2997095458149,254.2997095458149,5,500,1,20,0.49919639702153074,1.6718505492743434,True,0.42640143271122083,False,False,ess_below_floor
20260804_ER_Oxidative_Replicate4.xpt,A5,od,22,0,0.95,0.045454545454545456,273.11566119614304,-13.789621368776075,0.781283875153378,21,3,1.0133593934173304,500.0,500.0,3,500,1,25,0.49919639702153074,1.6718505492743434,False,0.42640143271122083,False,False,ess_below_floor
20260804_ER_Oxidative_Replicate4.xpt,A5,rfu,22,0,0.95,0.045454545454545456,12.634294825357534,-3.3430213343530824,0.08217947173197594,21,3,1.0133593934173304,500.0,500.0,3,500,1,25,0.49919639702153074,1.6718505492743434,False,0.42640143271122083,True,False,ess_below_floor
20260804_ER_Oxidative_Replicate4.xpt,A6,od,22,0,0.95,0.9545454545454546,0.8351045037651317,-0.8247901249359032,0.4021566777781779,21,3,2.2559834140944894,253.1065861793526,253.1065861793526,6,500,1,15,0.49919639702153074,1.6718505492743434,True,0.42640143271122083,True,False,ess_below_floor
20260804_ER_Oxidative_Replicate4.xpt,A6,rfu,22,0,0.95,1.0,0.31611948230334463,0.0745462416146815,0.049558749203312345,21,3,2.2559834140944894,253.1065861793526,253.1065861793526,6,500,1,15,0.49919639702153074,1.6718505492743434,False,0.42640143271122083,True,False,ess_below_floor
20260804_ER_Oxidative_Replicate4.xpt,A7,od,22,0,0.95,0.09090909090909091,83.71066425899443,-7.812305977727871,0.8695912408297098,21,3,1.233042654487559,271.98577555216707,271.98577555216707,8,500,1,24,0.49919639702153074,1.6718505492743434,False,0.42640143271122083,False,False,ess_below_floor
20260804_ER_Oxidative_Replicate4.xpt,A7,rfu,22,0,0.95,0.3181818181818182,5.796742186045513,-1.8227733606010703,0.8184985734878468,21,3,1.233042654487559,271.98577555216707,271.98577555216707,8,500,1,24,0.49919639702153074,1.6718505492743434,False,0.42640143271122083,False,False,ess_below_floor
20260804_ER_Oxidative_Replicate4.xpt,A8,od,22,0,0.95,1.0,0.5931803451219361,-0.5015822565370777,0.18319476401035387,21,3,5.840171352254596,260.38350939321117,260.38350939321117,12,500,1,17,0.49919639702153074,1.6718505492743434,True,0.42640143271122083,True,False,ess_below_floor
20260804_ER_Oxidative_Replicate4.xpt,A8,rfu,22,0,0.95,0.7727272727272727,3.2302800935759164,-1.1038790594992116,0.6437543666539269,21,3,5.840171352254596,260.38350939321117,260.38350939321117,12,500,1,17,0.49919639702153074,1.6718505492743434,False,0.42640143271122083,False,False,ess_below_floor
20260804_ER_Oxidative_Replicate4.xpt,A9,od,22,0,0.95,0.045454545454545456,134.63267418867207,-6.424248841711966,0.7029235174273885,21,3,1.000504966314911,500.0,500.0,1,500,1,25,0.49919639702153074,1.6718505492743434,False,0.42640143271122083,False,False,ess_below_floor;particle_diversity_below_floor
20260804_ER_Oxidative_Replicate4.xpt,A9,rfu,22,0,0.95,0.5,40.68176452684749,4.455725588194695,0.9205198148239911,21,3,1.000504966314911,500.0,500.0,1,500,1,25,0.49919639702153074,1.6718505492743434,False,0.42640143271122083,False,False,ess_below_floor;particle_diversity_below_floor
20260804_ER_Oxidative_Replicate4.xpt,B1,od,22,0,0.95,0.3181818181818182,41.53748774648361,-2.1504074108598368,0.5911658350562836,21,3,1.0001002303872564,288.0702215088694,288.0702215088694,2,500,1,23,0.49919639702153074,1.6718505492743434,False,0.42640143271122083,False,False,ess_below_floor
20260804_ER_Oxidative_Replicate4.xpt,B1,rfu,22,0,0.95,0.4090909090909091,29.247498714306708,3.914263273715679,0.8877177744751371,21,3,1.0001002303872564,288.0702215088694,288.0702215088694,2,500,1,23,0.49919639702153074,1.6718505492743434,False,0.42640143271122083,False,False,ess_below_floor
20260804_ER_Oxidative_Replicate4.xpt,B10,od,22,0,0.95,0.0,95.16516872035864,-6.356532029193425,0.7435466591482545,21,3,1.0385248385220673,500.0,500.0,6,500,1,25,0.49919639702153074,1.6718505492743434,False,0.42640143271122083,False,False,ess_below_floor
20260804_ER_Oxidative_Replicate4.xpt,B10,rfu,22,0,0.95,0.22727272727272727,19.318196693622554,-2.90781439662712,0.8984415948786654,21,3,1.0385248385220673,500.0,500.0,6,500,1,25,0.49919639702153074,1.6718505492743434,False,0.42640143271122083,False,False,ess_below_floor
20260804_ER_Oxidative_Replicate4.xpt,B11,od,22,0,0.95,0.5454545454545454,13.849548010905226,-2.5142788455243985,0.7310852648790825,21,3,2.277674410763579,500.0,500.0,7,500,1,25,0.49919639702153074,1.6718505492743434,False,0.42640143271122083,False,False,ess_below_floor
20260804_ER_Oxidative_Replicate4.xpt,B11,rfu,22,0,0.95,0.45454545454545453,7.4124342297096515,-0.8942342325849846,0.7166297054902085,21,3,2.277674410763579,500.0,500.0,7,500,1,25,0.49919639702153074,1.6718505492743434,False,0.42640143271122083,False,False,ess_below_floor
20260804_ER_Oxidative_Replicate4.xpt,B12,od,22,0,0.95,0.045454545454545456,473.9113758861333,-18.58130278950679,0.7535527489178641,21,3,1.0016427246547293,340.64092565415154,340.64092565415154,1,500,1,23,0.49919639702153074,1.6718505492743434,False,0.42640143271122083,False,False,ess_below_floor;particle_diversity_below_floor
20260804_ER_Oxidative_Replicate4.xpt,B12,rfu,22,0,0.95,0.22727272727272727,148.88202383017972,-10.083024368615678,0.8941103170500936,21,3,1.0016427246547293,340.64092565415154,340.64092565415154,1,500,1,23,0.49919639702153074,1.6718505492743434,False,0.42640143271122083,False,False,ess_below_floor;particle_diversity_below_floor
20260804_ER_Oxidative_Replicate4.xpt,B2,od,22,0,0.95,0.09090909090909091,62.597456875116656,-4.507148059775431,0.6917238052941123,21,3,1.4371373661644558,500.0,382.00358588895,7,500,1,24,0.49919639702153074,1.6718505492743434,False,0.42640143271122083,False,False,ess_below_floor
20260804_ER_Oxidative_Replicate4.xpt,B2,rfu,22,0,0.95,0.6363636363636364,6.139574213099149,1.9532699517462278,0.8504005510511774,21,3,1.4371373661644558,500.0,382.00358588895,7,500,1,24,0.49919639702153074,1.6718505492743434,False,0.42640143271122083,False,False,ess_below_floor
20260804_ER_Oxidative_Replicate4.xpt,B3,od,22,0,0.95,0.18181818181818182,51.492298521640734,-5.503716795413035,0.7031791745778863,21,3,1.4149728105453567,313.9240162763754,313.9240162763754,8,500,1,23,0.49919639702153074,1.6718505492743434,False,0.42640143271122083,False,False,ess_below_floor
20260804_ER_Oxidative_Replicate4.xpt,B3,rfu,22,0,0.95,0.7272727272727273,2.982925343298824,0.3146638031251368,0.8351415616733829,21,3,1.4149728105453567,313.9240162763754,313.9240162763754,8,500,1,23,0.49919639702153074,1.6718505492743434,False,0.42640143271122083,False,False,ess_below_floor
20260804_ER_Oxidative_Replicate4.xpt,B4,od,22,0,0.95,0.0,397.7158233986851,-16.654378494199804,0.7810212358044676,21,3,1.0185083364511673,500.0,500.0,3,500,1,25,0.49919639702153074,1.6718505492743434,False,0.42640143271122083,False,False,ess_below_floor
20260804_ER_Oxidative_Replicate4.xpt,B4,rfu,22,0,0.95,0.045454545454545456,40.9187664608637,-5.939719824388857,0.6097851313434937,21,3,1.0185083364511673,500.0,500.0,3,500,1,25,0.49919639702153074,1.6718505492743434,False,0.42640143271122083,False,False,ess_below_floor
20260804_ER_Oxidative_Replicate4.xpt,B5,od,22,0,0.95,0.9545454545454546,1.4820561260498406,-0.6902531173190705,0.03100229698281678,21,3,2.6997943140956124,306.10431888853253,306.10431888853253,7,500,1,18,0.49919639702153074,1.6718505492743434,True,0.42640143271122083,True,False,ess_below_floor
20260804_ER_Oxidative_Replicate4.xpt,B5,rfu,22,0,0.95,0.9545454545454546,0.6641169977179041,0.2840027163709893,0.5735949949041805,21,3,2.6997943140956124,306.10431888853253,306.10431888853253,7,500,1,18,0.49919639702153074,1.6718505492743434,True,0.42640143271122083,False,False,ess_below_floor
20260804_ER_Oxidative_Replicate4.xpt,B6,od,22,0,0.95,0.13636363636363635,70.02111055101466,-6.365552434036503,0.5265217124438019,21,3,1.5343148150792172,500.0,500.0,5,500,1,25,0.49919639702153074,1.6718505492743434,False,0.42640143271122083,False,False,ess_below_floor
20260804_ER_Oxidative_Replicate4.xpt,B6,rfu,22,0,0.95,0.4090909090909091,8.554063110197527,2.2703963345068208,0.8469195814957848,21,3,1.5343148150792172,500.0,500.0,5,500,1,25,0.49919639702153074,1.6718505492743434,False,0.42640143271122083,False,False,ess_below_floor
20260804_ER_Oxidative_Replicate4.xpt,B7,od,22,0,0.95,0.09090909090909091,157.83807385603794,-8.978907680218263,0.7320861178596307,21,3,1.0251782640593456,500.0,500.0,4,500,1,25,0.49919639702153074,1.6718505492743434,False,0.42640143271122083,False,False,ess_below_floor
20260804_ER_Oxidative_Replicate4.xpt,B7,rfu,22,0,0.95,0.13636363636363635,53.421423146162255,-4.737212817266372,0.8896168010231238,21,3,1.0251782640593456,500.0,500.0,4,500,1,25,0.49919639702153074,1.6718505492743434,False,0.42640143271122083,False,False,ess_below_floor
20260804_ER_Oxidative_Replicate4.xpt,B8,od,22,0,0.95,0.0,182.43979774738386,-10.576110089263405,0.35620913904964574,21,3,1.0000015495338448,500.0,500.0,1,500,1,25,0.49919639702153074,1.6718505492743434,False,0.42640143271122083,True,False,ess_below_floor;particle_diversity_below_floor
20260804_ER_Oxidative_Replicate4.xpt,B8,rfu,22,0,0.95,0.09090909090909091,77.92303306580166,1.3820218886904732,0.9151764847337253,21,3,1.0000015495338448,500.0,500.0,1,500,1,25,0.49919639702153074,1.6718505492743434,False,0.42640143271122083,False,False,ess_below_floor;particle_diversity_below_floor
20260804_ER_Oxidative_Replicate4.xpt,B9,od,22,0,0.95,0.0,646.1900084765401,-23.253362741820652,0.7491188200256276,21,3,1.0387327447401202,500.0,500.0,3,500,1,25,0.49919639702153074,1.6718505492743434,False,0.42640143271122083,False,False,ess_below_floor
20260804_ER_Oxidative_Replicate4.xpt,B9,rfu,22,0,0.95,0.13636363636363635,134.42560931729855,-9.878117942383597,0.8888416851059595,21,3,1.0387327447401202,500.0,500.0,3,500,1,25,0.49919639702153074,1.6718505492743434,False,0.42640143271122083,False,False,ess_below_floor
20260804_ER_Oxidative_Replicate4.xpt,C1,od,22,0,0.95,0.045454545454545456,268.18139081823534,-13.057789191942739,0.6506987836585214,21,3,1.0000000971808924,500.0,500.0,1,500,1,25,0.49919639702153074,1.6718505492743434,False,0.42640143271122083,False,False,ess_below_floor;particle_diversity_below_floor
20260804_ER_Oxidative_Replicate4.xpt,C1,rfu,22,0,0.95,0.045454545454545456,22.490075968858324,-4.565110711281054,0.6273413842228238,21,3,1.0000000971808924,500.0,500.0,1,500,1,25,0.49919639702153074,1.6718505492743434,False,0.42640143271122083,False,False,ess_below_floor;particle_diversity_below_floor
20260804_ER_Oxidative_Replicate4.xpt,C10,od,22,0,0.95,0.045454545454545456,154.1727781890618,-7.315232075558129,0.7992910137633192,21,3,1.0006785373003781,500.0,500.0,1,500,1,25,0.49919639702153074,1.6718505492743434,False,0.42640143271122083,False,False,ess_below_floor;particle_diversity_below_floor
20260804_ER_Oxidative_Replicate4.xpt,C10,rfu,22,0,0.95,0.09090909090909091,69.19914495258523,1.8594536559379677,0.9252244248625191,21,3,1.0006785373003781,500.0,500.0,1,500,1,25,0.49919639702153074,1.6718505492743434,False,0.42640143271122083,False,False,ess_below_floor;particle_diversity_below_floor
20260804_ER_Oxidative_Replicate4.xpt,C11,od,22,0,0.95,0.0,627.9055229982456,-22.177924122968633,0.8028401494484879,21,3,1.0000000000556386,500.0,500.0,1,500,1,25,0.49919639702153074,1.6718505492743434,False,0.42640143271122083,False,False,ess_below_floor;particle_diversity_below_floor
20260804_ER_Oxidative_Replicate4.xpt,C11,rfu,22,0,0.95,0.18181818181818182,121.75589068064092,-9.553387621821608,0.8924609040060041,21,3,1.0000000000556386,500.0,500.0,1,500,1,25,0.49919639702153074,1.6718505492743434,False,0.42640143271122083,False,False,ess_below_floor;particle_diversity_below_floor
20260804_ER_Oxidative_Replicate4.xpt,C12,od,22,0,0.95,0.8181818181818182,1.385388709525459,-0.7832865539606991,0.76533064676554,21,3,1.9960964097649145,312.93818158959516,312.93818158959516,9,500,1,17,0.49919639702153074,1.6718505492743434,True,0.42640143271122083,False,False,ess_below_floor
20260804_ER_Oxidative_Replicate4.xpt,C12,rfu,22,0,0.95,0.9545454545454546,1.8063445550788095,-0.20044857489804774,0.4636344517038733,21,3,1.9960964097649145,312.93818158959516,312.93818158959516,9,500,1,17,0.49919639702153074,1.6718505492743434,False,0.42640143271122083,False,False,ess_below_floor
20260804_ER_Oxidative_Replicate4.xpt,C2,od,22,0,0.95,0.09090909090909091,47.784790907895484,-4.191756137910972,0.7723188058931382,21,3,1.0000000000000004,500.0,354.2812926388578,1,500,1,24,0.49919639702153074,1.6718505492743434,False,0.42640143271122083,False,False,ess_below_floor;particle_diversity_below_floor
20260804_ER_Oxidative_Replicate4.xpt,C2,rfu,22,0,0.95,0.22727272727272727,6.796533316383279,2.4433681813792725,0.5634949686652762,21,3,1.0000000000000004,500.0,354.2812926388578,1,500,1,24,0.49919639702153074,1.6718505492743434,False,0.42640143271122083,False,False,ess_below_floor;particle_diversity_below_floor
20260804_ER_Oxidative_Replicate4.xpt,C3,od,22,0,0.95,0.18181818181818182,39.071624685459,-4.305002413360126,0.6983752125539634,21,3,1.18106132243959,395.5647486754047,282.0705252735123,8,500,1,22,0.49919639702153074,1.6718505492743434,False,0.42640143271122083,False,False,ess_below_floor
20260804_ER_Oxidative_Replicate4.xpt,C3,rfu,22,0,0.95,1.0,0.5857223529507849,0.534797963911133,0.47048684040267535,21,3,1.18106132243959,395.5647486754047,282.0705252735123,8,500,1,22,0.49919639702153074,1.6718505492743434,True,0.42640143271122083,False,False,ess_below_floor
20260804_ER_Oxidative_Replicate4.xpt,C4,od,22,0,0.95,0.045454545454545456,151.67439593397964,-9.212350887876314,0.765627122554922,21,3,1.0270873388698152,500.0,500.0,3,500,1,25,0.49919639702153074,1.6718505492743434,False,0.42640143271122083,False,False,ess_below_floor
20260804_ER_Oxidative_Replicate4.xpt,C4,rfu,22,0,0.95,0.5,16.663826733291632,2.6308963987259255,0.9150841278643161,21,3,1.0270873388698152,500.0,500.0,3,500,1,25,0.49919639702153074,1.6718505492743434,False,0.42640143271122083,False,False,ess_below_floor
20260804_ER_Oxidative_Replicate4.xpt,C5,od,22,0,0.95,0.09090909090909091,113.4726732674143,-6.075073767602375,0.8239942955888793,21,3,1.3853400692250393,365.29872637024147,365.29872637024147,3,500,1,24,0.49919639702153074,1.6718505492743434,False,0.42640143271122083,False,False,ess_below_floor
20260804_ER_Oxidative_Replicate4.xpt,C5,rfu,22,0,0.95,0.13636363636363635,13.415558672721732,3.427518688401706,0.8252289506106048,21,3,1.3853400692250393,365.29872637024147,365.29872637024147,3,500,1,24,0.49919639702153074,1.6718505492743434,False,0.42640143271122083,False,False,ess_below_floor
20260804_ER_Oxidative_Replicate4.xpt,C6,od,22,0,0.95,0.22727272727272727,78.15081203119914,-3.540705065884176,0.769829976886471,21,3,1.240554308184269,293.998135260223,293.998135260223,6,500,1,23,0.49919639702153074,1.6718505492743434,False,0.42640143271122083,False,False,ess_below_floor
20260804_ER_Oxidative_Replicate4.xpt,C6,rfu,22,0,0.95,0.9090909090909091,1.4886424950242658,0.9615796663816039,0.652313837860563,21,3,1.240554308184269,293.998135260223,293.998135260223,6,500,1,23,0.49919639702153074,1.6718505492743434,True,0.42640143271122083,False,False,ess_below_floor
20260804_ER_Oxidative_Replicate4.xpt,C7,od,22,0,0.95,0.09090909090909091,164.91005979847995,-7.8345718814645755,0.6914604210716676,21,3,1.0491365669830446,500.0,500.0,2,500,1,25,0.49919639702153074,1.6718505492743434,False,0.42640143271122083,False,False,ess_below_floor
20260804_ER_Oxidative_Replicate4.xpt,C7,rfu,22,0,0.95,0.18181818181818182,46.220186269212086,2.5272357863994794,0.9125857634319157,21,3,1.0491365669830446,500.0,500.0,2,500,1,25,0.49919639702153074,1.6718505492743434,False,0.42640143271122083,False,False,ess_below_floor
20260804_ER_Oxidative_Replicate4.xpt,C8,od,22,0,0.95,0.0,684.9146149888621,-22.714486231826246,0.753249410460585,21,3,1.028923507174085,500.0,500.0,2,500,1,25,0.49919639702153074,1.6718505492743434,False,0.42640143271122083,False,False,ess_below_floor
20260804_ER_Oxidative_Replicate4.xpt,C8,rfu,22,0,0.95,0.18181818181818182,137.75541109064704,-9.683685439272466,0.8783872353362023,21,3,1.028923507174085,500.0,500.0,2,500,1,25,0.49919639702153074,1.6718505492743434,False,0.42640143271122083,False,False,ess_below_floor
20260804_ER_Oxidative_Replicate4.xpt,C9,od,22,0,0.95,0.0,757.2269447090968,-24.43066628699819,0.7692167891816686,21,3,1.0036914915044766,500.0,500.0,2,500,1,25,0.49919639702153074,1.6718505492743434,False,0.42640143271122083,False,False,ess_below_floor
20260804_ER_Oxidative_Replicate4.xpt,C9,rfu,22,0,0.95,0.22727272727272727,142.17670628826556,-10.152280765660326,0.8859251476101302,21,3,1.0036914915044766,500.0,500.0,2,500,1,25,0.49919639702153074,1.6718505492743434,False,0.42640143271122083,False,False,ess_below_floor
20260804_ER_Oxidative_Replicate4.xpt,D1,od,22,0,0.95,0.18181818181818182,133.14338679161844,-4.28374464106128,0.6789827149356518,21,3,1.000005930105946,326.0913317624438,326.0913317624438,1,500,1,23,0.49919639702153074,1.6718505492743434,False,0.42640143271122083,False,False,ess_below_floor;particle_diversity_below_floor
20260804_ER_Oxidative_Replicate4.xpt,D1,rfu,22,0,0.95,0.3181818181818182,21.504980405425727,3.8507544196700465,0.8686146712670456,21,3,1.000005930105946,326.0913317624438,326.0913317624438,1,500,1,23,0.49919639702153074,1.6718505492743434,False,0.42640143271122083,False,False,ess_below_floor;particle_diversity_below_floor
20260804_ER_Oxidative_Replicate4.xpt,D10,od,22,0,0.95,0.045454545454545456,250.1179014941291,-10.611536651317936,0.8379209468414566,21,3,1.0075229027944386,262.7910923928184,262.7910923928184,2,500,1,24,0.49919639702153074,1.6718505492743434,False,0.42640143271122083,False,False,ess_below_floor
20260804_ER_Oxidative_Replicate4.xpt,D10,rfu,22,0,0.95,0.13636363636363635,17.568878910566085,-1.7262695818972666,0.8318004628184388,21,3,1.0075229027944386,262.7910923928184,262.7910923928184,2,500,1,24,0.49919639702153074,1.6718505492743434,False,0.42640143271122083,False,False,ess_below_floor
20260804_ER_Oxidative_Replicate4.xpt,D11,od,22,0,0.95,0.0,715.0160268540011,-22.97227561440279,0.7609104307853569,21,3,1.000000000000004,500.0,500.0,1,500,1,25,0.49919639702153074,1.6718505492743434,False,0.42640143271122083,False,False,ess_below_floor;particle_diversity_below_floor
20260804_ER_Oxidative_Replicate4.xpt,D11,rfu,22,0,0.95,0.22727272727272727,84.63724127315008,-7.6826243066089095,0.882061280557097,21,3,1.000000000000004,500.0,500.0,1,500,1,25,0.49919639702153074,1.6718505492743434,False,0.42640143271122083,False,False,ess_below_floor;particle_diversity_below_floor
20260804_ER_Oxidative_Replicate4.xpt,D12,od,22,0,0.95,0.0,204.56761220425804,-11.631035447023077,0.6936349469785565,21,3,1.0000001296982992,500.0,500.0,1,500,1,25,0.49919639702153074,1.6718505492743434,False,0.42640143271122083,False,False,ess_below_floor;particle_diversity_below_floor
20260804_ER_Oxidative_Replicate4.xpt,D12,rfu,22,0,0.95,0.13636363636363635,47.93378701542813,1.9872150610992003,0.9258283188723173,21,3,1.0000001296982992,500.0,500.0,1,500,1,25,0.49919639702153074,1.6718505492743434,False,0.42640143271122083,False,False,ess_below_floor;particle_diversity_below_floor
20260804_ER_Oxidative_Replicate4.xpt,D2,od,22,0,0.95,0.3181818181818182,37.059986380674204,-3.438661739779285,0.43199627863072065,21,3,1.3752276853672776,256.5832630247935,256.5832630247935,4,500,1,21,0.49919639702153074,1.6718505492743434,False,0.42640143271122083,False,False,ess_below_floor
20260804_ER_Oxidative_Replicate4.xpt,D2,rfu,22,0,0.95,0.6363636363636364,3.689434110516432,-1.5361133171288002,0.48303681011358734,21,3,1.3752276853672776,256.5832630247935,256.5832630247935,4,500,1,21,0.49919639702153074,1.6718505492743434,False,0.42640143271122083,False,False,ess_below_floor
20260804_ER_Oxidative_Replicate4.xpt,D3,od,22,0,0.95,0.09090909090909091,124.43624859411283,-9.154846929942833,0.5150591742347188,21,3,1.0,500.0,500.0,1,500,1,25,0.49919639702153074,1.6718505492743434,False,0.42640143271122083,False,False,ess_below_floor;particle_diversity_below_floor
20260804_ER_Oxidative_Replicate4.xpt,D3,rfu,22,0,0.95,0.4090909090909091,5.408288274724469,-0.7234202911457724,0.8964862986077916,21,3,1.0,500.0,500.0,1,500,1,25,0.49919639702153074,1.6718505492743434,False,0.42640143271122083,False,False,ess_below_floor;particle_diversity_below_floor
20260804_ER_Oxidative_Replicate4.xpt,D4,od,22,0,0.95,0.3181818181818182,45.95978665402519,-3.334803126687938,0.625225978470309,21,3,1.0000089648144213,411.6133693024262,250.72342368265814,1,500,1,23,0.49919639702153074,1.6718505492743434,False,0.42640143271122083,False,False,ess_below_floor;particle_diversity_below_floor
20260804_ER_Oxidative_Replicate4.xpt,D4,rfu,22,0,0.95,0.5,19.169365556711213,3.148191168527147,0.8533274365169677,21,3,1.0000089648144213,411.6133693024262,250.72342368265814,1,500,1,23,0.49919639702153074,1.6718505492743434,False,0.42640143271122083,False,False,ess_below_floor;particle_diversity_below_floor
20260804_ER_Oxidative_Replicate4.xpt,D5,od,22,0,0.95,0.045454545454545456,207.36931867123175,-10.26531357516705,0.8369664398152112,21,3,1.0087469043659378,360.02675360197196,360.02675360197196,2,500,1,23,0.49919639702153074,1.6718505492743434,False,0.42640143271122083,False,False,ess_below_floor
20260804_ER_Oxidative_Replicate4.xpt,D5,rfu,22,0,0.95,0.45454545454545453,4.503432908450064,-1.4674436882798174,0.46914630543590846,21,3,1.0087469043659378,360.02675360197196,360.02675360197196,2,500,1,23,0.49919639702153074,1.6718505492743434,False,0.42640143271122083,False,False,ess_below_floor
20260804_ER_Oxidative_Replicate4.xpt,D6,od,22,0,0.95,0.045454545454545456,200.1212462590681,-10.773663832349934,0.7320537667933846,21,3,1.0000361406173521,343.5170661665943,343.5170661665943,1,500,1,24,0.49919639702153074,1.6718505492743434,False,0.42640143271122083,False,False,ess_below_floor;particle_diversity_below_floor
20260804_ER_Oxidative_Replicate4.xpt,D6,rfu,22,0,0.95,0.2727272727272727,10.875776315418813,2.9615598661836646,0.8175641746670924,21,3,1.0000361406173521,343.5170661665943,343.5170661665943,1,500,1,24,0.49919639702153074,1.6718505492743434,False,0.42640143271122083,False,False,ess_below_floor;particle_diversity_below_floor
20260804_ER_Oxidative_Replicate4.xpt,D7,od,22,0,0.95,0.045454545454545456,459.6003914335684,-16.84699101600663,0.8023236607897895,21,3,1.0725888051271888,261.6155893063618,261.6155893063618,2,500,1,24,0.49919639702153074,1.6718505492743434,False,0.42640143271122083,False,False,ess_below_floor
20260804_ER_Oxidative_Replicate4.xpt,D7,rfu,22,0,0.95,0.13636363636363635,54.30558419654046,-4.286648621915675,0.8498262166226046,21,3,1.0725888051271888,261.6155893063618,261.6155893063618,2,500,1,24,0.49919639702153074,1.6718505492743434,False,0.42640143271122083,False,False,ess_below_floor
20260804_ER_Oxidative_Replicate4.xpt,D8,od,22,0,0.95,0.09090909090909091,150.1190513720627,-9.78213289441282,0.4946715810205703,21,3,1.0267572234733298,500.0,500.0,7,500,1,25,0.49919639702153074,1.6718505492743434,False,0.42640143271122083,False,False,ess_below_floor
20260804_ER_Oxidative_Replicate4.xpt,D8,rfu,22,0,0.95,0.36363636363636365,18.76190693846809,1.667938538118301,0.9142124915290832,21,3,1.0267572234733298,500.0,500.0,7,500,1,25,0.49919639702153074,1.6718505492743434,False,0.42640143271122083,False,False,ess_below_floor
20260804_ER_Oxidative_Replicate4.xpt,D9,od,22,0,0.95,0.045454545454545456,352.0712998970398,-14.778456366847722,0.7946209776430685,21,3,1.0039760726145768,372.57820420223914,372.57820420223914,2,500,1,24,0.49919639702153074,1.6718505492743434,False,0.42640143271122083,False,False,ess_below_floor
20260804_ER_Oxidative_Replicate4.xpt,D9,rfu,22,0,0.95,0.22727272727272727,24.117276228898177,-3.369808144821961,0.8653519872622315,21,3,1.0039760726145768,372.57820420223914,372.57820420223914,2,500,1,24,0.49919639702153074,1.6718505492743434,False,0.42640143271122083,False,False,ess_below_floor
20260804_ER_Oxidative_Replicate4.xpt,E1,od,22,0,0.95,0.0,732.3705487476432,-23.939818158361337,0.7260447226872347,21,3,1.0095417281756942,320.03946697932605,320.03946697932605,3,500,1,24,0.49919639702153074,1.6718505492743434,False,0.42640143271122083,False,False,ess_below_floor
20260804_ER_Oxidative_Replicate4.xpt,E1,rfu,22,0,0.95,0.0,77.27610889632545,-8.428187999381851,0.804700337267937,21,3,1.0095417281756942,320.03946697932605,320.03946697932605,3,500,1,24,0.49919639702153074,1.6718505492743434,False,0.42640143271122083,False,False,ess_below_floor
20260804_ER_Oxidative_Replicate4.xpt,E10,od,22,0,0.95,0.18181818181818182,38.8525316540045,-2.0556815098405674,0.8275530177589985,21,3,1.0013550379304899,320.0009802961818,320.0009802961818,2,500,1,24,0.49919639702153074,1.6718505492743434,False,0.42640143271122083,False,False,ess_below_floor
20260804_ER_Oxidative_Replicate4.xpt,E10,rfu,22,0,0.95,0.0,77.1900919483105,8.310557848554536,0.44099090844882327,21,3,1.0013550379304899,320.0009802961818,320.0009802961818,2,500,1,24,0.49919639702153074,1.6718505492743434,False,0.42640143271122083,False,False,ess_below_floor
20260804_ER_Oxidative_Replicate4.xpt,E11,od,22,0,0.95,0.09090909090909091,112.29163929571604,-4.996888238634724,0.7868076221187766,21,3,1.0001980763737182,283.55358890859986,283.55358890859986,1,500,1,24,0.49919639702153074,1.6718505492743434,False,0.42640143271122083,False,False,ess_below_floor;particle_diversity_below_floor
20260804_ER_Oxidative_Replicate4.xpt,E11,rfu,22,0,0.95,0.09090909090909091,24.237850130445203,4.65926279737142,0.4011226534280222,21,3,1.0001980763737182,283.55358890859986,283.55358890859986,1,500,1,24,0.49919639702153074,1.6718505492743434,False,0.42640143271122083,True,False,ess_below_floor;particle_diversity_below_floor
20260804_ER_Oxidative_Replicate4.xpt,E12,od,22,0,0.95,0.045454545454545456,351.07663414789613,-15.99368381867334,0.5654950790961516,21,3,1.0053213517617816,325.3164516662861,325.3164516662861,2,500,1,24,0.49919639702153074,1.6718505492743434,False,0.42640143271122083,False,False,ess_below_floor
20260804_ER_Oxidative_Replicate4.xpt,E12,rfu,22,0,0.95,0.2727272727272727,24.573820931078032,-4.001011375637116,0.6912326638942909,21,3,1.0053213517617816,325.3164516662861,325.3164516662861,2,500,1,24,0.49919639702153074,1.6718505492743434,False,0.42640143271122083,False,False,ess_below_floor
20260804_ER_Oxidative_Replicate4.xpt,E2,od,22,0,0.95,0.045454545454545456,201.80244982690692,-11.86698570292341,0.7735622073079497,21,3,1.0149481761834738,500.0,500.0,3,500,1,25,0.49919639702153074,1.6718505492743434,False,0.42640143271122083,False,False,ess_below_floor
20260804_ER_Oxidative_Replicate4.xpt,E2,rfu,22,0,0.95,0.3181818181818182,6.029960467980673,-1.3617971422818316,0.8683970631209836,21,3,1.0149481761834738,500.0,500.0,3,500,1,25,0.49919639702153074,1.6718505492743434,False,0.42640143271122083,False,False,ess_below_floor
20260804_ER_Oxidative_Replicate4.xpt,E3,od,22,0,0.95,0.4090909090909091,12.720606588167788,-1.9283180139862681,0.21958070206708896,21,3,1.1152027586679396,284.2240631258027,284.2240631258027,3,500,1,22,0.49919639702153074,1.6718505492743434,False,0.42640143271122083,True,False,ess_below_floor
20260804_ER_Oxidative_Replicate4.xpt,E3,rfu,22,0,0.95,0.5454545454545454,11.880989021433374,2.093990206172611,0.8966144399680703,21,3,1.1152027586679396,284.2240631258027,284.2240631258027,3,500,1,22,0.49919639702153074,1.6718505492743434,False,0.42640143271122083,False,False,ess_below_floor
20260804_ER_Oxidative_Replicate4.xpt,E4,od,22,0,0.95,0.4090909090909091,9.599320903673082,-2.0785943526826944,0.4578305986769216,21,3,2.1021843122016204,293.8552717507062,293.8552717507062,6,500,1,20,0.49919639702153074,1.6718505492743434,False,0.42640143271122083,False,False,ess_below_floor
20260804_ER_Oxidative_Replicate4.xpt,E4,rfu,22,0,0.95,0.6363636363636364,4.832538474280547,1.2060038452764834,0.8892995925423341,21,3,2.1021843122016204,293.8552717507062,293.8552717507062,6,500,1,20,0.49919639702153074,1.6718505492743434,False,0.42640143271122083,False,False,ess_below_floor
20260804_ER_Oxidative_Replicate4.xpt,E5,od,22,0,0.95,0.0,138.8703968796603,-8.613414818012668,0.7666610445775485,21,3,1.000000000000039,335.0258113607176,335.0258113607176,1,500,1,24,0.49919639702153074,1.6718505492743434,False,0.42640143271122083,False,False,ess_below_floor;particle_diversity_below_floor
20260804_ER_Oxidative_Replicate4.xpt,E5,rfu,22,0,0.95,0.5909090909090909,9.926114725219833,1.6389777526091058,0.8706646774750036,21,3,1.000000000000039,335.0258113607176,335.0258113607176,1,500,1,24,0.49919639702153074,1.6718505492743434,False,0.42640143271122083,False,False,ess_below_floor;particle_diversity_below_floor
20260804_ER_Oxidative_Replicate4.xpt,E6,od,22,0,0.95,0.045454545454545456,151.4663586571123,-9.282167470145268,0.7486539009407077,21,3,1.0104487747523998,363.9494455434722,363.9494455434722,2,500,1,24,0.49919639702153074,1.6718505492743434,False,0.42640143271122083,False,False,ess_below_floor
20260804_ER_Oxidative_Replicate4.xpt,E6,rfu,22,0,0.95,0.45454545454545453,6.294664933678984,-1.44183110291419,0.6386432091472576,21,3,1.0104487747523998,363.9494455434722,363.9494455434722,2,500,1,24,0.49919639702153074,1.6718505492743434,False,0.42640143271122083,False,False,ess_below_floor
20260804_ER_Oxidative_Replicate4.xpt,E7,od,22,0,0.95,0.09090909090909091,90.48512472673787,-6.997487348707912,0.8943250286134719,21,3,1.1102851951358517,284.59966342825373,284.59966342825373,4,500,1,22,0.49919639702153074,1.6718505492743434,False,0.42640143271122083,False,False,ess_below_floor
20260804_ER_Oxidative_Replicate4.xpt,E7,rfu,22,0,0.95,0.7272727272727273,2.4085282302370397,-0.08375148099221212,0.28931190467633167,21,3,1.1102851951358517,284.59966342825373,284.59966342825373,4,500,1,22,0.49919639702153074,1.6718505492743434,False,0.42640143271122083,True,False,ess_below_floor
20260804_ER_Oxidative_Replicate4.xpt,E8,od,22,0,0.95,0.0,188.75165506954028,-6.292436074655881,0.7965457080212957,21,3,1.0002221304036223,500.0,500.0,1,500,1,25,0.49919639702153074,1.6718505492743434,False,0.42640143271122083,False,False,ess_below_floor;particle_diversity_below_floor
20260804_ER_Oxidative_Replicate4.xpt,E8,rfu,22,0,0.95,0.045454545454545456,42.12855036517667,6.206144399986329,0.750524054517237,21,3,1.0002221304036223,500.0,500.0,1,500,1,25,0.49919639702153074,1.6718505492743434,False,0.42640143271122083,False,False,ess_below_floor;particle_diversity_below_floor
20260804_ER_Oxidative_Replicate4.xpt,E9,od,22,0,0.95,0.13636363636363635,145.06198829072463,-9.943838914585012,0.7343494201689647,21,3,1.0017919581884487,500.0,261.372253672016,1,500,1,24,0.49919639702153074,1.6718505492743434,False,0.42640143271122083,False,False,ess_below_floor;particle_diversity_below_floor
20260804_ER_Oxidative_Replicate4.xpt,E9,rfu,22,0,0.95,0.7272727272727273,3.512434431597075,0.6552103566543567,0.6994438418328757,21,3,1.0017919581884487,500.0,261.372253672016,1,500,1,24,0.49919639702153074,1.6718505492743434,False,0.42640143271122083,False,False,ess_below_floor;particle_diversity_below_floor
20260804_ER_Oxidative_Replicate4.xpt,F1,od,22,0,0.95,0.2727272727272727,11.706887169792367,-2.902584335384066,0.8581151745273685,21,3,2.239941538720573,253.48568470771286,253.48568470771286,7,500,1,22,0.49919639702153074,1.6718505492743434,False,0.42640143271122083,False,False,ess_below_floor
20260804_ER_Oxidative_Replicate4.xpt,F1,rfu,22,0,0.95,0.9545454545454546,1.7121860312589687,0.37024103249691476,0.7857215353097016,21,3,2.239941538720573,253.48568470771286,253.48568470771286,7,500,1,22,0.49919639702153074,1.6718505492743434,False,0.42640143271122083,False,False,ess_below_floor
20260804_ER_Oxidative_Replicate4.xpt,F10,od,22,0,0.95,0.0,303.427962859055,-16.205211784347835,0.6150560881309567,21,3,1.0230231734225104,500.0,500.0,2,500,1,25,0.49919639702153074,1.6718505492743434,False,0.42640143271122083,False,False,ess_below_floor
20260804_ER_Oxidative_Replicate4.xpt,F10,rfu,22,0,0.95,0.0,587.5543063755872,-23.17557758355808,0.7884656528901764,21,3,1.0230231734225104,500.0,500.0,2,500,1,25,0.49919639702153074,1.6718505492743434,False,0.42640143271122083,False,False,ess_below_floor
20260804_ER_Oxidative_Replicate4.xpt,F11,od,22,0,0.95,0.09090909090909091,371.97797788462555,-16.222908788739023,0.7616392750421856,21,3,1.000866245261413,500.0,500.0,1,500,1,25,0.49919639702153074,1.6718505492743434,False,0.42640143271122083,False,False,ess_below_floor;particle_diversity_below_floor
20260804_ER_Oxidative_Replicate4.xpt,F11,rfu,22,0,0.95,0.0,422.7438198239273,-19.60966574143854,0.8062830118311174,21,3,1.000866245261413,500.0,500.0,1,500,1,25,0.49919639702153074,1.6718505492743434,False,0.42640143271122083,False,False,ess_below_floor;particle_diversity_below_floor
20260804_ER_Oxidative_Replicate4.xpt,F12,od,22,0,0.95,0.045454545454545456,349.92075627299096,-17.14009695946274,0.7237091187498552,21,3,1.0107197219520188,500.0,500.0,2,500,1,25,0.49919639702153074,1.6718505492743434,False,0.42640143271122083,False,False,ess_below_floor
20260804_ER_Oxidative_Replicate4.xpt,F12,rfu,22,0,0.95,0.0,493.2259051645755,-21.198320918636743,0.8392699631981348,21,3,1.0107197219520188,500.0,500.0,2,500,1,25,0.49919639702153074,1.6718505492743434,False,0.42640143271122083,False,False,ess_below_floor
20260804_ER_Oxidative_Replicate4.xpt,F2,od,22,0,0.95,0.0,818.6979828395141,-25.76754659243029,0.7497646493884896,21,3,1.003152561613121,500.0,500.0,1,500,1,25,0.49919639702153074,1.6718505492743434,False,0.42640143271122083,False,False,ess_below_floor;particle_diversity_below_floor
20260804_ER_Oxidative_Replicate4.xpt,F2,rfu,22,0,0.95,0.09090909090909091,247.2080872429756,9.573649464342893,0.9229693621301983,21,3,1.003152561613121,500.0,500.0,1,500,1,25,0.49919639702153074,1.6718505492743434,False,0.42640143271122083,False,False,ess_below_floor;particle_diversity_below_floor
20260804_ER_Oxidative_Replicate4.xpt,F3,od,22,0,0.95,0.13636363636363635,60.754519275448914,-6.428726948650918,0.5901589151653037,21,3,1.1727590989957053,500.0,500.0,9,500,1,25,0.49919639702153074,1.6718505492743434,False,0.42640143271122083,False,False,ess_below_floor
20260804_ER_Oxidative_Replicate4.xpt,F3,rfu,22,0,0.95,0.6818181818181818,2.912648038034111,0.3032640402125919,0.7682380272017106,21,3,1.1727590989957053,500.0,500.0,9,500,1,25,0.49919639702153074,1.6718505492743434,False,0.42640143271122083,False,False,ess_below_floor
20260804_ER_Oxidative_Replicate4.xpt,F4,od,22,0,0.95,0.0,631.9916203330699,-22.83218081199667,0.7763666553237543,21,3,1.0067575720648052,500.0,500.0,3,500,1,25,0.49919639702153074,1.6718505492743434,False,0.42640143271122083,False,False,ess_below_floor
20260804_ER_Oxidative_Replicate4.xpt,F4,rfu,22,0,0.95,0.045454545454545456,39.51196009915509,-5.539632055579984,0.8717011291268476,21,3,1.0067575720648052,500.0,500.0,3,500,1,25,0.49919639702153074,1.6718505492743434,False,0.42640143271122083,False,False,ess_below_floor
20260804_ER_Oxidative_Replicate4.xpt,F5,od,22,0,0.95,0.045454545454545456,443.48106950070155,-18.212418721062104,0.8498704505297431,21,3,1.0001416030640855,310.1457394963048,310.1457394963048,1,500,1,24,0.49919639702153074,1.6718505492743434,False,0.42640143271122083,False,False,ess_below_floor;particle_diversity_below_floor
20260804_ER_Oxidative_Replicate4.xpt,F5,rfu,22,0,0.95,0.22727272727272727,28.296082375424035,1.4934830041187759,0.8976451216549673,21,3,1.0001416030640855,310.1457394963048,310.1457394963048,1,500,1,24,0.49919639702153074,1.6718505492743434,False,0.42640143271122083,False,False,ess_below_floor;particle_diversity_below_floor
20260804_ER_Oxidative_Replicate4.xpt,F6,od,22,0,0.95,0.045454545454545456,341.04954937586433,-15.482076495839403,0.7627787189178699,21,3,1.0000840735681804,305.27678507841733,305.27678507841733,1,500,1,24,0.49919639702153074,1.6718505492743434,False,0.42640143271122083,False,False,ess_below_floor;particle_diversity_below_floor
20260804_ER_Oxidative_Replicate4.xpt,F6,rfu,22,0,0.95,0.18181818181818182,54.2685956703482,2.7272175423497216,0.9068556269241509,21,3,1.0000840735681804,305.27678507841733,305.27678507841733,1,500,1,24,0.49919639702153074,1.6718505492743434,False,0.42640143271122083,False,False,ess_below_floor;particle_diversity_below_floor
20260804_ER_Oxidative_Replicate4.xpt,F7,od,22,0,0.95,0.045454545454545456,509.2351658175421,-19.22489605578681,0.7852757073002385,21,3,1.0294827279556913,500.0,500.0,4,500,1,25,0.49919639702153074,1.6718505492743434,False,0.42640143271122083,False,False,ess_below_floor
20260804_ER_Oxidative_Replicate4.xpt,F7,rfu,22,0,0.95,0.0,525.7661422168101,-21.734030125424415,0.7928237169396453,21,3,1.0294827279556913,500.0,500.0,4,500,1,25,0.49919639702153074,1.6718505492743434,False,0.42640143271122083,False,False,ess_below_floor
20260804_ER_Oxidative_Replicate4.xpt,F8,od,22,0,0.95,0.09090909090909091,516.7808501010143,-19.878099668489146,0.8081131435315153,21,3,1.0317808403197921,308.6488918033226,308.6488918033226,3,500,1,24,0.49919639702153074,1.6718505492743434,False,0.42640143271122083,False,False,ess_below_floor
20260804_ER_Oxidative_Replicate4.xpt,F8,rfu,22,0,0.95,0.0,651.4273366762426,-24.777875412405116,0.7622330125238178,21,3,1.0317808403197921,308.6488918033226,308.6488918033226,3,500,1,24,0.49919639702153074,1.6718505492743434,False,0.42640143271122083,False,False,ess_below_floor
20260804_ER_Oxidative_Replicate4.xpt,F9,od,22,0,0.95,0.045454545454545456,446.7168420392532,-17.983341132327578,0.8087130315143044,21,3,1.030511941892742,500.0,500.0,4,500,1,25,0.49919639702153074,1.6718505492743434,False,0.42640143271122083,False,False,ess_below_floor
20260804_ER_Oxidative_Replicate4.xpt,F9,rfu,22,0,0.95,0.0,560.2978591106984,-22.572906562975323,0.7936183595447325,21,3,1.030511941892742,500.0,500.0,4,500,1,25,0.49919639702153074,1.6718505492743434,False,0.42640143271122083,False,False,ess_below_floor
20260804_ER_Oxidative_Replicate4.xpt,G1,od,22,0,0.95,0.045454545454545456,139.79457233313326,-10.167179764130761,0.7878542094481137,21,3,1.0308479982653838,500.0,500.0,3,500,1,25,0.49919639702153074,1.6718505492743434,False,0.42640143271122083,False,False,ess_below_floor
20260804_ER_Oxidative_Replicate4.xpt,G1,rfu,22,0,0.95,0.13636363636363635,29.910114935119058,3.03043298835388,0.8939670342370319,21,3,1.0308479982653838,500.0,500.0,3,500,1,25,0.49919639702153074,1.6718505492743434,False,0.42640143271122083,False,False,ess_below_floor
20260804_ER_Oxidative_Replicate4.xpt,G10,od,22,0,0.95,0.13636363636363635,188.04292454426843,-11.123489923888792,0.8380018606813254,21,3,1.0033164350394033,500.0,500.0,2,500,1,25,0.49919639702153074,1.6718505492743434,False,0.42640143271122083,False,False,ess_below_floor
20260804_ER_Oxidative_Replicate4.xpt,G10,rfu,22,0,0.95,0.0,495.5357368784352,-21.672856469246337,0.7509776838806473,21,3,1.0033164350394033,500.0,500.0,2,500,1,25,0.49919639702153074,1.6718505492743434,False,0.42640143271122083,False,False,ess_below_floor
20260804_ER_Oxidative_Replicate4.xpt,G11,od,22,0,0.95,0.09090909090909091,57.066214978080666,-6.661881618473905,0.6998486117035315,21,3,1.1321719636311218,500.0,500.0,8,500,1,25,0.49919639702153074,1.6718505492743434,False,0.42640143271122083,False,False,ess_below_floor
20260804_ER_Oxidative_Replicate4.xpt,G11,rfu,22,0,0.95,0.0,436.1446083388335,-20.367984269348213,0.7544447433294366,21,3,1.1321719636311218,500.0,500.0,8,500,1,25,0.49919639702153074,1.6718505492743434,False,0.42640143271122083,False,False,ess_below_floor
20260804_ER_Oxidative_Replicate4.xpt,G12,od,22,0,0.95,0.36363636363636365,15.77372245270314,-2.927792486967298,0.654122848881735,21,3,1.2620417165844577,333.17200959001923,333.17200959001923,9,500,1,23,0.49919639702153074,1.6718505492743434,False,0.42640143271122083,False,False,ess_below_floor
20260804_ER_Oxidative_Replicate4.xpt,G12,rfu,22,0,0.95,0.0,598.3621013180463,-24.092966528698216,0.716342429885562,21,3,1.2620417165844577,333.17200959001923,333.17200959001923,9,500,1,23,0.49919639702153074,1.6718505492743434,False,0.42640143271122083,False,False,ess_below_floor
20260804_ER_Oxidative_Replicate4.xpt,G2,od,22,0,0.95,0.045454545454545456,40.545824249126014,-5.502069322294428,0.511998142653847,21,3,1.1638033943781614,500.0,500.0,5,500,1,25,0.49919639702153074,1.6718505492743434,False,0.42640143271122083,False,False,ess_below_floor
20260804_ER_Oxidative_Replicate4.xpt,G2,rfu,22,0,0.95,0.7272727272727273,3.0576274997680737,-0.7134817362249823,0.5503425911097094,21,3,1.1638033943781614,500.0,500.0,5,500,1,25,0.49919639702153074,1.6718505492743434,False,0.42640143271122083,False,False,ess_below_floor
20260804_ER_Oxidative_Replicate4.xpt,G3,od,22,0,0.95,0.13636363636363635,59.70768097725784,-6.007982083745498,0.7252351407701437,21,3,1.578452042400566,256.14986614955916,256.14986614955916,8,500,1,23,0.49919639702153074,1.6718505492743434,False,0.42640143271122083,False,False,ess_below_floor
20260804_ER_Oxidative_Replicate4.xpt,G3,rfu,22,0,0.95,0.3181818181818182,5.904016529239561,2.0728625565095053,0.6925210381074133,21,3,1.578452042400566,256.14986614955916,256.14986614955916,8,500,1,23,0.49919639702153074,1.6718505492743434,False,0.42640143271122083,False,False,ess_below_floor
20260804_ER_Oxidative_Replicate4.xpt,G4,od,22,0,0.95,0.045454545454545456,319.026974105555,-14.942696736175598,0.7275849516760012,21,3,1.0000542030058452,500.0,500.0,1,500,1,25,0.49919639702153074,1.6718505492743434,False,0.42640143271122083,False,False,ess_below_floor;particle_diversity_below_floor
20260804_ER_Oxidative_Replicate4.xpt,G4,rfu,22,0,0.95,0.13636363636363635,72.4486607262989,4.942248656175799,0.895282869756023,21,3,1.0000542030058452,500.0,500.0,1,500,1,25,0.49919639702153074,1.6718505492743434,False,0.42640143271122083,False,False,ess_below_floor;particle_diversity_below_floor
20260804_ER_Oxidative_Replicate4.xpt,G5,od,22,0,0.95,0.045454545454545456,750.6150126852993,-24.48480673960013,0.7505327237359154,21,3,1.1268309467604856,500.0,500.0,4,500,1,25,0.49919639702153074,1.6718505492743434,False,0.42640143271122083,False,False,ess_below_floor
20260804_ER_Oxidative_Replicate4.xpt,G5,rfu,22,0,0.95,0.0,73.33059824821652,-8.192925795987033,0.78420030978952,21,3,1.1268309467604856,500.0,500.0,4,500,1,25,0.49919639702153074,1.6718505492743434,False,0.42640143271122083,False,False,ess_below_floor
20260804_ER_Oxidative_Replicate4.xpt,G6,od,22,0,0.95,0.045454545454545456,280.58941007858374,-14.4662018541768,0.7431678128119754,21,3,1.007149959532004,500.0,500.0,2,500,1,25,0.49919639702153074,1.6718505492743434,False,0.42640143271122083,False,False,ess_below_floor
20260804_ER_Oxidative_Replicate4.xpt,G6,rfu,22,0,0.95,0.5454545454545454,5.417090502854704,-1.9418060565140316,0.579081532618678,21,3,1.007149959532004,500.0,500.0,2,500,1,25,0.49919639702153074,1.6718505492743434,False,0.42640143271122083,False,False,ess_below_floor
20260804_ER_Oxidative_Replicate4.xpt,G7,od,22,0,0.95,0.09090909090909091,606.242164418904,-20.875494831681905,0.828258862602567,21,3,1.0289787531190333,500.0,500.0,2,500,1,25,0.49919639702153074,1.6718505492743434,False,0.42640143271122083,False,False,ess_below_floor
20260804_ER_Oxidative_Replicate4.xpt,G7,rfu,22,0,0.95,0.0,597.1866471802756,-23.66142747539865,0.814002452220712,21,3,1.0289787531190333,500.0,500.0,2,500,1,25,0.49919639702153074,1.6718505492743434,False,0.42640143271122083,False,False,ess_below_floor
20260804_ER_Oxidative_Replicate4.xpt,G8,od,22,0,0.95,0.0,759.8953022962239,-26.245438418829977,0.7534292703537133,21,3,1.0141747124771854,500.0,500.0,2,500,1,25,0.49919639702153074,1.6718505492743434,False,0.42640143271122083,False,False,ess_below_floor
20260804_ER_Oxidative_Replicate4.xpt,G8,rfu,22,0,0.95,0.0,785.7173499665878,-27.421724252083322,0.800565843911163,21,3,1.0141747124771854,500.0,500.0,2,500,1,25,0.49919639702153074,1.6718505492743434,False,0.42640143271122083,False,False,ess_below_floor
20260804_ER_Oxidative_Replicate4.xpt,G9,od,22,0,0.95,0.045454545454545456,133.74494402836297,-9.193375806149488,0.7609633038648802,21,3,1.0106333833488161,500.0,500.0,3,500,1,25,0.49919639702153074,1.6718505492743434,False,0.42640143271122083,False,False,ess_below_floor
20260804_ER_Oxidative_Replicate4.xpt,G9,rfu,22,0,0.95,0.0,576.6917377834191,-23.351948692986117,0.8042303186336731,21,3,1.0106333833488161,500.0,500.0,3,500,1,25,0.49919639702153074,1.6718505492743434,False,0.42640143271122083,False,False,ess_below_floor
