dataset,split_kind,seed,group_key,within,axis,stratum,group_id,construct,stressor,plate,dose_mM,axis_value,assignment,n_rows,held_out,partition_hash
real_biosensor,extrapolation,0,plate|construct|dose_mM,construct,dose_mM,construct=AlteredYap1,plate=20260722|construct=AlteredYap1|dose_mM=4,AlteredYap1,,20260722,4.0,4,test,3,4,c7eef69d915eff4b598b7b5e91800726a50efc8a8b0c5212932c90e0081170f4
real_biosensor,extrapolation,0,plate|construct|dose_mM,construct,dose_mM,construct=AlteredYap1,plate=20260728|construct=AlteredYap1|dose_mM=4,AlteredYap1,,20260728,4.0,4,test,3,4,c7eef69d915eff4b598b7b5e91800726a50efc8a8b0c5212932c90e0081170f4
real_biosensor,extrapolation,0,plate|construct|dose_mM,construct,dose_mM,construct=AlteredYap1,plate=20260803|construct=AlteredYap1|dose_mM=4,AlteredYap1,,20260803,4.0,4,test,3,4,c7eef69d915eff4b598b7b5e91800726a50efc8a8b0c5212932c90e0081170f4
real_biosensor,extrapolation,0,plate|construct|dose_mM,construct,dose_mM,construct=AlteredYap1,plate=20260804|construct=AlteredYap1|dose_mM=4,AlteredYap1,,20260804,4.0,4,test,3,4,c7eef69d915eff4b598b7b5e91800726a50efc8a8b0c5212932c90e0081170f4
real_biosensor,extrapolation,0,plate|construct|dose_mM,construct,dose_mM,construct=AlteredYap1,plate=20260722|construct=AlteredYap1|dose_mM=0,AlteredYap1,,20260722,0.0,0,train,3,4,c7eef69d915eff4b598b7b5e91800726a50efc8a8b0c5212932c90e0081170f4
real_biosensor,extrapolation,0,plate|construct|dose_mM,construct,dose_mM,construct=AlteredYap1,plate=20260722|construct=AlteredYap1|dose_mM=0.1,AlteredYap1,,20260722,0.1,0.1,train,3,4,c7eef69d915eff4b598b7b5e91800726a50efc8a8b0c5212932c90e0081170f4
real_biosensor,extrapolation,0,plate|construct|dose_mM,construct,dose_mM,construct=AlteredYap1,plate=20260722|construct=AlteredYap1|dose_mM=0.2,AlteredYap1,,20260722,0.2,0.2,train,3,4,c7eef69d915eff4b598b7b5e91800726a50efc8a8b0c5212932c90e0081170f4
real_biosensor,extrapolation,0,plate|construct|dose_mM,construct,dose_mM,construct=AlteredYap1,plate=20260722|construct=AlteredYap1|dose_mM=0.5,AlteredYap1,,20260722,0.5,0.5,train,3,4,c7eef69d915eff4b598b7b5e91800726a50efc8a8b0c5212932c90e0081170f4
real_biosensor,extrapolation,0,plate|construct|dose_mM,construct,dose_mM,construct=AlteredYap1,plate=20260722|construct=AlteredYap1|dose_mM=1,AlteredYap1,,20260722,1.0,1,train,3,4,c7eef69d915eff4b598b7b5e91800726a50efc8a8b0c5212932c90e0081170f4
real_biosensor,extrapolation,0,plate|construct|dose_mM,construct,dose_mM,construct=AlteredYap1,plate=20260722|construct=AlteredYap1|dose_mM=2,AlteredYap1,,20260722,2.0,2,train,3,4,c7eef69d915eff4b598b7b5e91800726a50efc8a8b0c5212932c90e0081170f4
real_biosensor,extrapolation,0,plate|construct|dose_mM,construct,dose_mM,construct=AlteredYap1,plate=20260728|construct=AlteredYap1|dose_mM=0,AlteredYap1,,20260728,0.0,0,train,3,4,c7eef69d915eff4b598b7b5e91800726a50efc8a8b0c5212932c90e0081170f4
real_biosensor,extrapolation,0,plate|construct|dose_mM,construct,dose_mM,construct=AlteredYap1,plate=20260728|construct=AlteredYap1|dose_mM=0.1,AlteredYap1,,20260728,0.1,0.1,train,3,4,c7eef69d915eff4b598b7b5e91800726a50efc8a8b0c5212932c90e0081170f4
real_biosensor,extrapolation,0,plate|construct|dose_mM,construct,dose_mM,construct=AlteredYap1,plate=20260728|construct=AlteredYap1|dose_mM=0.2,AlteredYap1,,20260728,0.2,0.2,train,3,4,c7eef69d915eff4b598b7b5e91800726a50efc8a8b0c5212932c90e0081170f4
real_biosensor,extrapolation,0,plate|construct|dose_mM,construct,dose_mM,construct=AlteredYap1,plate=20260728|construct=AlteredYap1|dose_mM=0.5,AlteredYap1,,20260728,0.5,0.5,train,3,4,c7eef69d915eff4b598b7b5e91800726a50efc8a8b0c5212932c90e0081170f4
real_biosensor,extrapolation,0,plate|construct|dose_mM,construct,dose_mM,construct=AlteredYap1,plate=20260728|construct=AlteredYap1|dose_mM=1,AlteredYap1,,20260728,1.0,1,train,3,4,c7eef69d915eff4b598b7b5e91800726a50efc8a8b0c5212932c90e0081170f4
real_biosensor,extrapolation,0,plate|construct|dose_mM,construct,dose_mM,construct=AlteredYap1,plate=20260728|construct=AlteredYap1|dose_mM=2,AlteredYap1,,20260728,2.0,2,train,3,4,c7eef69d915eff4b598b7b5e91800726a50efc8a8b0c5212932c90e0081170f4
real_biosensor,extrapolation,0,plate|construct|dose_mM,construct,dose_mM,construct=AlteredYap1,plate=20260803|construct=AlteredYap1|dose_mM=0,AlteredYap1,,20260803,0.0,0,train,3,4,c7eef69d915eff4b598b7b5e91800726a50efc8a8b0c5212932c90e0081170f4
real_biosensor,extrapolation,0,plate|construct|dose_mM,construct,dose_mM,construct=AlteredYap1,plate=20260803|construct=AlteredYap1|dose_mM=0.1,AlteredYap1,,20260803,0.1,0.1,train,3,4,c7eef69d915eff4b598b7b5e91800726a50efc8a8b0c5212932c90e0081170f4
real_biosensor,extrapolation,0,plate|construct|dose_mM,construct,dose_mM,construct=AlteredYap1,plate=20260803|construct=AlteredYap1|dose_mM=0.2,AlteredYap1,,20260803,0.2,0.2,train,3,4,c7eef69d915eff4b598b7b5e91800726a50efc8a8b0c5212932c90e0081170f4
real_biosensor,extrapolation,0,plate|construct|dose_mM,construct,dose_mM,construct=AlteredYap1,plate=20260803|construct=AlteredYap1|dose_mM=0.5,AlteredYap1,,20260803,0.5,0.5,train,3,4,c7eef69d915eff4b598b7b5e91800726a50efc8a8b0c5212932c90e0081170f4
real_biosensor,extrapolation,0,plate|construct|dose_mM,construct,dose_mM,construct=AlteredYap1,plate=20260803|construct=AlteredYap1|dose_mM=1,AlteredYap1,,20260803,1.0,1,train,3,4,c7eef69d915eff4b598b7b5e91800726a50efc8a8b0c5212932c90e0081170f4
real_biosensor,extrapolation,0,plate|construct|dose_mM,construct,dose_mM,construct=AlteredYap1,plate=20260803|construct=AlteredYap1|dose_mM=2,AlteredYap1,,20260803,2.0,2,train,3,4,c7eef69d915eff4b598b7b5e91800726a50efc8a8b0c5212932c90e0081170f4
real_biosensor,extrapolation,0,plate|construct|dose_mM,construct,dose_mM,construct=AlteredYap1,plate=20260804|construct=AlteredYap1|dose_mM=0,AlteredYap1,,20260804,0.0,0,train,3,4,c7eef69d915eff4b598b7b5e91800726a50efc8a8b0c5212932c90e0081170f4
real_biosensor,extrapolation,0,plate|construct|dose_mM,construct,dose_mM,construct=AlteredYap1,plate=20260804|construct=AlteredYap1|dose_mM=0.1,AlteredYap1,,20260804,0.1,0.1,train,3,4,c7eef69d915eff4b598b7b5e91800726a50efc8a8b0c5212932c90e0081170f4
real_biosensor,extrapolation,0,plate|construct|dose_mM,construct,dose_mM,construct=AlteredYap1,plate=20260804|construct=AlteredYap1|dose_mM=0.2,AlteredYap1,,20260804,0.2,0.2,train,3,4,c7eef69d915eff4b598b7b5e91800726a50efc8a8b0c5212932c90e0081170f4
real_biosensor,extrapolation,0,plate|construct|dose_mM,construct,dose_mM,construct=AlteredYap1,plate=20260804|construct=AlteredYap1|dose_mM=0.5,AlteredYap1,,20260804,0.5,0.5,train,3,4,c7eef69d915eff4b598b7b5e91800726a50efc8a8b0c5212932c90e0081170f4
real_biosensor,extrapolation,0,plate|construct|dose_mM,construct,dose_mM,construct=AlteredYap1,plate=20260804|construct=AlteredYap1|dose_mM=1,AlteredYap1,,20260804,1.0,1,train,3,4,c7eef69d915eff4b598b7b5e91800726a50efc8a8b0c5212932c90e0081170f4
real_biosensor,extrapolation,0,plate|construct|dose_mM,construct,dose_mM,construct=AlteredYap1,plate=20260804|construct=AlteredYap1|dose_mM=2,AlteredYap1,,20260804,2.0,2,train,3,4,c7eef69d915eff4b598b7b5e91800726a50efc8a8b0c5212932c90e0081170f4
real_biosensor,extrapolation,0,plate|construct|dose_mM,construct,dose_mM,construct=NativeYap1,plate=20260722|construct=NativeYap1|dose_mM=4,NativeYap1,,20260722,4.0,4,test,3,4,c7eef69d915eff4b598b7b5e91800726a50efc8a8b0c5212932c90e0081170f4
real_biosensor,extrapolation,0,plate|construct|dose_mM,construct,dose_mM,construct=NativeYap1,plate=20260728|construct=NativeYap1|dose_mM=4,NativeYap1,,20260728,4.0,4,test,3,4,c7eef69d915eff4b598b7b5e91800726a50efc8a8b0c5212932c90e0081170f4
real_biosensor,extrapolation,0,plate|construct|dose_mM,construct,dose_mM,construct=NativeYap1,plate=20260803|construct=NativeYap1|dose_mM=4,NativeYap1,,20260803,4.0,4,test,3,4,c7eef69d915eff4b598b7b5e91800726a50efc8a8b0c5212932c90e0081170f4
real_biosensor,extrapolation,0,plate|construct|dose_mM,construct,dose_mM,construct=NativeYap1,plate=20260804|construct=NativeYap1|dose_mM=4,NativeYap1,,20260804,4.0,4,test,3,4,c7eef69d915eff4b598b7b5e91800726a50efc8a8b0c5212932c90e0081170f4
real_biosensor,extrapolation,0,plate|construct|dose_mM,construct,dose_mM,construct=NativeYap1,plate=20260722|construct=NativeYap1|dose_mM=0,NativeYap1,,20260722,0.0,0,train,3,4,c7eef69d915eff4b598b7b5e91800726a50efc8a8b0c5212932c90e0081170f4
real_biosensor,extrapolation,0,plate|construct|dose_mM,construct,dose_mM,construct=NativeYap1,plate=20260722|construct=NativeYap1|dose_mM=0.1,NativeYap1,,20260722,0.1,0.1,train,3,4,c7eef69d915eff4b598b7b5e91800726a50efc8a8b0c5212932c90e0081170f4
real_biosensor,extrapolation,0,plate|construct|dose_mM,construct,dose_mM,construct=NativeYap1,plate=20260722|construct=NativeYap1|dose_mM=0.2,NativeYap1,,20260722,0.2,0.2,train,3,4,c7eef69d915eff4b598b7b5e91800726a50efc8a8b0c5212932c90e0081170f4
real_biosensor,extrapolation,0,plate|construct|dose_mM,construct,dose_mM,construct=NativeYap1,plate=20260722|construct=NativeYap1|dose_mM=0.5,NativeYap1,,20260722,0.5,0.5,train,3,4,c7eef69d915eff4b598b7b5e91800726a50efc8a8b0c5212932c90e0081170f4
real_biosensor,extrapolation,0,plate|construct|dose_mM,construct,dose_mM,construct=NativeYap1,plate=20260722|construct=NativeYap1|dose_mM=1,NativeYap1,,20260722,1.0,1,train,3,4,c7eef69d915eff4b598b7b5e91800726a50efc8a8b0c5212932c90e0081170f4
real_biosensor,extrapolation,0,plate|construct|dose_mM,construct,dose_mM,construct=NativeYap1,plate=20260722|construct=NativeYap1|dose_mM=2,NativeYap1,,20260722,2.0,2,train,3,4,c7eef69d915eff4b598b7b5e91800726a50efc8a8b0c5212932c90e0081170f4
real_biosensor,extrapolation,0,plate|construct|dose_mM,construct,dose_mM,construct=NativeYap1,plate=20260728|construct=NativeYap1|dose_mM=0,NativeYap1,,20260728,0.0,0,train,3,4,c7eef69d915eff4b598b7b5e91800726a50efc8a8b0c5212932c90e0081170f4
real_biosensor,extrapolation,0,plate|construct|dose_mM,construct,dose_mM,construct=NativeYap1,plate=20260728|construct=NativeYap1|dose_mM=0.1,NativeYap1,,20260728,0.1,0.1,train,3,4,c7eef69d915eff4b598b7b5e91800726a50efc8a8b0c5212932c90e0081170f4
real_biosensor,extrapolation,0,plate|construct|dose_mM,construct,dose_mM,construct=NativeYap1,plate=20260728|construct=NativeYap1|dose_mM=0.2,NativeYap1,,20260728,0.2,0.2,train,3,4,c7eef69d915eff4b598b7b5e91800726a50efc8a8b0c5212932c90e0081170f4
real_biosensor,extrapolation,0,plate|construct|dose_mM,construct,dose_mM,construct=NativeYap1,plate=20260728|construct=NativeYap1|dose_mM=0.5,NativeYap1,,20260728,0.5,0.5,train,3,4,c7eef69d915eff4b598b7b5e91800726a50efc8a8b0c5212932c90e0081170f4
real_biosensor,extrapolation,0,plate|construct|dose_mM,construct,dose_mM,construct=NativeYap1,plate=20260728|construct=NativeYap1|dose_mM=1,NativeYap1,,20260728,1.0,1,train,3,4,c7eef69d915eff4b598b7b5e91800726a50efc8a8b0c5212932c90e0081170f4
real_biosensor,extrapolation,0,plate|construct|dose_mM,construct,dose_mM,construct=NativeYap1,plate=20260728|construct=NativeYap1|dose_mM=2,NativeYap1,,20260728,2.0,2,train,3,4,c7eef69d915eff4b598b7b5e91800726a50efc8a8b0c5212932c90e0081170f4
real_biosensor,extrapolation,0,plate|construct|dose_mM,construct,dose_mM,construct=NativeYap1,plate=20260803|construct=NativeYap1|dose_mM=0,NativeYap1,,20260803,0.0,0,train,3,4,c7eef69d915eff4b598b7b5e91800726a50efc8a8b0c5212932c90e0081170f4
real_biosensor,extrapolation,0,plate|construct|dose_mM,construct,dose_mM,construct=NativeYap1,plate=20260803|construct=NativeYap1|dose_mM=0.1,NativeYap1,,20260803,0.1,0.1,train,3,4,c7eef69d915eff4b598b7b5e91800726a50efc8a8b0c5212932c90e0081170f4
real_biosensor,extrapolation,0,plate|construct|dose_mM,construct,dose_mM,construct=NativeYap1,plate=20260803|construct=NativeYap1|dose_mM=0.2,NativeYap1,,20260803,0.2,0.2,train,3,4,c7eef69d915eff4b598b7b5e91800726a50efc8a8b0c5212932c90e0081170f4
real_biosensor,extrapolation,0,plate|construct|dose_mM,construct,dose_mM,construct=NativeYap1,plate=20260803|construct=NativeYap1|dose_mM=0.5,NativeYap1,,20260803,0.5,0.5,train,3,4,c7eef69d915eff4b598b7b5e91800726a50efc8a8b0c5212932c90e0081170f4
real_biosensor,extrapolation,0,plate|construct|dose_mM,construct,dose_mM,construct=NativeYap1,plate=20260803|construct=NativeYap1|dose_mM=1,NativeYap1,,20260803,1.0,1,train,3,4,c7eef69d915eff4b598b7b5e91800726a50efc8a8b0c5212932c90e0081170f4
real_biosensor,extrapolation,0,plate|construct|dose_mM,construct,dose_mM,construct=NativeYap1,plate=20260803|construct=NativeYap1|dose_mM=2,NativeYap1,,20260803,2.0,2,train,3,4,c7eef69d915eff4b598b7b5e91800726a50efc8a8b0c5212932c90e0081170f4
real_biosensor,extrapolation,0,plate|construct|dose_mM,construct,dose_mM,construct=NativeYap1,plate=20260804|construct=NativeYap1|dose_mM=0,NativeYap1,,20260804,0.0,0,train,3,4,c7eef69d915eff4b598b7b5e91800726a50efc8a8b0c5212932c90e0081170f4
real_biosensor,extrapolation,0,plate|construct|dose_mM,construct,dose_mM,construct=NativeYap1,plate=20260804|construct=NativeYap1|dose_mM=0.1,NativeYap1,,20260804,0.1,0.1,train,3,4,c7eef69d915eff4b598b7b5e91800726a50efc8a8b0c5212932c90e0081170f4
real_biosensor,extrapolation,0,plate|construct|dose_mM,construct,dose_mM,construct=NativeYap1,plate=20260804|construct=NativeYap1|dose_mM=0.2,NativeYap1,,20260804,0.2,0.2,train,3,4,c7eef69d915eff4b598b7b5e91800726a50efc8a8b0c5212932c90e0081170f4
real_biosensor,extrapolation,0,plate|construct|dose_mM,construct,dose_mM,construct=NativeYap1,plate=20260804|construct=NativeYap1|dose_mM=0.5,NativeYap1,,20260804,0.5,0.5,train,3,4,c7eef69d915eff4b598b7b5e91800726a50efc8a8b0c5212932c90e0081170f4
real_biosensor,extrapolation,0,plate|construct|dose_mM,construct,dose_mM,construct=NativeYap1,plate=20260804|construct=NativeYap1|dose_mM=1,NativeYap1,,20260804,1.0,1,train,3,4,c7eef69d915eff4b598b7b5e91800726a50efc8a8b0c5212932c90e0081170f4
real_biosensor,extrapolation,0,plate|construct|dose_mM,construct,dose_mM,construct=NativeYap1,plate=20260804|construct=NativeYap1|dose_mM=2,NativeYap1,,20260804,2.0,2,train,3,4,c7eef69d915eff4b598b7b5e91800726a50efc8a8b0c5212932c90e0081170f4
real_biosensor,extrapolation,0,plate|construct|dose_mM,construct,dose_mM,construct=UPRE1,plate=20260722|construct=UPRE1|dose_mM=5,UPRE1,,20260722,5.0,5,test,3,5,c7eef69d915eff4b598b7b5e91800726a50efc8a8b0c5212932c90e0081170f4
real_biosensor,extrapolation,0,plate|construct|dose_mM,construct,dose_mM,construct=UPRE1,plate=20260728|construct=UPRE1|dose_mM=5,UPRE1,,20260728,5.0,5,test,3,5,c7eef69d915eff4b598b7b5e91800726a50efc8a8b0c5212932c90e0081170f4
real_biosensor,extrapolation,0,plate|construct|dose_mM,construct,dose_mM,construct=UPRE1,plate=20260803|construct=UPRE1|dose_mM=5,UPRE1,,20260803,5.0,5,test,3,5,c7eef69d915eff4b598b7b5e91800726a50efc8a8b0c5212932c90e0081170f4
real_biosensor,extrapolation,0,plate|construct|dose_mM,construct,dose_mM,construct=UPRE1,plate=20260804|construct=UPRE1|dose_mM=5,UPRE1,,20260804,5.0,5,test,3,5,c7eef69d915eff4b598b7b5e91800726a50efc8a8b0c5212932c90e0081170f4
real_biosensor,extrapolation,0,plate|construct|dose_mM,construct,dose_mM,construct=UPRE1,plate=20260722|construct=UPRE1|dose_mM=0,UPRE1,,20260722,0.0,0,train,3,5,c7eef69d915eff4b598b7b5e91800726a50efc8a8b0c5212932c90e0081170f4
real_biosensor,extrapolation,0,plate|construct|dose_mM,construct,dose_mM,construct=UPRE1,plate=20260722|construct=UPRE1|dose_mM=0.1,UPRE1,,20260722,0.1,0.1,train,3,5,c7eef69d915eff4b598b7b5e91800726a50efc8a8b0c5212932c90e0081170f4
real_biosensor,extrapolation,0,plate|construct|dose_mM,construct,dose_mM,construct=UPRE1,plate=20260722|construct=UPRE1|dose_mM=0.2,UPRE1,,20260722,0.2,0.2,train,3,5,c7eef69d915eff4b598b7b5e91800726a50efc8a8b0c5212932c90e0081170f4
real_biosensor,extrapolation,0,plate|construct|dose_mM,construct,dose_mM,construct=UPRE1,plate=20260722|construct=UPRE1|dose_mM=0.5,UPRE1,,20260722,0.5,0.5,train,3,5,c7eef69d915eff4b598b7b5e91800726a50efc8a8b0c5212932c90e0081170f4
real_biosensor,extrapolation,0,plate|construct|dose_mM,construct,dose_mM,construct=UPRE1,plate=20260722|construct=UPRE1|dose_mM=1,UPRE1,,20260722,1.0,1,train,3,5,c7eef69d915eff4b598b7b5e91800726a50efc8a8b0c5212932c90e0081170f4
real_biosensor,extrapolation,0,plate|construct|dose_mM,construct,dose_mM,construct=UPRE1,plate=20260722|construct=UPRE1|dose_mM=2,UPRE1,,20260722,2.0,2,train,3,5,c7eef69d915eff4b598b7b5e91800726a50efc8a8b0c5212932c90e0081170f4
real_biosensor,extrapolation,0,plate|construct|dose_mM,construct,dose_mM,construct=UPRE1,plate=20260728|construct=UPRE1|dose_mM=0,UPRE1,,20260728,0.0,0,train,3,5,c7eef69d915eff4b598b7b5e91800726a50efc8a8b0c5212932c90e0081170f4
real_biosensor,extrapolation,0,plate|construct|dose_mM,construct,dose_mM,construct=UPRE1,plate=20260728|construct=UPRE1|dose_mM=0.1,UPRE1,,20260728,0.1,0.1,train,3,5,c7eef69d915eff4b598b7b5e91800726a50efc8a8b0c5212932c90e0081170f4
real_biosensor,extrapolation,0,plate|construct|dose_mM,construct,dose_mM,construct=UPRE1,plate=20260728|construct=UPRE1|dose_mM=0.2,UPRE1,,20260728,0.2,0.2,train,3,5,c7eef69d915eff4b598b7b5e91800726a50efc8a8b0c5212932c90e0081170f4
real_biosensor,extrapolation,0,plate|construct|dose_mM,construct,dose_mM,construct=UPRE1,plate=20260728|construct=UPRE1|dose_mM=0.5,UPRE1,,20260728,0.5,0.5,train,3,5,c7eef69d915eff4b598b7b5e91800726a50efc8a8b0c5212932c90e0081170f4
real_biosensor,extrapolation,0,plate|construct|dose_mM,construct,dose_mM,construct=UPRE1,plate=20260728|construct=UPRE1|dose_mM=1,UPRE1,,20260728,1.0,1,train,3,5,c7eef69d915eff4b598b7b5e91800726a50efc8a8b0c5212932c90e0081170f4
real_biosensor,extrapolation,0,plate|construct|dose_mM,construct,dose_mM,construct=UPRE1,plate=20260728|construct=UPRE1|dose_mM=2,UPRE1,,20260728,2.0,2,train,3,5,c7eef69d915eff4b598b7b5e91800726a50efc8a8b0c5212932c90e0081170f4
real_biosensor,extrapolation,0,plate|construct|dose_mM,construct,dose_mM,construct=UPRE1,plate=20260803|construct=UPRE1|dose_mM=0,UPRE1,,20260803,0.0,0,train,3,5,c7eef69d915eff4b598b7b5e91800726a50efc8a8b0c5212932c90e0081170f4
real_biosensor,extrapolation,0,plate|construct|dose_mM,construct,dose_mM,construct=UPRE1,plate=20260803|construct=UPRE1|dose_mM=0.1,UPRE1,,20260803,0.1,0.1,train,3,5,c7eef69d915eff4b598b7b5e91800726a50efc8a8b0c5212932c90e0081170f4
real_biosensor,extrapolation,0,plate|construct|dose_mM,construct,dose_mM,construct=UPRE1,plate=20260803|construct=UPRE1|dose_mM=0.2,UPRE1,,20260803,0.2,0.2,train,3,5,c7eef69d915eff4b598b7b5e91800726a50efc8a8b0c5212932c90e0081170f4
real_biosensor,extrapolation,0,plate|construct|dose_mM,construct,dose_mM,construct=UPRE1,plate=20260803|construct=UPRE1|dose_mM=0.5,UPRE1,,20260803,0.5,0.5,train,3,5,c7eef69d915eff4b598b7b5e91800726a50efc8a8b0c5212932c90e0081170f4
real_biosensor,extrapolation,0,plate|construct|dose_mM,construct,dose_mM,construct=UPRE1,plate=20260803|construct=UPRE1|dose_mM=1,UPRE1,,20260803,1.0,1,train,3,5,c7eef69d915eff4b598b7b5e91800726a50efc8a8b0c5212932c90e0081170f4
real_biosensor,extrapolation,0,plate|construct|dose_mM,construct,dose_mM,construct=UPRE1,plate=20260803|construct=UPRE1|dose_mM=2,UPRE1,,20260803,2.0,2,train,3,5,c7eef69d915eff4b598b7b5e91800726a50efc8a8b0c5212932c90e0081170f4
real_biosensor,extrapolation,0,plate|construct|dose_mM,construct,dose_mM,construct=UPRE1,plate=20260804|construct=UPRE1|dose_mM=0,UPRE1,,20260804,0.0,0,train,3,5,c7eef69d915eff4b598b7b5e91800726a50efc8a8b0c5212932c90e0081170f4
real_biosensor,extrapolation,0,plate|construct|dose_mM,construct,dose_mM,construct=UPRE1,plate=20260804|construct=UPRE1|dose_mM=0.1,UPRE1,,20260804,0.1,0.1,train,3,5,c7eef69d915eff4b598b7b5e91800726a50efc8a8b0c5212932c90e0081170f4
real_biosensor,extrapolation,0,plate|construct|dose_mM,construct,dose_mM,construct=UPRE1,plate=20260804|construct=UPRE1|dose_mM=0.2,UPRE1,,20260804,0.2,0.2,train,3,5,c7eef69d915eff4b598b7b5e91800726a50efc8a8b0c5212932c90e0081170f4
real_biosensor,extrapolation,0,plate|construct|dose_mM,construct,dose_mM,construct=UPRE1,plate=20260804|construct=UPRE1|dose_mM=0.5,UPRE1,,20260804,0.5,0.5,train,3,5,c7eef69d915eff4b598b7b5e91800726a50efc8a8b0c5212932c90e0081170f4
real_biosensor,extrapolation,0,plate|construct|dose_mM,construct,dose_mM,construct=UPRE1,plate=20260804|construct=UPRE1|dose_mM=1,UPRE1,,20260804,1.0,1,train,3,5,c7eef69d915eff4b598b7b5e91800726a50efc8a8b0c5212932c90e0081170f4
real_biosensor,extrapolation,0,plate|construct|dose_mM,construct,dose_mM,construct=UPRE1,plate=20260804|construct=UPRE1|dose_mM=2,UPRE1,,20260804,2.0,2,train,3,5,c7eef69d915eff4b598b7b5e91800726a50efc8a8b0c5212932c90e0081170f4
real_biosensor,extrapolation,0,plate|construct|dose_mM,construct,dose_mM,construct=UPRE2,plate=20260722|construct=UPRE2|dose_mM=5,UPRE2,,20260722,5.0,5,test,3,5,c7eef69d915eff4b598b7b5e91800726a50efc8a8b0c5212932c90e0081170f4
real_biosensor,extrapolation,0,plate|construct|dose_mM,construct,dose_mM,construct=UPRE2,plate=20260728|construct=UPRE2|dose_mM=5,UPRE2,,20260728,5.0,5,test,3,5,c7eef69d915eff4b598b7b5e91800726a50efc8a8b0c5212932c90e0081170f4
real_biosensor,extrapolation,0,plate|construct|dose_mM,construct,dose_mM,construct=UPRE2,plate=20260803|construct=UPRE2|dose_mM=5,UPRE2,,20260803,5.0,5,test,3,5,c7eef69d915eff4b598b7b5e91800726a50efc8a8b0c5212932c90e0081170f4
real_biosensor,extrapolation,0,plate|construct|dose_mM,construct,dose_mM,construct=UPRE2,plate=20260804|construct=UPRE2|dose_mM=5,UPRE2,,20260804,5.0,5,test,3,5,c7eef69d915eff4b598b7b5e91800726a50efc8a8b0c5212932c90e0081170f4
real_biosensor,extrapolation,0,plate|construct|dose_mM,construct,dose_mM,construct=UPRE2,plate=20260722|construct=UPRE2|dose_mM=0,UPRE2,,20260722,0.0,0,train,3,5,c7eef69d915eff4b598b7b5e91800726a50efc8a8b0c5212932c90e0081170f4
real_biosensor,extrapolation,0,plate|construct|dose_mM,construct,dose_mM,construct=UPRE2,plate=20260722|construct=UPRE2|dose_mM=0.1,UPRE2,,20260722,0.1,0.1,train,3,5,c7eef69d915eff4b598b7b5e91800726a50efc8a8b0c5212932c90e0081170f4
real_biosensor,extrapolation,0,plate|construct|dose_mM,construct,dose_mM,construct=UPRE2,plate=20260722|construct=UPRE2|dose_mM=0.2,UPRE2,,20260722,0.2,0.2,train,3,5,c7eef69d915eff4b598b7b5e91800726a50efc8a8b0c5212932c90e0081170f4
real_biosensor,extrapolation,0,plate|construct|dose_mM,construct,dose_mM,construct=UPRE2,plate=20260722|construct=UPRE2|dose_mM=0.5,UPRE2,,20260722,0.5,0.5,train,3,5,c7eef69d915eff4b598b7b5e91800726a50efc8a8b0c5212932c90e0081170f4
real_biosensor,extrapolation,0,plate|construct|dose_mM,construct,dose_mM,construct=UPRE2,plate=20260722|construct=UPRE2|dose_mM=1,UPRE2,,20260722,1.0,1,train,3,5,c7eef69d915eff4b598b7b5e91800726a50efc8a8b0c5212932c90e0081170f4
real_biosensor,extrapolation,0,plate|construct|dose_mM,construct,dose_mM,construct=UPRE2,plate=20260722|construct=UPRE2|dose_mM=2,UPRE2,,20260722,2.0,2,train,3,5,c7eef69d915eff4b598b7b5e91800726a50efc8a8b0c5212932c90e0081170f4
real_biosensor,extrapolation,0,plate|construct|dose_mM,construct,dose_mM,construct=UPRE2,plate=20260728|construct=UPRE2|dose_mM=0,UPRE2,,20260728,0.0,0,train,3,5,c7eef69d915eff4b598b7b5e91800726a50efc8a8b0c5212932c90e0081170f4
real_biosensor,extrapolation,0,plate|construct|dose_mM,construct,dose_mM,construct=UPRE2,plate=20260728|construct=UPRE2|dose_mM=0.1,UPRE2,,20260728,0.1,0.1,train,3,5,c7eef69d915eff4b598b7b5e91800726a50efc8a8b0c5212932c90e0081170f4
real_biosensor,extrapolation,0,plate|construct|dose_mM,construct,dose_mM,construct=UPRE2,plate=20260728|construct=UPRE2|dose_mM=0.2,UPRE2,,20260728,0.2,0.2,train,3,5,c7eef69d915eff4b598b7b5e91800726a50efc8a8b0c5212932c90e0081170f4
real_biosensor,extrapolation,0,plate|construct|dose_mM,construct,dose_mM,construct=UPRE2,plate=20260728|construct=UPRE2|dose_mM=0.5,UPRE2,,20260728,0.5,0.5,train,3,5,c7eef69d915eff4b598b7b5e91800726a50efc8a8b0c5212932c90e0081170f4
real_biosensor,extrapolation,0,plate|construct|dose_mM,construct,dose_mM,construct=UPRE2,plate=20260728|construct=UPRE2|dose_mM=1,UPRE2,,20260728,1.0,1,train,3,5,c7eef69d915eff4b598b7b5e91800726a50efc8a8b0c5212932c90e0081170f4
real_biosensor,extrapolation,0,plate|construct|dose_mM,construct,dose_mM,construct=UPRE2,plate=20260728|construct=UPRE2|dose_mM=2,UPRE2,,20260728,2.0,2,train,3,5,c7eef69d915eff4b598b7b5e91800726a50efc8a8b0c5212932c90e0081170f4
real_biosensor,extrapolation,0,plate|construct|dose_mM,construct,dose_mM,construct=UPRE2,plate=20260803|construct=UPRE2|dose_mM=0,UPRE2,,20260803,0.0,0,train,3,5,c7eef69d915eff4b598b7b5e91800726a50efc8a8b0c5212932c90e0081170f4
real_biosensor,extrapolation,0,plate|construct|dose_mM,construct,dose_mM,construct=UPRE2,plate=20260803|construct=UPRE2|dose_mM=0.1,UPRE2,,20260803,0.1,0.1,train,3,5,c7eef69d915eff4b598b7b5e91800726a50efc8a8b0c5212932c90e0081170f4
real_biosensor,extrapolation,0,plate|construct|dose_mM,construct,dose_mM,construct=UPRE2,plate=20260803|construct=UPRE2|dose_mM=0.2,UPRE2,,20260803,0.2,0.2,train,3,5,c7eef69d915eff4b598b7b5e91800726a50efc8a8b0c5212932c90e0081170f4
real_biosensor,extrapolation,0,plate|construct|dose_mM,construct,dose_mM,construct=UPRE2,plate=20260803|construct=UPRE2|dose_mM=0.5,UPRE2,,20260803,0.5,0.5,train,3,5,c7eef69d915eff4b598b7b5e91800726a50efc8a8b0c5212932c90e0081170f4
real_biosensor,extrapolation,0,plate|construct|dose_mM,construct,dose_mM,construct=UPRE2,plate=20260803|construct=UPRE2|dose_mM=1,UPRE2,,20260803,1.0,1,train,3,5,c7eef69d915eff4b598b7b5e91800726a50efc8a8b0c5212932c90e0081170f4
real_biosensor,extrapolation,0,plate|construct|dose_mM,construct,dose_mM,construct=UPRE2,plate=20260803|construct=UPRE2|dose_mM=2,UPRE2,,20260803,2.0,2,train,3,5,c7eef69d915eff4b598b7b5e91800726a50efc8a8b0c5212932c90e0081170f4
real_biosensor,extrapolation,0,plate|construct|dose_mM,construct,dose_mM,construct=UPRE2,plate=20260804|construct=UPRE2|dose_mM=0,UPRE2,,20260804,0.0,0,train,3,5,c7eef69d915eff4b598b7b5e91800726a50efc8a8b0c5212932c90e0081170f4
real_biosensor,extrapolation,0,plate|construct|dose_mM,construct,dose_mM,construct=UPRE2,plate=20260804|construct=UPRE2|dose_mM=0.1,UPRE2,,20260804,0.1,0.1,train,3,5,c7eef69d915eff4b598b7b5e91800726a50efc8a8b0c5212932c90e0081170f4
real_biosensor,extrapolation,0,plate|construct|dose_mM,construct,dose_mM,construct=UPRE2,plate=20260804|construct=UPRE2|dose_mM=0.2,UPRE2,,20260804,0.2,0.2,train,3,5,c7eef69d915eff4b598b7b5e91800726a50efc8a8b0c5212932c90e0081170f4
real_biosensor,extrapolation,0,plate|construct|dose_mM,construct,dose_mM,construct=UPRE2,plate=20260804|construct=UPRE2|dose_mM=0.5,UPRE2,,20260804,0.5,0.5,train,3,5,c7eef69d915eff4b598b7b5e91800726a50efc8a8b0c5212932c90e0081170f4
real_biosensor,extrapolation,0,plate|construct|dose_mM,construct,dose_mM,construct=UPRE2,plate=20260804|construct=UPRE2|dose_mM=1,UPRE2,,20260804,1.0,1,train,3,5,c7eef69d915eff4b598b7b5e91800726a50efc8a8b0c5212932c90e0081170f4
real_biosensor,extrapolation,0,plate|construct|dose_mM,construct,dose_mM,construct=UPRE2,plate=20260804|construct=UPRE2|dose_mM=2,UPRE2,,20260804,2.0,2,train,3,5,c7eef69d915eff4b598b7b5e91800726a50efc8a8b0c5212932c90e0081170f4
real_biosensor,extrapolation,1,plate|construct|dose_mM,construct,dose_mM,construct=AlteredYap1,plate=20260722|construct=AlteredYap1|dose_mM=4,AlteredYap1,,20260722,4.0,4,test,3,4,c7eef69d915eff4b598b7b5e91800726a50efc8a8b0c5212932c90e0081170f4
real_biosensor,extrapolation,1,plate|construct|dose_mM,construct,dose_mM,construct=AlteredYap1,plate=20260728|construct=AlteredYap1|dose_mM=4,AlteredYap1,,20260728,4.0,4,test,3,4,c7eef69d915eff4b598b7b5e91800726a50efc8a8b0c5212932c90e0081170f4
real_biosensor,extrapolation,1,plate|construct|dose_mM,construct,dose_mM,construct=AlteredYap1,plate=20260803|construct=AlteredYap1|dose_mM=4,AlteredYap1,,20260803,4.0,4,test,3,4,c7eef69d915eff4b598b7b5e91800726a50efc8a8b0c5212932c90e0081170f4
real_biosensor,extrapolation,1,plate|construct|dose_mM,construct,dose_mM,construct=AlteredYap1,plate=20260804|construct=AlteredYap1|dose_mM=4,AlteredYap1,,20260804,4.0,4,test,3,4,c7eef69d915eff4b598b7b5e91800726a50efc8a8b0c5212932c90e0081170f4
real_biosensor,extrapolation,1,plate|construct|dose_mM,construct,dose_mM,construct=AlteredYap1,plate=20260722|construct=AlteredYap1|dose_mM=0,AlteredYap1,,20260722,0.0,0,train,3,4,c7eef69d915eff4b598b7b5e91800726a50efc8a8b0c5212932c90e0081170f4
real_biosensor,extrapolation,1,plate|construct|dose_mM,construct,dose_mM,construct=AlteredYap1,plate=20260722|construct=AlteredYap1|dose_mM=0.1,AlteredYap1,,20260722,0.1,0.1,train,3,4,c7eef69d915eff4b598b7b5e91800726a50efc8a8b0c5212932c90e0081170f4
real_biosensor,extrapolation,1,plate|construct|dose_mM,construct,dose_mM,construct=AlteredYap1,plate=20260722|construct=AlteredYap1|dose_mM=0.2,AlteredYap1,,20260722,0.2,0.2,train,3,4,c7eef69d915eff4b598b7b5e91800726a50efc8a8b0c5212932c90e0081170f4
real_biosensor,extrapolation,1,plate|construct|dose_mM,construct,dose_mM,construct=AlteredYap1,plate=20260722|construct=AlteredYap1|dose_mM=0.5,AlteredYap1,,20260722,0.5,0.5,train,3,4,c7eef69d915eff4b598b7b5e91800726a50efc8a8b0c5212932c90e0081170f4
real_biosensor,extrapolation,1,plate|construct|dose_mM,construct,dose_mM,construct=AlteredYap1,plate=20260722|construct=AlteredYap1|dose_mM=1,AlteredYap1,,20260722,1.0,1,train,3,4,c7eef69d915eff4b598b7b5e91800726a50efc8a8b0c5212932c90e0081170f4
real_biosensor,extrapolation,1,plate|construct|dose_mM,construct,dose_mM,construct=AlteredYap1,plate=20260722|construct=AlteredYap1|dose_mM=2,AlteredYap1,,20260722,2.0,2,train,3,4,c7eef69d915eff4b598b7b5e91800726a50efc8a8b0c5212932c90e0081170f4
real_biosensor,extrapolation,1,plate|construct|dose_mM,construct,dose_mM,construct=AlteredYap1,plate=20260728|construct=AlteredYap1|dose_mM=0,AlteredYap1,,20260728,0.0,0,train,3,4,c7eef69d915eff4b598b7b5e91800726a50efc8a8b0c5212932c90e0081170f4
real_biosensor,extrapolation,1,plate|construct|dose_mM,construct,dose_mM,construct=AlteredYap1,plate=20260728|construct=AlteredYap1|dose_mM=0.1,AlteredYap1,,20260728,0.1,0.1,train,3,4,c7eef69d915eff4b598b7b5e91800726a50efc8a8b0c5212932c90e0081170f4
real_biosensor,extrapolation,1,plate|construct|dose_mM,construct,dose_mM,construct=AlteredYap1,plate=20260728|construct=AlteredYap1|dose_mM=0.2,AlteredYap1,,20260728,0.2,0.2,train,3,4,c7eef69d915eff4b598b7b5e91800726a50efc8a8b0c5212932c90e0081170f4
real_biosensor,extrapolation,1,plate|construct|dose_mM,construct,dose_mM,construct=AlteredYap1,plate=20260728|construct=AlteredYap1|dose_mM=0.5,AlteredYap1,,20260728,0.5,0.5,train,3,4,c7eef69d915eff4b598b7b5e91800726a50efc8a8b0c5212932c90e0081170f4
real_biosensor,extrapolation,1,plate|construct|dose_mM,construct,dose_mM,construct=AlteredYap1,plate=20260728|construct=AlteredYap1|dose_mM=1,AlteredYap1,,20260728,1.0,1,train,3,4,c7eef69d915eff4b598b7b5e91800726a50efc8a8b0c5212932c90e0081170f4
real_biosensor,extrapolation,1,plate|construct|dose_mM,construct,dose_mM,construct=AlteredYap1,plate=20260728|construct=AlteredYap1|dose_mM=2,AlteredYap1,,20260728,2.0,2,train,3,4,c7eef69d915eff4b598b7b5e91800726a50efc8a8b0c5212932c90e0081170f4
real_biosensor,extrapolation,1,plate|construct|dose_mM,construct,dose_mM,construct=AlteredYap1,plate=20260803|construct=AlteredYap1|dose_mM=0,AlteredYap1,,20260803,0.0,0,train,3,4,c7eef69d915eff4b598b7b5e91800726a50efc8a8b0c5212932c90e0081170f4
real_biosensor,extrapolation,1,plate|construct|dose_mM,construct,dose_mM,construct=AlteredYap1,plate=20260803|construct=AlteredYap1|dose_mM=0.1,AlteredYap1,,20260803,0.1,0.1,train,3,4,c7eef69d915eff4b598b7b5e91800726a50efc8a8b0c5212932c90e0081170f4
real_biosensor,extrapolation,1,plate|construct|dose_mM,construct,dose_mM,construct=AlteredYap1,plate=20260803|construct=AlteredYap1|dose_mM=0.2,AlteredYap1,,20260803,0.2,0.2,train,3,4,c7eef69d915eff4b598b7b5e91800726a50efc8a8b0c5212932c90e0081170f4
real_biosensor,extrapolation,1,plate|construct|dose_mM,construct,dose_mM,construct=AlteredYap1,plate=20260803|construct=AlteredYap1|dose_mM=0.5,AlteredYap1,,20260803,0.5,0.5,train,3,4,c7eef69d915eff4b598b7b5e91800726a50efc8a8b0c5212932c90e0081170f4
real_biosensor,extrapolation,1,plate|construct|dose_mM,construct,dose_mM,construct=AlteredYap1,plate=20260803|construct=AlteredYap1|dose_mM=1,AlteredYap1,,20260803,1.0,1,train,3,4,c7eef69d915eff4b598b7b5e91800726a50efc8a8b0c5212932c90e0081170f4
real_biosensor,extrapolation,1,plate|construct|dose_mM,construct,dose_mM,construct=AlteredYap1,plate=20260803|construct=AlteredYap1|dose_mM=2,AlteredYap1,,20260803,2.0,2,train,3,4,c7eef69d915eff4b598b7b5e91800726a50efc8a8b0c5212932c90e0081170f4
real_biosensor,extrapolation,1,plate|construct|dose_mM,construct,dose_mM,construct=AlteredYap1,plate=20260804|construct=AlteredYap1|dose_mM=0,AlteredYap1,,20260804,0.0,0,train,3,4,c7eef69d915eff4b598b7b5e91800726a50efc8a8b0c5212932c90e0081170f4
real_biosensor,extrapolation,1,plate|construct|dose_mM,construct,dose_mM,construct=AlteredYap1,plate=20260804|construct=AlteredYap1|dose_mM=0.1,AlteredYap1,,20260804,0.1,0.1,train,3,4,c7eef69d915eff4b598b7b5e91800726a50efc8a8b0c5212932c90e0081170f4
real_biosensor,extrapolation,1,plate|construct|dose_mM,construct,dose_mM,construct=AlteredYap1,plate=20260804|construct=AlteredYap1|dose_mM=0.2,AlteredYap1,,20260804,0.2,0.2,train,3,4,c7eef69d915eff4b598b7b5e91800726a50efc8a8b0c5212932c90e0081170f4
real_biosensor,extrapolation,1,plate|construct|dose_mM,construct,dose_mM,construct=AlteredYap1,plate=20260804|construct=AlteredYap1|dose_mM=0.5,AlteredYap1,,20260804,0.5,0.5,train,3,4,c7eef69d915eff4b598b7b5e91800726a50efc8a8b0c5212932c90e0081170f4
real_biosensor,extrapolation,1,plate|construct|dose_mM,construct,dose_mM,construct=AlteredYap1,plate=20260804|construct=AlteredYap1|dose_mM=1,AlteredYap1,,20260804,1.0,1,train,3,4,c7eef69d915eff4b598b7b5e91800726a50efc8a8b0c5212932c90e0081170f4
real_biosensor,extrapolation,1,plate|construct|dose_mM,construct,dose_mM,construct=AlteredYap1,plate=20260804|construct=AlteredYap1|dose_mM=2,AlteredYap1,,20260804,2.0,2,train,3,4,c7eef69d915eff4b598b7b5e91800726a50efc8a8b0c5212932c90e0081170f4
real_biosensor,extrapolation,1,plate|construct|dose_mM,construct,dose_mM,construct=NativeYap1,plate=20260722|construct=NativeYap1|dose_mM=4,NativeYap1,,20260722,4.0,4,test,3,4,c7eef69d915eff4b598b7b5e91800726a50efc8a8b0c5212932c90e0081170f4
real_biosensor,extrapolation,1,plate|construct|dose_mM,construct,dose_mM,construct=NativeYap1,plate=20260728|construct=NativeYap1|dose_mM=4,NativeYap1,,20260728,4.0,4,test,3,4,c7eef69d915eff4b598b7b5e91800726a50efc8a8b0c5212932c90e0081170f4
real_biosensor,extrapolation,1,plate|construct|dose_mM,construct,dose_mM,construct=NativeYap1,plate=20260803|construct=NativeYap1|dose_mM=4,NativeYap1,,20260803,4.0,4,test,3,4,c7eef69d915eff4b598b7b5e91800726a50efc8a8b0c5212932c90e0081170f4
real_biosensor,extrapolation,1,plate|construct|dose_mM,construct,dose_mM,construct=NativeYap1,plate=20260804|construct=NativeYap1|dose_mM=4,NativeYap1,,20260804,4.0,4,test,3,4,c7eef69d915eff4b598b7b5e91800726a50efc8a8b0c5212932c90e0081170f4
real_biosensor,extrapolation,1,plate|construct|dose_mM,construct,dose_mM,construct=NativeYap1,plate=20260722|construct=NativeYap1|dose_mM=0,NativeYap1,,20260722,0.0,0,train,3,4,c7eef69d915eff4b598b7b5e91800726a50efc8a8b0c5212932c90e0081170f4
real_biosensor,extrapolation,1,plate|construct|dose_mM,construct,dose_mM,construct=NativeYap1,plate=20260722|construct=NativeYap1|dose_mM=0.1,NativeYap1,,20260722,0.1,0.1,train,3,4,c7eef69d915eff4b598b7b5e91800726a50efc8a8b0c5212932c90e0081170f4
real_biosensor,extrapolation,1,plate|construct|dose_mM,construct,dose_mM,construct=NativeYap1,plate=20260722|construct=NativeYap1|dose_mM=0.2,NativeYap1,,20260722,0.2,0.2,train,3,4,c7eef69d915eff4b598b7b5e91800726a50efc8a8b0c5212932c90e0081170f4
real_biosensor,extrapolation,1,plate|construct|dose_mM,construct,dose_mM,construct=NativeYap1,plate=20260722|construct=NativeYap1|dose_mM=0.5,NativeYap1,,20260722,0.5,0.5,train,3,4,c7eef69d915eff4b598b7b5e91800726a50efc8a8b0c5212932c90e0081170f4
real_biosensor,extrapolation,1,plate|construct|dose_mM,construct,dose_mM,construct=NativeYap1,plate=20260722|construct=NativeYap1|dose_mM=1,NativeYap1,,20260722,1.0,1,train,3,4,c7eef69d915eff4b598b7b5e91800726a50efc8a8b0c5212932c90e0081170f4
real_biosensor,extrapolation,1,plate|construct|dose_mM,construct,dose_mM,construct=NativeYap1,plate=20260722|construct=NativeYap1|dose_mM=2,NativeYap1,,20260722,2.0,2,train,3,4,c7eef69d915eff4b598b7b5e91800726a50efc8a8b0c5212932c90e0081170f4
real_biosensor,extrapolation,1,plate|construct|dose_mM,construct,dose_mM,construct=NativeYap1,plate=20260728|construct=NativeYap1|dose_mM=0,NativeYap1,,20260728,0.0,0,train,3,4,c7eef69d915eff4b598b7b5e91800726a50efc8a8b0c5212932c90e0081170f4
real_biosensor,extrapolation,1,plate|construct|dose_mM,construct,dose_mM,construct=NativeYap1,plate=20260728|construct=NativeYap1|dose_mM=0.1,NativeYap1,,20260728,0.1,0.1,train,3,4,c7eef69d915eff4b598b7b5e91800726a50efc8a8b0c5212932c90e0081170f4
real_biosensor,extrapolation,1,plate|construct|dose_mM,construct,dose_mM,construct=NativeYap1,plate=20260728|construct=NativeYap1|dose_mM=0.2,NativeYap1,,20260728,0.2,0.2,train,3,4,c7eef69d915eff4b598b7b5e91800726a50efc8a8b0c5212932c90e0081170f4
real_biosensor,extrapolation,1,plate|construct|dose_mM,construct,dose_mM,construct=NativeYap1,plate=20260728|construct=NativeYap1|dose_mM=0.5,NativeYap1,,20260728,0.5,0.5,train,3,4,c7eef69d915eff4b598b7b5e91800726a50efc8a8b0c5212932c90e0081170f4
real_biosensor,extrapolation,1,plate|construct|dose_mM,construct,dose_mM,construct=NativeYap1,plate=20260728|construct=NativeYap1|dose_mM=1,NativeYap1,,20260728,1.0,1,train,3,4,c7eef69d915eff4b598b7b5e91800726a50efc8a8b0c5212932c90e0081170f4
real_biosensor,extrapolation,1,plate|construct|dose_mM,construct,dose_mM,construct=NativeYap1,plate=20260728|construct=NativeYap1|dose_mM=2,NativeYap1,,20260728,2.0,2,train,3,4,c7eef69d915eff4b598b7b5e91800726a50efc8a8b0c5212932c90e0081170f4
real_biosensor,extrapolation,1,plate|construct|dose_mM,construct,dose_mM,construct=NativeYap1,plate=20260803|construct=NativeYap1|dose_mM=0,NativeYap1,,20260803,0.0,0,train,3,4,c7eef69d915eff4b598b7b5e91800726a50efc8a8b0c5212932c90e0081170f4
real_biosensor,extrapolation,1,plate|construct|dose_mM,construct,dose_mM,construct=NativeYap1,plate=20260803|construct=NativeYap1|dose_mM=0.1,NativeYap1,,20260803,0.1,0.1,train,3,4,c7eef69d915eff4b598b7b5e91800726a50efc8a8b0c5212932c90e0081170f4
real_biosensor,extrapolation,1,plate|construct|dose_mM,construct,dose_mM,construct=NativeYap1,plate=20260803|construct=NativeYap1|dose_mM=0.2,NativeYap1,,20260803,0.2,0.2,train,3,4,c7eef69d915eff4b598b7b5e91800726a50efc8a8b0c5212932c90e0081170f4
real_biosensor,extrapolation,1,plate|construct|dose_mM,construct,dose_mM,construct=NativeYap1,plate=20260803|construct=NativeYap1|dose_mM=0.5,NativeYap1,,20260803,0.5,0.5,train,3,4,c7eef69d915eff4b598b7b5e91800726a50efc8a8b0c5212932c90e0081170f4
real_biosensor,extrapolation,1,plate|construct|dose_mM,construct,dose_mM,construct=NativeYap1,plate=20260803|construct=NativeYap1|dose_mM=1,NativeYap1,,20260803,1.0,1,train,3,4,c7eef69d915eff4b598b7b5e91800726a50efc8a8b0c5212932c90e0081170f4
real_biosensor,extrapolation,1,plate|construct|dose_mM,construct,dose_mM,construct=NativeYap1,plate=20260803|construct=NativeYap1|dose_mM=2,NativeYap1,,20260803,2.0,2,train,3,4,c7eef69d915eff4b598b7b5e91800726a50efc8a8b0c5212932c90e0081170f4
real_biosensor,extrapolation,1,plate|construct|dose_mM,construct,dose_mM,construct=NativeYap1,plate=20260804|construct=NativeYap1|dose_mM=0,NativeYap1,,20260804,0.0,0,train,3,4,c7eef69d915eff4b598b7b5e91800726a50efc8a8b0c5212932c90e0081170f4
real_biosensor,extrapolation,1,plate|construct|dose_mM,construct,dose_mM,construct=NativeYap1,plate=20260804|construct=NativeYap1|dose_mM=0.1,NativeYap1,,20260804,0.1,0.1,train,3,4,c7eef69d915eff4b598b7b5e91800726a50efc8a8b0c5212932c90e0081170f4
real_biosensor,extrapolation,1,plate|construct|dose_mM,construct,dose_mM,construct=NativeYap1,plate=20260804|construct=NativeYap1|dose_mM=0.2,NativeYap1,,20260804,0.2,0.2,train,3,4,c7eef69d915eff4b598b7b5e91800726a50efc8a8b0c5212932c90e0081170f4
real_biosensor,extrapolation,1,plate|construct|dose_mM,construct,dose_mM,construct=NativeYap1,plate=20260804|construct=NativeYap1|dose_mM=0.5,NativeYap1,,20260804,0.5,0.5,train,3,4,c7eef69d915eff4b598b7b5e91800726a50efc8a8b0c5212932c90e0081170f4
real_biosensor,extrapolation,1,plate|construct|dose_mM,construct,dose_mM,construct=NativeYap1,plate=20260804|construct=NativeYap1|dose_mM=1,NativeYap1,,20260804,1.0,1,train,3,4,c7eef69d915eff4b598b7b5e91800726a50efc8a8b0c5212932c90e0081170f4
real_biosensor,extrapolation,1,plate|construct|dose_mM,construct,dose_mM,construct=NativeYap1,plate=20260804|construct=NativeYap1|dose_mM=2,NativeYap1,,20260804,2.0,2,train,3,4,c7eef69d915eff4b598b7b5e91800726a50efc8a8b0c5212932c90e0081170f4
real_biosensor,extrapolation,1,plate|construct|dose_mM,construct,dose_mM,construct=UPRE1,plate=20260722|construct=UPRE1|dose_mM=5,UPRE1,,20260722,5.0,5,test,3,5,c7eef69d915eff4b598b7b5e91800726a50efc8a8b0c5212932c90e0081170f4
real_biosensor,extrapolation,1,plate|construct|dose_mM,construct,dose_mM,construct=UPRE1,plate=20260728|construct=UPRE1|dose_mM=5,UPRE1,,20260728,5.0,5,test,3,5,c7eef69d915eff4b598b7b5e91800726a50efc8a8b0c5212932c90e0081170f4
real_biosensor,extrapolation,1,plate|construct|dose_mM,construct,dose_mM,construct=UPRE1,plate=20260803|construct=UPRE1|dose_mM=5,UPRE1,,20260803,5.0,5,test,3,5,c7eef69d915eff4b598b7b5e91800726a50efc8a8b0c5212932c90e0081170f4
real_biosensor,extrapolation,1,plate|construct|dose_mM,construct,dose_mM,construct=UPRE1,plate=20260804|construct=UPRE1|dose_mM=5,UPRE1,,20260804,5.0,5,test,3,5,c7eef69d915eff4b598b7b5e91800726a50efc8a8b0c5212932c90e0081170f4
real_biosensor,extrapolation,1,plate|construct|dose_mM,construct,dose_mM,construct=UPRE1,plate=20260722|construct=UPRE1|dose_mM=0,UPRE1,,20260722,0.0,0,train,3,5,c7eef69d915eff4b598b7b5e91800726a50efc8a8b0c5212932c90e0081170f4
real_biosensor,extrapolation,1,plate|construct|dose_mM,construct,dose_mM,construct=UPRE1,plate=20260722|construct=UPRE1|dose_mM=0.1,UPRE1,,20260722,0.1,0.1,train,3,5,c7eef69d915eff4b598b7b5e91800726a50efc8a8b0c5212932c90e0081170f4
real_biosensor,extrapolation,1,plate|construct|dose_mM,construct,dose_mM,construct=UPRE1,plate=20260722|construct=UPRE1|dose_mM=0.2,UPRE1,,20260722,0.2,0.2,train,3,5,c7eef69d915eff4b598b7b5e91800726a50efc8a8b0c5212932c90e0081170f4
real_biosensor,extrapolation,1,plate|construct|dose_mM,construct,dose_mM,construct=UPRE1,plate=20260722|construct=UPRE1|dose_mM=0.5,UPRE1,,20260722,0.5,0.5,train,3,5,c7eef69d915eff4b598b7b5e91800726a50efc8a8b0c5212932c90e0081170f4
real_biosensor,extrapolation,1,plate|construct|dose_mM,construct,dose_mM,construct=UPRE1,plate=20260722|construct=UPRE1|dose_mM=1,UPRE1,,20260722,1.0,1,train,3,5,c7eef69d915eff4b598b7b5e91800726a50efc8a8b0c5212932c90e0081170f4
real_biosensor,extrapolation,1,plate|construct|dose_mM,construct,dose_mM,construct=UPRE1,plate=20260722|construct=UPRE1|dose_mM=2,UPRE1,,20260722,2.0,2,train,3,5,c7eef69d915eff4b598b7b5e91800726a50efc8a8b0c5212932c90e0081170f4
real_biosensor,extrapolation,1,plate|construct|dose_mM,construct,dose_mM,construct=UPRE1,plate=20260728|construct=UPRE1|dose_mM=0,UPRE1,,20260728,0.0,0,train,3,5,c7eef69d915eff4b598b7b5e91800726a50efc8a8b0c5212932c90e0081170f4
real_biosensor,extrapolation,1,plate|construct|dose_mM,construct,dose_mM,construct=UPRE1,plate=20260728|construct=UPRE1|dose_mM=0.1,UPRE1,,20260728,0.1,0.1,train,3,5,c7eef69d915eff4b598b7b5e91800726a50efc8a8b0c5212932c90e0081170f4
real_biosensor,extrapolation,1,plate|construct|dose_mM,construct,dose_mM,construct=UPRE1,plate=20260728|construct=UPRE1|dose_mM=0.2,UPRE1,,20260728,0.2,0.2,train,3,5,c7eef69d915eff4b598b7b5e91800726a50efc8a8b0c5212932c90e0081170f4
real_biosensor,extrapolation,1,plate|construct|dose_mM,construct,dose_mM,construct=UPRE1,plate=20260728|construct=UPRE1|dose_mM=0.5,UPRE1,,20260728,0.5,0.5,train,3,5,c7eef69d915eff4b598b7b5e91800726a50efc8a8b0c5212932c90e0081170f4
real_biosensor,extrapolation,1,plate|construct|dose_mM,construct,dose_mM,construct=UPRE1,plate=20260728|construct=UPRE1|dose_mM=1,UPRE1,,20260728,1.0,1,train,3,5,c7eef69d915eff4b598b7b5e91800726a50efc8a8b0c5212932c90e0081170f4
real_biosensor,extrapolation,1,plate|construct|dose_mM,construct,dose_mM,construct=UPRE1,plate=20260728|construct=UPRE1|dose_mM=2,UPRE1,,20260728,2.0,2,train,3,5,c7eef69d915eff4b598b7b5e91800726a50efc8a8b0c5212932c90e0081170f4
real_biosensor,extrapolation,1,plate|construct|dose_mM,construct,dose_mM,construct=UPRE1,plate=20260803|construct=UPRE1|dose_mM=0,UPRE1,,20260803,0.0,0,train,3,5,c7eef69d915eff4b598b7b5e91800726a50efc8a8b0c5212932c90e0081170f4
real_biosensor,extrapolation,1,plate|construct|dose_mM,construct,dose_mM,construct=UPRE1,plate=20260803|construct=UPRE1|dose_mM=0.1,UPRE1,,20260803,0.1,0.1,train,3,5,c7eef69d915eff4b598b7b5e91800726a50efc8a8b0c5212932c90e0081170f4
real_biosensor,extrapolation,1,plate|construct|dose_mM,construct,dose_mM,construct=UPRE1,plate=20260803|construct=UPRE1|dose_mM=0.2,UPRE1,,20260803,0.2,0.2,train,3,5,c7eef69d915eff4b598b7b5e91800726a50efc8a8b0c5212932c90e0081170f4
real_biosensor,extrapolation,1,plate|construct|dose_mM,construct,dose_mM,construct=UPRE1,plate=20260803|construct=UPRE1|dose_mM=0.5,UPRE1,,20260803,0.5,0.5,train,3,5,c7eef69d915eff4b598b7b5e91800726a50efc8a8b0c5212932c90e0081170f4
real_biosensor,extrapolation,1,plate|construct|dose_mM,construct,dose_mM,construct=UPRE1,plate=20260803|construct=UPRE1|dose_mM=1,UPRE1,,20260803,1.0,1,train,3,5,c7eef69d915eff4b598b7b5e91800726a50efc8a8b0c5212932c90e0081170f4
real_biosensor,extrapolation,1,plate|construct|dose_mM,construct,dose_mM,construct=UPRE1,plate=20260803|construct=UPRE1|dose_mM=2,UPRE1,,20260803,2.0,2,train,3,5,c7eef69d915eff4b598b7b5e91800726a50efc8a8b0c5212932c90e0081170f4
real_biosensor,extrapolation,1,plate|construct|dose_mM,construct,dose_mM,construct=UPRE1,plate=20260804|construct=UPRE1|dose_mM=0,UPRE1,,20260804,0.0,0,train,3,5,c7eef69d915eff4b598b7b5e91800726a50efc8a8b0c5212932c90e0081170f4
real_biosensor,extrapolation,1,plate|construct|dose_mM,construct,dose_mM,construct=UPRE1,plate=20260804|construct=UPRE1|dose_mM=0.1,UPRE1,,20260804,0.1,0.1,train,3,5,c7eef69d915eff4b598b7b5e91800726a50efc8a8b0c5212932c90e0081170f4
real_biosensor,extrapolation,1,plate|construct|dose_mM,construct,dose_mM,construct=UPRE1,plate=20260804|construct=UPRE1|dose_mM=0.2,UPRE1,,20260804,0.2,0.2,train,3,5,c7eef69d915eff4b598b7b5e91800726a50efc8a8b0c5212932c90e0081170f4
real_biosensor,extrapolation,1,plate|construct|dose_mM,construct,dose_mM,construct=UPRE1,plate=20260804|construct=UPRE1|dose_mM=0.5,UPRE1,,20260804,0.5,0.5,train,3,5,c7eef69d915eff4b598b7b5e91800726a50efc8a8b0c5212932c90e0081170f4
real_biosensor,extrapolation,1,plate|construct|dose_mM,construct,dose_mM,construct=UPRE1,plate=20260804|construct=UPRE1|dose_mM=1,UPRE1,,20260804,1.0,1,train,3,5,c7eef69d915eff4b598b7b5e91800726a50efc8a8b0c5212932c90e0081170f4
real_biosensor,extrapolation,1,plate|construct|dose_mM,construct,dose_mM,construct=UPRE1,plate=20260804|construct=UPRE1|dose_mM=2,UPRE1,,20260804,2.0,2,train,3,5,c7eef69d915eff4b598b7b5e91800726a50efc8a8b0c5212932c90e0081170f4
real_biosensor,extrapolation,1,plate|construct|dose_mM,construct,dose_mM,construct=UPRE2,plate=20260722|construct=UPRE2|dose_mM=5,UPRE2,,20260722,5.0,5,test,3,5,c7eef69d915eff4b598b7b5e91800726a50efc8a8b0c5212932c90e0081170f4
real_biosensor,extrapolation,1,plate|construct|dose_mM,construct,dose_mM,construct=UPRE2,plate=20260728|construct=UPRE2|dose_mM=5,UPRE2,,20260728,5.0,5,test,3,5,c7eef69d915eff4b598b7b5e91800726a50efc8a8b0c5212932c90e0081170f4
real_biosensor,extrapolation,1,plate|construct|dose_mM,construct,dose_mM,construct=UPRE2,plate=20260803|construct=UPRE2|dose_mM=5,UPRE2,,20260803,5.0,5,test,3,5,c7eef69d915eff4b598b7b5e91800726a50efc8a8b0c5212932c90e0081170f4
real_biosensor,extrapolation,1,plate|construct|dose_mM,construct,dose_mM,construct=UPRE2,plate=20260804|construct=UPRE2|dose_mM=5,UPRE2,,20260804,5.0,5,test,3,5,c7eef69d915eff4b598b7b5e91800726a50efc8a8b0c5212932c90e0081170f4
real_biosensor,extrapolation,1,plate|construct|dose_mM,construct,dose_mM,construct=UPRE2,plate=20260722|construct=UPRE2|dose_mM=0,UPRE2,,20260722,0.0,0,train,3,5,c7eef69d915eff4b598b7b5e91800726a50efc8a8b0c5212932c90e0081170f4
real_biosensor,extrapolation,1,plate|construct|dose_mM,construct,dose_mM,construct=UPRE2,plate=20260722|construct=UPRE2|dose_mM=0.1,UPRE2,,20260722,0.1,0.1,train,3,5,c7eef69d915eff4b598b7b5e91800726a50efc8a8b0c5212932c90e0081170f4
real_biosensor,extrapolation,1,plate|construct|dose_mM,construct,dose_mM,construct=UPRE2,plate=20260722|construct=UPRE2|dose_mM=0.2,UPRE2,,20260722,0.2,0.2,train,3,5,c7eef69d915eff4b598b7b5e91800726a50efc8a8b0c5212932c90e0081170f4
real_biosensor,extrapolation,1,plate|construct|dose_mM,construct,dose_mM,construct=UPRE2,plate=20260722|construct=UPRE2|dose_mM=0.5,UPRE2,,20260722,0.5,0.5,train,3,5,c7eef69d915eff4b598b7b5e91800726a50efc8a8b0c5212932c90e0081170f4
real_biosensor,extrapolation,1,plate|construct|dose_mM,construct,dose_mM,construct=UPRE2,plate=20260722|construct=UPRE2|dose_mM=1,UPRE2,,20260722,1.0,1,train,3,5,c7eef69d915eff4b598b7b5e91800726a50efc8a8b0c5212932c90e0081170f4
real_biosensor,extrapolation,1,plate|construct|dose_mM,construct,dose_mM,construct=UPRE2,plate=20260722|construct=UPRE2|dose_mM=2,UPRE2,,20260722,2.0,2,train,3,5,c7eef69d915eff4b598b7b5e91800726a50efc8a8b0c5212932c90e0081170f4
real_biosensor,extrapolation,1,plate|construct|dose_mM,construct,dose_mM,construct=UPRE2,plate=20260728|construct=UPRE2|dose_mM=0,UPRE2,,20260728,0.0,0,train,3,5,c7eef69d915eff4b598b7b5e91800726a50efc8a8b0c5212932c90e0081170f4
real_biosensor,extrapolation,1,plate|construct|dose_mM,construct,dose_mM,construct=UPRE2,plate=20260728|construct=UPRE2|dose_mM=0.1,UPRE2,,20260728,0.1,0.1,train,3,5,c7eef69d915eff4b598b7b5e91800726a50efc8a8b0c5212932c90e0081170f4
real_biosensor,extrapolation,1,plate|construct|dose_mM,construct,dose_mM,construct=UPRE2,plate=20260728|construct=UPRE2|dose_mM=0.2,UPRE2,,20260728,0.2,0.2,train,3,5,c7eef69d915eff4b598b7b5e91800726a50efc8a8b0c5212932c90e0081170f4
real_biosensor,extrapolation,1,plate|construct|dose_mM,construct,dose_mM,construct=UPRE2,plate=20260728|construct=UPRE2|dose_mM=0.5,UPRE2,,20260728,0.5,0.5,train,3,5,c7eef69d915eff4b598b7b5e91800726a50efc8a8b0c5212932c90e0081170f4
real_biosensor,extrapolation,1,plate|construct|dose_mM,construct,dose_mM,construct=UPRE2,plate=20260728|construct=UPRE2|dose_mM=1,UPRE2,,20260728,1.0,1,train,3,5,c7eef69d915eff4b598b7b5e91800726a50efc8a8b0c5212932c90e0081170f4
real_biosensor,extrapolation,1,plate|construct|dose_mM,construct,dose_mM,construct=UPRE2,plate=20260728|construct=UPRE2|dose_mM=2,UPRE2,,20260728,2.0,2,train,3,5,c7eef69d915eff4b598b7b5e91800726a50efc8a8b0c5212932c90e0081170f4
real_biosensor,extrapolation,1,plate|construct|dose_mM,construct,dose_mM,construct=UPRE2,plate=20260803|construct=UPRE2|dose_mM=0,UPRE2,,20260803,0.0,0,train,3,5,c7eef69d915eff4b598b7b5e91800726a50efc8a8b0c5212932c90e0081170f4
real_biosensor,extrapolation,1,plate|construct|dose_mM,construct,dose_mM,construct=UPRE2,plate=20260803|construct=UPRE2|dose_mM=0.1,UPRE2,,20260803,0.1,0.1,train,3,5,c7eef69d915eff4b598b7b5e91800726a50efc8a8b0c5212932c90e0081170f4
real_biosensor,extrapolation,1,plate|construct|dose_mM,construct,dose_mM,construct=UPRE2,plate=20260803|construct=UPRE2|dose_mM=0.2,UPRE2,,20260803,0.2,0.2,train,3,5,c7eef69d915eff4b598b7b5e91800726a50efc8a8b0c5212932c90e0081170f4
real_biosensor,extrapolation,1,plate|construct|dose_mM,construct,dose_mM,construct=UPRE2,plate=20260803|construct=UPRE2|dose_mM=0.5,UPRE2,,20260803,0.5,0.5,train,3,5,c7eef69d915eff4b598b7b5e91800726a50efc8a8b0c5212932c90e0081170f4
real_biosensor,extrapolation,1,plate|construct|dose_mM,construct,dose_mM,construct=UPRE2,plate=20260803|construct=UPRE2|dose_mM=1,UPRE2,,20260803,1.0,1,train,3,5,c7eef69d915eff4b598b7b5e91800726a50efc8a8b0c5212932c90e0081170f4
real_biosensor,extrapolation,1,plate|construct|dose_mM,construct,dose_mM,construct=UPRE2,plate=20260803|construct=UPRE2|dose_mM=2,UPRE2,,20260803,2.0,2,train,3,5,c7eef69d915eff4b598b7b5e91800726a50efc8a8b0c5212932c90e0081170f4
real_biosensor,extrapolation,1,plate|construct|dose_mM,construct,dose_mM,construct=UPRE2,plate=20260804|construct=UPRE2|dose_mM=0,UPRE2,,20260804,0.0,0,train,3,5,c7eef69d915eff4b598b7b5e91800726a50efc8a8b0c5212932c90e0081170f4
real_biosensor,extrapolation,1,plate|construct|dose_mM,construct,dose_mM,construct=UPRE2,plate=20260804|construct=UPRE2|dose_mM=0.1,UPRE2,,20260804,0.1,0.1,train,3,5,c7eef69d915eff4b598b7b5e91800726a50efc8a8b0c5212932c90e0081170f4
real_biosensor,extrapolation,1,plate|construct|dose_mM,construct,dose_mM,construct=UPRE2,plate=20260804|construct=UPRE2|dose_mM=0.2,UPRE2,,20260804,0.2,0.2,train,3,5,c7eef69d915eff4b598b7b5e91800726a50efc8a8b0c5212932c90e0081170f4
real_biosensor,extrapolation,1,plate|construct|dose_mM,construct,dose_mM,construct=UPRE2,plate=20260804|construct=UPRE2|dose_mM=0.5,UPRE2,,20260804,0.5,0.5,train,3,5,c7eef69d915eff4b598b7b5e91800726a50efc8a8b0c5212932c90e0081170f4
real_biosensor,extrapolation,1,plate|construct|dose_mM,construct,dose_mM,construct=UPRE2,plate=20260804|construct=UPRE2|dose_mM=1,UPRE2,,20260804,1.0,1,train,3,5,c7eef69d915eff4b598b7b5e91800726a50efc8a8b0c5212932c90e0081170f4
real_biosensor,extrapolation,1,plate|construct|dose_mM,construct,dose_mM,construct=UPRE2,plate=20260804|construct=UPRE2|dose_mM=2,UPRE2,,20260804,2.0,2,train,3,5,c7eef69d915eff4b598b7b5e91800726a50efc8a8b0c5212932c90e0081170f4
real_biosensor,extrapolation,2,plate|construct|dose_mM,construct,dose_mM,construct=AlteredYap1,plate=20260722|construct=AlteredYap1|dose_mM=4,AlteredYap1,,20260722,4.0,4,test,3,4,c7eef69d915eff4b598b7b5e91800726a50efc8a8b0c5212932c90e0081170f4
real_biosensor,extrapolation,2,plate|construct|dose_mM,construct,dose_mM,construct=AlteredYap1,plate=20260728|construct=AlteredYap1|dose_mM=4,AlteredYap1,,20260728,4.0,4,test,3,4,c7eef69d915eff4b598b7b5e91800726a50efc8a8b0c5212932c90e0081170f4
real_biosensor,extrapolation,2,plate|construct|dose_mM,construct,dose_mM,construct=AlteredYap1,plate=20260803|construct=AlteredYap1|dose_mM=4,AlteredYap1,,20260803,4.0,4,test,3,4,c7eef69d915eff4b598b7b5e91800726a50efc8a8b0c5212932c90e0081170f4
real_biosensor,extrapolation,2,plate|construct|dose_mM,construct,dose_mM,construct=AlteredYap1,plate=20260804|construct=AlteredYap1|dose_mM=4,AlteredYap1,,20260804,4.0,4,test,3,4,c7eef69d915eff4b598b7b5e91800726a50efc8a8b0c5212932c90e0081170f4
real_biosensor,extrapolation,2,plate|construct|dose_mM,construct,dose_mM,construct=AlteredYap1,plate=20260722|construct=AlteredYap1|dose_mM=0,AlteredYap1,,20260722,0.0,0,train,3,4,c7eef69d915eff4b598b7b5e91800726a50efc8a8b0c5212932c90e0081170f4
real_biosensor,extrapolation,2,plate|construct|dose_mM,construct,dose_mM,construct=AlteredYap1,plate=20260722|construct=AlteredYap1|dose_mM=0.1,AlteredYap1,,20260722,0.1,0.1,train,3,4,c7eef69d915eff4b598b7b5e91800726a50efc8a8b0c5212932c90e0081170f4
real_biosensor,extrapolation,2,plate|construct|dose_mM,construct,dose_mM,construct=AlteredYap1,plate=20260722|construct=AlteredYap1|dose_mM=0.2,AlteredYap1,,20260722,0.2,0.2,train,3,4,c7eef69d915eff4b598b7b5e91800726a50efc8a8b0c5212932c90e0081170f4
real_biosensor,extrapolation,2,plate|construct|dose_mM,construct,dose_mM,construct=AlteredYap1,plate=20260722|construct=AlteredYap1|dose_mM=0.5,AlteredYap1,,20260722,0.5,0.5,train,3,4,c7eef69d915eff4b598b7b5e91800726a50efc8a8b0c5212932c90e0081170f4
real_biosensor,extrapolation,2,plate|construct|dose_mM,construct,dose_mM,construct=AlteredYap1,plate=20260722|construct=AlteredYap1|dose_mM=1,AlteredYap1,,20260722,1.0,1,train,3,4,c7eef69d915eff4b598b7b5e91800726a50efc8a8b0c5212932c90e0081170f4
real_biosensor,extrapolation,2,plate|construct|dose_mM,construct,dose_mM,construct=AlteredYap1,plate=20260722|construct=AlteredYap1|dose_mM=2,AlteredYap1,,20260722,2.0,2,train,3,4,c7eef69d915eff4b598b7b5e91800726a50efc8a8b0c5212932c90e0081170f4
real_biosensor,extrapolation,2,plate|construct|dose_mM,construct,dose_mM,construct=AlteredYap1,plate=20260728|construct=AlteredYap1|dose_mM=0,AlteredYap1,,20260728,0.0,0,train,3,4,c7eef69d915eff4b598b7b5e91800726a50efc8a8b0c5212932c90e0081170f4
real_biosensor,extrapolation,2,plate|construct|dose_mM,construct,dose_mM,construct=AlteredYap1,plate=20260728|construct=AlteredYap1|dose_mM=0.1,AlteredYap1,,20260728,0.1,0.1,train,3,4,c7eef69d915eff4b598b7b5e91800726a50efc8a8b0c5212932c90e0081170f4
real_biosensor,extrapolation,2,plate|construct|dose_mM,construct,dose_mM,construct=AlteredYap1,plate=20260728|construct=AlteredYap1|dose_mM=0.2,AlteredYap1,,20260728,0.2,0.2,train,3,4,c7eef69d915eff4b598b7b5e91800726a50efc8a8b0c5212932c90e0081170f4
real_biosensor,extrapolation,2,plate|construct|dose_mM,construct,dose_mM,construct=AlteredYap1,plate=20260728|construct=AlteredYap1|dose_mM=0.5,AlteredYap1,,20260728,0.5,0.5,train,3,4,c7eef69d915eff4b598b7b5e91800726a50efc8a8b0c5212932c90e0081170f4
real_biosensor,extrapolation,2,plate|construct|dose_mM,construct,dose_mM,construct=AlteredYap1,plate=20260728|construct=AlteredYap1|dose_mM=1,AlteredYap1,,20260728,1.0,1,train,3,4,c7eef69d915eff4b598b7b5e91800726a50efc8a8b0c5212932c90e0081170f4
real_biosensor,extrapolation,2,plate|construct|dose_mM,construct,dose_mM,construct=AlteredYap1,plate=20260728|construct=AlteredYap1|dose_mM=2,AlteredYap1,,20260728,2.0,2,train,3,4,c7eef69d915eff4b598b7b5e91800726a50efc8a8b0c5212932c90e0081170f4
real_biosensor,extrapolation,2,plate|construct|dose_mM,construct,dose_mM,construct=AlteredYap1,plate=20260803|construct=AlteredYap1|dose_mM=0,AlteredYap1,,20260803,0.0,0,train,3,4,c7eef69d915eff4b598b7b5e91800726a50efc8a8b0c5212932c90e0081170f4
real_biosensor,extrapolation,2,plate|construct|dose_mM,construct,dose_mM,construct=AlteredYap1,plate=20260803|construct=AlteredYap1|dose_mM=0.1,AlteredYap1,,20260803,0.1,0.1,train,3,4,c7eef69d915eff4b598b7b5e91800726a50efc8a8b0c5212932c90e0081170f4
real_biosensor,extrapolation,2,plate|construct|dose_mM,construct,dose_mM,construct=AlteredYap1,plate=20260803|construct=AlteredYap1|dose_mM=0.2,AlteredYap1,,20260803,0.2,0.2,train,3,4,c7eef69d915eff4b598b7b5e91800726a50efc8a8b0c5212932c90e0081170f4
real_biosensor,extrapolation,2,plate|construct|dose_mM,construct,dose_mM,construct=AlteredYap1,plate=20260803|construct=AlteredYap1|dose_mM=0.5,AlteredYap1,,20260803,0.5,0.5,train,3,4,c7eef69d915eff4b598b7b5e91800726a50efc8a8b0c5212932c90e0081170f4
real_biosensor,extrapolation,2,plate|construct|dose_mM,construct,dose_mM,construct=AlteredYap1,plate=20260803|construct=AlteredYap1|dose_mM=1,AlteredYap1,,20260803,1.0,1,train,3,4,c7eef69d915eff4b598b7b5e91800726a50efc8a8b0c5212932c90e0081170f4
real_biosensor,extrapolation,2,plate|construct|dose_mM,construct,dose_mM,construct=AlteredYap1,plate=20260803|construct=AlteredYap1|dose_mM=2,AlteredYap1,,20260803,2.0,2,train,3,4,c7eef69d915eff4b598b7b5e91800726a50efc8a8b0c5212932c90e0081170f4
real_biosensor,extrapolation,2,plate|construct|dose_mM,construct,dose_mM,construct=AlteredYap1,plate=20260804|construct=AlteredYap1|dose_mM=0,AlteredYap1,,20260804,0.0,0,train,3,4,c7eef69d915eff4b598b7b5e91800726a50efc8a8b0c5212932c90e0081170f4
real_biosensor,extrapolation,2,plate|construct|dose_mM,construct,dose_mM,construct=AlteredYap1,plate=20260804|construct=AlteredYap1|dose_mM=0.1,AlteredYap1,,20260804,0.1,0.1,train,3,4,c7eef69d915eff4b598b7b5e91800726a50efc8a8b0c5212932c90e0081170f4
real_biosensor,extrapolation,2,plate|construct|dose_mM,construct,dose_mM,construct=AlteredYap1,plate=20260804|construct=AlteredYap1|dose_mM=0.2,AlteredYap1,,20260804,0.2,0.2,train,3,4,c7eef69d915eff4b598b7b5e91800726a50efc8a8b0c5212932c90e0081170f4
real_biosensor,extrapolation,2,plate|construct|dose_mM,construct,dose_mM,construct=AlteredYap1,plate=20260804|construct=AlteredYap1|dose_mM=0.5,AlteredYap1,,20260804,0.5,0.5,train,3,4,c7eef69d915eff4b598b7b5e91800726a50efc8a8b0c5212932c90e0081170f4
real_biosensor,extrapolation,2,plate|construct|dose_mM,construct,dose_mM,construct=AlteredYap1,plate=20260804|construct=AlteredYap1|dose_mM=1,AlteredYap1,,20260804,1.0,1,train,3,4,c7eef69d915eff4b598b7b5e91800726a50efc8a8b0c5212932c90e0081170f4
real_biosensor,extrapolation,2,plate|construct|dose_mM,construct,dose_mM,construct=AlteredYap1,plate=20260804|construct=AlteredYap1|dose_mM=2,AlteredYap1,,20260804,2.0,2,train,3,4,c7eef69d915eff4b598b7b5e91800726a50efc8a8b0c5212932c90e0081170f4
real_biosensor,extrapolation,2,plate|construct|dose_mM,construct,dose_mM,construct=NativeYap1,plate=20260722|construct=NativeYap1|dose_mM=4,NativeYap1,,20260722,4.0,4,test,3,4,c7eef69d915eff4b598b7b5e91800726a50efc8a8b0c5212932c90e0081170f4
real_biosensor,extrapolation,2,plate|construct|dose_mM,construct,dose_mM,construct=NativeYap1,plate=20260728|construct=NativeYap1|dose_mM=4,NativeYap1,,20260728,4.0,4,test,3,4,c7eef69d915eff4b598b7b5e91800726a50efc8a8b0c5212932c90e0081170f4
real_biosensor,extrapolation,2,plate|construct|dose_mM,construct,dose_mM,construct=NativeYap1,plate=20260803|construct=NativeYap1|dose_mM=4,NativeYap1,,20260803,4.0,4,test,3,4,c7eef69d915eff4b598b7b5e91800726a50efc8a8b0c5212932c90e0081170f4
real_biosensor,extrapolation,2,plate|construct|dose_mM,construct,dose_mM,construct=NativeYap1,plate=20260804|construct=NativeYap1|dose_mM=4,NativeYap1,,20260804,4.0,4,test,3,4,c7eef69d915eff4b598b7b5e91800726a50efc8a8b0c5212932c90e0081170f4
real_biosensor,extrapolation,2,plate|construct|dose_mM,construct,dose_mM,construct=NativeYap1,plate=20260722|construct=NativeYap1|dose_mM=0,NativeYap1,,20260722,0.0,0,train,3,4,c7eef69d915eff4b598b7b5e91800726a50efc8a8b0c5212932c90e0081170f4
real_biosensor,extrapolation,2,plate|construct|dose_mM,construct,dose_mM,construct=NativeYap1,plate=20260722|construct=NativeYap1|dose_mM=0.1,NativeYap1,,20260722,0.1,0.1,train,3,4,c7eef69d915eff4b598b7b5e91800726a50efc8a8b0c5212932c90e0081170f4
real_biosensor,extrapolation,2,plate|construct|dose_mM,construct,dose_mM,construct=NativeYap1,plate=20260722|construct=NativeYap1|dose_mM=0.2,NativeYap1,,20260722,0.2,0.2,train,3,4,c7eef69d915eff4b598b7b5e91800726a50efc8a8b0c5212932c90e0081170f4
real_biosensor,extrapolation,2,plate|construct|dose_mM,construct,dose_mM,construct=NativeYap1,plate=20260722|construct=NativeYap1|dose_mM=0.5,NativeYap1,,20260722,0.5,0.5,train,3,4,c7eef69d915eff4b598b7b5e91800726a50efc8a8b0c5212932c90e0081170f4
real_biosensor,extrapolation,2,plate|construct|dose_mM,construct,dose_mM,construct=NativeYap1,plate=20260722|construct=NativeYap1|dose_mM=1,NativeYap1,,20260722,1.0,1,train,3,4,c7eef69d915eff4b598b7b5e91800726a50efc8a8b0c5212932c90e0081170f4
real_biosensor,extrapolation,2,plate|construct|dose_mM,construct,dose_mM,construct=NativeYap1,plate=20260722|construct=NativeYap1|dose_mM=2,NativeYap1,,20260722,2.0,2,train,3,4,c7eef69d915eff4b598b7b5e91800726a50efc8a8b0c5212932c90e0081170f4
real_biosensor,extrapolation,2,plate|construct|dose_mM,construct,dose_mM,construct=NativeYap1,plate=20260728|construct=NativeYap1|dose_mM=0,NativeYap1,,20260728,0.0,0,train,3,4,c7eef69d915eff4b598b7b5e91800726a50efc8a8b0c5212932c90e0081170f4
real_biosensor,extrapolation,2,plate|construct|dose_mM,construct,dose_mM,construct=NativeYap1,plate=20260728|construct=NativeYap1|dose_mM=0.1,NativeYap1,,20260728,0.1,0.1,train,3,4,c7eef69d915eff4b598b7b5e91800726a50efc8a8b0c5212932c90e0081170f4
real_biosensor,extrapolation,2,plate|construct|dose_mM,construct,dose_mM,construct=NativeYap1,plate=20260728|construct=NativeYap1|dose_mM=0.2,NativeYap1,,20260728,0.2,0.2,train,3,4,c7eef69d915eff4b598b7b5e91800726a50efc8a8b0c5212932c90e0081170f4
real_biosensor,extrapolation,2,plate|construct|dose_mM,construct,dose_mM,construct=NativeYap1,plate=20260728|construct=NativeYap1|dose_mM=0.5,NativeYap1,,20260728,0.5,0.5,train,3,4,c7eef69d915eff4b598b7b5e91800726a50efc8a8b0c5212932c90e0081170f4
real_biosensor,extrapolation,2,plate|construct|dose_mM,construct,dose_mM,construct=NativeYap1,plate=20260728|construct=NativeYap1|dose_mM=1,NativeYap1,,20260728,1.0,1,train,3,4,c7eef69d915eff4b598b7b5e91800726a50efc8a8b0c5212932c90e0081170f4
real_biosensor,extrapolation,2,plate|construct|dose_mM,construct,dose_mM,construct=NativeYap1,plate=20260728|construct=NativeYap1|dose_mM=2,NativeYap1,,20260728,2.0,2,train,3,4,c7eef69d915eff4b598b7b5e91800726a50efc8a8b0c5212932c90e0081170f4
real_biosensor,extrapolation,2,plate|construct|dose_mM,construct,dose_mM,construct=NativeYap1,plate=20260803|construct=NativeYap1|dose_mM=0,NativeYap1,,20260803,0.0,0,train,3,4,c7eef69d915eff4b598b7b5e91800726a50efc8a8b0c5212932c90e0081170f4
real_biosensor,extrapolation,2,plate|construct|dose_mM,construct,dose_mM,construct=NativeYap1,plate=20260803|construct=NativeYap1|dose_mM=0.1,NativeYap1,,20260803,0.1,0.1,train,3,4,c7eef69d915eff4b598b7b5e91800726a50efc8a8b0c5212932c90e0081170f4
real_biosensor,extrapolation,2,plate|construct|dose_mM,construct,dose_mM,construct=NativeYap1,plate=20260803|construct=NativeYap1|dose_mM=0.2,NativeYap1,,20260803,0.2,0.2,train,3,4,c7eef69d915eff4b598b7b5e91800726a50efc8a8b0c5212932c90e0081170f4
real_biosensor,extrapolation,2,plate|construct|dose_mM,construct,dose_mM,construct=NativeYap1,plate=20260803|construct=NativeYap1|dose_mM=0.5,NativeYap1,,20260803,0.5,0.5,train,3,4,c7eef69d915eff4b598b7b5e91800726a50efc8a8b0c5212932c90e0081170f4
real_biosensor,extrapolation,2,plate|construct|dose_mM,construct,dose_mM,construct=NativeYap1,plate=20260803|construct=NativeYap1|dose_mM=1,NativeYap1,,20260803,1.0,1,train,3,4,c7eef69d915eff4b598b7b5e91800726a50efc8a8b0c5212932c90e0081170f4
real_biosensor,extrapolation,2,plate|construct|dose_mM,construct,dose_mM,construct=NativeYap1,plate=20260803|construct=NativeYap1|dose_mM=2,NativeYap1,,20260803,2.0,2,train,3,4,c7eef69d915eff4b598b7b5e91800726a50efc8a8b0c5212932c90e0081170f4
real_biosensor,extrapolation,2,plate|construct|dose_mM,construct,dose_mM,construct=NativeYap1,plate=20260804|construct=NativeYap1|dose_mM=0,NativeYap1,,20260804,0.0,0,train,3,4,c7eef69d915eff4b598b7b5e91800726a50efc8a8b0c5212932c90e0081170f4
real_biosensor,extrapolation,2,plate|construct|dose_mM,construct,dose_mM,construct=NativeYap1,plate=20260804|construct=NativeYap1|dose_mM=0.1,NativeYap1,,20260804,0.1,0.1,train,3,4,c7eef69d915eff4b598b7b5e91800726a50efc8a8b0c5212932c90e0081170f4
real_biosensor,extrapolation,2,plate|construct|dose_mM,construct,dose_mM,construct=NativeYap1,plate=20260804|construct=NativeYap1|dose_mM=0.2,NativeYap1,,20260804,0.2,0.2,train,3,4,c7eef69d915eff4b598b7b5e91800726a50efc8a8b0c5212932c90e0081170f4
real_biosensor,extrapolation,2,plate|construct|dose_mM,construct,dose_mM,construct=NativeYap1,plate=20260804|construct=NativeYap1|dose_mM=0.5,NativeYap1,,20260804,0.5,0.5,train,3,4,c7eef69d915eff4b598b7b5e91800726a50efc8a8b0c5212932c90e0081170f4
real_biosensor,extrapolation,2,plate|construct|dose_mM,construct,dose_mM,construct=NativeYap1,plate=20260804|construct=NativeYap1|dose_mM=1,NativeYap1,,20260804,1.0,1,train,3,4,c7eef69d915eff4b598b7b5e91800726a50efc8a8b0c5212932c90e0081170f4
real_biosensor,extrapolation,2,plate|construct|dose_mM,construct,dose_mM,construct=NativeYap1,plate=20260804|construct=NativeYap1|dose_mM=2,NativeYap1,,20260804,2.0,2,train,3,4,c7eef69d915eff4b598b7b5e91800726a50efc8a8b0c5212932c90e0081170f4
real_biosensor,extrapolation,2,plate|construct|dose_mM,construct,dose_mM,construct=UPRE1,plate=20260722|construct=UPRE1|dose_mM=5,UPRE1,,20260722,5.0,5,test,3,5,c7eef69d915eff4b598b7b5e91800726a50efc8a8b0c5212932c90e0081170f4
real_biosensor,extrapolation,2,plate|construct|dose_mM,construct,dose_mM,construct=UPRE1,plate=20260728|construct=UPRE1|dose_mM=5,UPRE1,,20260728,5.0,5,test,3,5,c7eef69d915eff4b598b7b5e91800726a50efc8a8b0c5212932c90e0081170f4
real_biosensor,extrapolation,2,plate|construct|dose_mM,construct,dose_mM,construct=UPRE1,plate=20260803|construct=UPRE1|dose_mM=5,UPRE1,,20260803,5.0,5,test,3,5,c7eef69d915eff4b598b7b5e91800726a50efc8a8b0c5212932c90e0081170f4
real_biosensor,extrapolation,2,plate|construct|dose_mM,construct,dose_mM,construct=UPRE1,plate=20260804|construct=UPRE1|dose_mM=5,UPRE1,,20260804,5.0,5,test,3,5,c7eef69d915eff4b598b7b5e91800726a50efc8a8b0c5212932c90e0081170f4
real_biosensor,extrapolation,2,plate|construct|dose_mM,construct,dose_mM,construct=UPRE1,plate=20260722|construct=UPRE1|dose_mM=0,UPRE1,,20260722,0.0,0,train,3,5,c7eef69d915eff4b598b7b5e91800726a50efc8a8b0c5212932c90e0081170f4
real_biosensor,extrapolation,2,plate|construct|dose_mM,construct,dose_mM,construct=UPRE1,plate=20260722|construct=UPRE1|dose_mM=0.1,UPRE1,,20260722,0.1,0.1,train,3,5,c7eef69d915eff4b598b7b5e91800726a50efc8a8b0c5212932c90e0081170f4
real_biosensor,extrapolation,2,plate|construct|dose_mM,construct,dose_mM,construct=UPRE1,plate=20260722|construct=UPRE1|dose_mM=0.2,UPRE1,,20260722,0.2,0.2,train,3,5,c7eef69d915eff4b598b7b5e91800726a50efc8a8b0c5212932c90e0081170f4
real_biosensor,extrapolation,2,plate|construct|dose_mM,construct,dose_mM,construct=UPRE1,plate=20260722|construct=UPRE1|dose_mM=0.5,UPRE1,,20260722,0.5,0.5,train,3,5,c7eef69d915eff4b598b7b5e91800726a50efc8a8b0c5212932c90e0081170f4
real_biosensor,extrapolation,2,plate|construct|dose_mM,construct,dose_mM,construct=UPRE1,plate=20260722|construct=UPRE1|dose_mM=1,UPRE1,,20260722,1.0,1,train,3,5,c7eef69d915eff4b598b7b5e91800726a50efc8a8b0c5212932c90e0081170f4
real_biosensor,extrapolation,2,plate|construct|dose_mM,construct,dose_mM,construct=UPRE1,plate=20260722|construct=UPRE1|dose_mM=2,UPRE1,,20260722,2.0,2,train,3,5,c7eef69d915eff4b598b7b5e91800726a50efc8a8b0c5212932c90e0081170f4
real_biosensor,extrapolation,2,plate|construct|dose_mM,construct,dose_mM,construct=UPRE1,plate=20260728|construct=UPRE1|dose_mM=0,UPRE1,,20260728,0.0,0,train,3,5,c7eef69d915eff4b598b7b5e91800726a50efc8a8b0c5212932c90e0081170f4
real_biosensor,extrapolation,2,plate|construct|dose_mM,construct,dose_mM,construct=UPRE1,plate=20260728|construct=UPRE1|dose_mM=0.1,UPRE1,,20260728,0.1,0.1,train,3,5,c7eef69d915eff4b598b7b5e91800726a50efc8a8b0c5212932c90e0081170f4
real_biosensor,extrapolation,2,plate|construct|dose_mM,construct,dose_mM,construct=UPRE1,plate=20260728|construct=UPRE1|dose_mM=0.2,UPRE1,,20260728,0.2,0.2,train,3,5,c7eef69d915eff4b598b7b5e91800726a50efc8a8b0c5212932c90e0081170f4
real_biosensor,extrapolation,2,plate|construct|dose_mM,construct,dose_mM,construct=UPRE1,plate=20260728|construct=UPRE1|dose_mM=0.5,UPRE1,,20260728,0.5,0.5,train,3,5,c7eef69d915eff4b598b7b5e91800726a50efc8a8b0c5212932c90e0081170f4
real_biosensor,extrapolation,2,plate|construct|dose_mM,construct,dose_mM,construct=UPRE1,plate=20260728|construct=UPRE1|dose_mM=1,UPRE1,,20260728,1.0,1,train,3,5,c7eef69d915eff4b598b7b5e91800726a50efc8a8b0c5212932c90e0081170f4
real_biosensor,extrapolation,2,plate|construct|dose_mM,construct,dose_mM,construct=UPRE1,plate=20260728|construct=UPRE1|dose_mM=2,UPRE1,,20260728,2.0,2,train,3,5,c7eef69d915eff4b598b7b5e91800726a50efc8a8b0c5212932c90e0081170f4
real_biosensor,extrapolation,2,plate|construct|dose_mM,construct,dose_mM,construct=UPRE1,plate=20260803|construct=UPRE1|dose_mM=0,UPRE1,,20260803,0.0,0,train,3,5,c7eef69d915eff4b598b7b5e91800726a50efc8a8b0c5212932c90e0081170f4
real_biosensor,extrapolation,2,plate|construct|dose_mM,construct,dose_mM,construct=UPRE1,plate=20260803|construct=UPRE1|dose_mM=0.1,UPRE1,,20260803,0.1,0.1,train,3,5,c7eef69d915eff4b598b7b5e91800726a50efc8a8b0c5212932c90e0081170f4
real_biosensor,extrapolation,2,plate|construct|dose_mM,construct,dose_mM,construct=UPRE1,plate=20260803|construct=UPRE1|dose_mM=0.2,UPRE1,,20260803,0.2,0.2,train,3,5,c7eef69d915eff4b598b7b5e91800726a50efc8a8b0c5212932c90e0081170f4
real_biosensor,extrapolation,2,plate|construct|dose_mM,construct,dose_mM,construct=UPRE1,plate=20260803|construct=UPRE1|dose_mM=0.5,UPRE1,,20260803,0.5,0.5,train,3,5,c7eef69d915eff4b598b7b5e91800726a50efc8a8b0c5212932c90e0081170f4
real_biosensor,extrapolation,2,plate|construct|dose_mM,construct,dose_mM,construct=UPRE1,plate=20260803|construct=UPRE1|dose_mM=1,UPRE1,,20260803,1.0,1,train,3,5,c7eef69d915eff4b598b7b5e91800726a50efc8a8b0c5212932c90e0081170f4
real_biosensor,extrapolation,2,plate|construct|dose_mM,construct,dose_mM,construct=UPRE1,plate=20260803|construct=UPRE1|dose_mM=2,UPRE1,,20260803,2.0,2,train,3,5,c7eef69d915eff4b598b7b5e91800726a50efc8a8b0c5212932c90e0081170f4
real_biosensor,extrapolation,2,plate|construct|dose_mM,construct,dose_mM,construct=UPRE1,plate=20260804|construct=UPRE1|dose_mM=0,UPRE1,,20260804,0.0,0,train,3,5,c7eef69d915eff4b598b7b5e91800726a50efc8a8b0c5212932c90e0081170f4
real_biosensor,extrapolation,2,plate|construct|dose_mM,construct,dose_mM,construct=UPRE1,plate=20260804|construct=UPRE1|dose_mM=0.1,UPRE1,,20260804,0.1,0.1,train,3,5,c7eef69d915eff4b598b7b5e91800726a50efc8a8b0c5212932c90e0081170f4
real_biosensor,extrapolation,2,plate|construct|dose_mM,construct,dose_mM,construct=UPRE1,plate=20260804|construct=UPRE1|dose_mM=0.2,UPRE1,,20260804,0.2,0.2,train,3,5,c7eef69d915eff4b598b7b5e91800726a50efc8a8b0c5212932c90e0081170f4
real_biosensor,extrapolation,2,plate|construct|dose_mM,construct,dose_mM,construct=UPRE1,plate=20260804|construct=UPRE1|dose_mM=0.5,UPRE1,,20260804,0.5,0.5,train,3,5,c7eef69d915eff4b598b7b5e91800726a50efc8a8b0c5212932c90e0081170f4
real_biosensor,extrapolation,2,plate|construct|dose_mM,construct,dose_mM,construct=UPRE1,plate=20260804|construct=UPRE1|dose_mM=1,UPRE1,,20260804,1.0,1,train,3,5,c7eef69d915eff4b598b7b5e91800726a50efc8a8b0c5212932c90e0081170f4
real_biosensor,extrapolation,2,plate|construct|dose_mM,construct,dose_mM,construct=UPRE1,plate=20260804|construct=UPRE1|dose_mM=2,UPRE1,,20260804,2.0,2,train,3,5,c7eef69d915eff4b598b7b5e91800726a50efc8a8b0c5212932c90e0081170f4
real_biosensor,extrapolation,2,plate|construct|dose_mM,construct,dose_mM,construct=UPRE2,plate=20260722|construct=UPRE2|dose_mM=5,UPRE2,,20260722,5.0,5,test,3,5,c7eef69d915eff4b598b7b5e91800726a50efc8a8b0c5212932c90e0081170f4
real_biosensor,extrapolation,2,plate|construct|dose_mM,construct,dose_mM,construct=UPRE2,plate=20260728|construct=UPRE2|dose_mM=5,UPRE2,,20260728,5.0,5,test,3,5,c7eef69d915eff4b598b7b5e91800726a50efc8a8b0c5212932c90e0081170f4
real_biosensor,extrapolation,2,plate|construct|dose_mM,construct,dose_mM,construct=UPRE2,plate=20260803|construct=UPRE2|dose_mM=5,UPRE2,,20260803,5.0,5,test,3,5,c7eef69d915eff4b598b7b5e91800726a50efc8a8b0c5212932c90e0081170f4
real_biosensor,extrapolation,2,plate|construct|dose_mM,construct,dose_mM,construct=UPRE2,plate=20260804|construct=UPRE2|dose_mM=5,UPRE2,,20260804,5.0,5,test,3,5,c7eef69d915eff4b598b7b5e91800726a50efc8a8b0c5212932c90e0081170f4
real_biosensor,extrapolation,2,plate|construct|dose_mM,construct,dose_mM,construct=UPRE2,plate=20260722|construct=UPRE2|dose_mM=0,UPRE2,,20260722,0.0,0,train,3,5,c7eef69d915eff4b598b7b5e91800726a50efc8a8b0c5212932c90e0081170f4
real_biosensor,extrapolation,2,plate|construct|dose_mM,construct,dose_mM,construct=UPRE2,plate=20260722|construct=UPRE2|dose_mM=0.1,UPRE2,,20260722,0.1,0.1,train,3,5,c7eef69d915eff4b598b7b5e91800726a50efc8a8b0c5212932c90e0081170f4
real_biosensor,extrapolation,2,plate|construct|dose_mM,construct,dose_mM,construct=UPRE2,plate=20260722|construct=UPRE2|dose_mM=0.2,UPRE2,,20260722,0.2,0.2,train,3,5,c7eef69d915eff4b598b7b5e91800726a50efc8a8b0c5212932c90e0081170f4
real_biosensor,extrapolation,2,plate|construct|dose_mM,construct,dose_mM,construct=UPRE2,plate=20260722|construct=UPRE2|dose_mM=0.5,UPRE2,,20260722,0.5,0.5,train,3,5,c7eef69d915eff4b598b7b5e91800726a50efc8a8b0c5212932c90e0081170f4
real_biosensor,extrapolation,2,plate|construct|dose_mM,construct,dose_mM,construct=UPRE2,plate=20260722|construct=UPRE2|dose_mM=1,UPRE2,,20260722,1.0,1,train,3,5,c7eef69d915eff4b598b7b5e91800726a50efc8a8b0c5212932c90e0081170f4
real_biosensor,extrapolation,2,plate|construct|dose_mM,construct,dose_mM,construct=UPRE2,plate=20260722|construct=UPRE2|dose_mM=2,UPRE2,,20260722,2.0,2,train,3,5,c7eef69d915eff4b598b7b5e91800726a50efc8a8b0c5212932c90e0081170f4
real_biosensor,extrapolation,2,plate|construct|dose_mM,construct,dose_mM,construct=UPRE2,plate=20260728|construct=UPRE2|dose_mM=0,UPRE2,,20260728,0.0,0,train,3,5,c7eef69d915eff4b598b7b5e91800726a50efc8a8b0c5212932c90e0081170f4
real_biosensor,extrapolation,2,plate|construct|dose_mM,construct,dose_mM,construct=UPRE2,plate=20260728|construct=UPRE2|dose_mM=0.1,UPRE2,,20260728,0.1,0.1,train,3,5,c7eef69d915eff4b598b7b5e91800726a50efc8a8b0c5212932c90e0081170f4
real_biosensor,extrapolation,2,plate|construct|dose_mM,construct,dose_mM,construct=UPRE2,plate=20260728|construct=UPRE2|dose_mM=0.2,UPRE2,,20260728,0.2,0.2,train,3,5,c7eef69d915eff4b598b7b5e91800726a50efc8a8b0c5212932c90e0081170f4
real_biosensor,extrapolation,2,plate|construct|dose_mM,construct,dose_mM,construct=UPRE2,plate=20260728|construct=UPRE2|dose_mM=0.5,UPRE2,,20260728,0.5,0.5,train,3,5,c7eef69d915eff4b598b7b5e91800726a50efc8a8b0c5212932c90e0081170f4
real_biosensor,extrapolation,2,plate|construct|dose_mM,construct,dose_mM,construct=UPRE2,plate=20260728|construct=UPRE2|dose_mM=1,UPRE2,,20260728,1.0,1,train,3,5,c7eef69d915eff4b598b7b5e91800726a50efc8a8b0c5212932c90e0081170f4
real_biosensor,extrapolation,2,plate|construct|dose_mM,construct,dose_mM,construct=UPRE2,plate=20260728|construct=UPRE2|dose_mM=2,UPRE2,,20260728,2.0,2,train,3,5,c7eef69d915eff4b598b7b5e91800726a50efc8a8b0c5212932c90e0081170f4
real_biosensor,extrapolation,2,plate|construct|dose_mM,construct,dose_mM,construct=UPRE2,plate=20260803|construct=UPRE2|dose_mM=0,UPRE2,,20260803,0.0,0,train,3,5,c7eef69d915eff4b598b7b5e91800726a50efc8a8b0c5212932c90e0081170f4
real_biosensor,extrapolation,2,plate|construct|dose_mM,construct,dose_mM,construct=UPRE2,plate=20260803|construct=UPRE2|dose_mM=0.1,UPRE2,,20260803,0.1,0.1,train,3,5,c7eef69d915eff4b598b7b5e91800726a50efc8a8b0c5212932c90e0081170f4
real_biosensor,extrapolation,2,plate|construct|dose_mM,construct,dose_mM,construct=UPRE2,plate=20260803|construct=UPRE2|dose_mM=0.2,UPRE2,,20260803,0.2,0.2,train,3,5,c7eef69d915eff4b598b7b5e91800726a50efc8a8b0c5212932c90e0081170f4
real_biosensor,extrapolation,2,plate|construct|dose_mM,construct,dose_mM,construct=UPRE2,plate=20260803|construct=UPRE2|dose_mM=0.5,UPRE2,,20260803,0.5,0.5,train,3,5,c7eef69d915eff4b598b7b5e91800726a50efc8a8b0c5212932c90e0081170f4
real_biosensor,extrapolation,2,plate|construct|dose_mM,construct,dose_mM,construct=UPRE2,plate=20260803|construct=UPRE2|dose_mM=1,UPRE2,,20260803,1.0,1,train,3,5,c7eef69d915eff4b598b7b5e91800726a50efc8a8b0c5212932c90e0081170f4
real_biosensor,extrapolation,2,plate|construct|dose_mM,construct,dose_mM,construct=UPRE2,plate=20260803|construct=UPRE2|dose_mM=2,UPRE2,,20260803,2.0,2,train,3,5,c7eef69d915eff4b598b7b5e91800726a50efc8a8b0c5212932c90e0081170f4
real_biosensor,extrapolation,2,plate|construct|dose_mM,construct,dose_mM,construct=UPRE2,plate=20260804|construct=UPRE2|dose_mM=0,UPRE2,,20260804,0.0,0,train,3,5,c7eef69d915eff4b598b7b5e91800726a50efc8a8b0c5212932c90e0081170f4
real_biosensor,extrapolation,2,plate|construct|dose_mM,construct,dose_mM,construct=UPRE2,plate=20260804|construct=UPRE2|dose_mM=0.1,UPRE2,,20260804,0.1,0.1,train,3,5,c7eef69d915eff4b598b7b5e91800726a50efc8a8b0c5212932c90e0081170f4
real_biosensor,extrapolation,2,plate|construct|dose_mM,construct,dose_mM,construct=UPRE2,plate=20260804|construct=UPRE2|dose_mM=0.2,UPRE2,,20260804,0.2,0.2,train,3,5,c7eef69d915eff4b598b7b5e91800726a50efc8a8b0c5212932c90e0081170f4
real_biosensor,extrapolation,2,plate|construct|dose_mM,construct,dose_mM,construct=UPRE2,plate=20260804|construct=UPRE2|dose_mM=0.5,UPRE2,,20260804,0.5,0.5,train,3,5,c7eef69d915eff4b598b7b5e91800726a50efc8a8b0c5212932c90e0081170f4
real_biosensor,extrapolation,2,plate|construct|dose_mM,construct,dose_mM,construct=UPRE2,plate=20260804|construct=UPRE2|dose_mM=1,UPRE2,,20260804,1.0,1,train,3,5,c7eef69d915eff4b598b7b5e91800726a50efc8a8b0c5212932c90e0081170f4
real_biosensor,extrapolation,2,plate|construct|dose_mM,construct,dose_mM,construct=UPRE2,plate=20260804|construct=UPRE2|dose_mM=2,UPRE2,,20260804,2.0,2,train,3,5,c7eef69d915eff4b598b7b5e91800726a50efc8a8b0c5212932c90e0081170f4
real_biosensor,heldout_construct,0,plate|construct|dose_mM,stressor,construct,stressor=DTT,plate=20260722|construct=UPRE2|dose_mM=0,UPRE2,DTT,20260722,0.0,UPRE2,test,3,UPRE2,98ca4afb57c4da786e8107c061723188558bb579c9a260ddf749e09e763df104
real_biosensor,heldout_construct,0,plate|construct|dose_mM,stressor,construct,stressor=DTT,plate=20260722|construct=UPRE2|dose_mM=0.1,UPRE2,DTT,20260722,0.1,UPRE2,test,3,UPRE2,98ca4afb57c4da786e8107c061723188558bb579c9a260ddf749e09e763df104
real_biosensor,heldout_construct,0,plate|construct|dose_mM,stressor,construct,stressor=DTT,plate=20260722|construct=UPRE2|dose_mM=0.2,UPRE2,DTT,20260722,0.2,UPRE2,test,3,UPRE2,98ca4afb57c4da786e8107c061723188558bb579c9a260ddf749e09e763df104
real_biosensor,heldout_construct,0,plate|construct|dose_mM,stressor,construct,stressor=DTT,plate=20260722|construct=UPRE2|dose_mM=0.5,UPRE2,DTT,20260722,0.5,UPRE2,test,3,UPRE2,98ca4afb57c4da786e8107c061723188558bb579c9a260ddf749e09e763df104
real_biosensor,heldout_construct,0,plate|construct|dose_mM,stressor,construct,stressor=DTT,plate=20260722|construct=UPRE2|dose_mM=1,UPRE2,DTT,20260722,1.0,UPRE2,test,3,UPRE2,98ca4afb57c4da786e8107c061723188558bb579c9a260ddf749e09e763df104
real_biosensor,heldout_construct,0,plate|construct|dose_mM,stressor,construct,stressor=DTT,plate=20260722|construct=UPRE2|dose_mM=2,UPRE2,DTT,20260722,2.0,UPRE2,test,3,UPRE2,98ca4afb57c4da786e8107c061723188558bb579c9a260ddf749e09e763df104
real_biosensor,heldout_construct,0,plate|construct|dose_mM,stressor,construct,stressor=DTT,plate=20260722|construct=UPRE2|dose_mM=5,UPRE2,DTT,20260722,5.0,UPRE2,test,3,UPRE2,98ca4afb57c4da786e8107c061723188558bb579c9a260ddf749e09e763df104
real_biosensor,heldout_construct,0,plate|construct|dose_mM,stressor,construct,stressor=DTT,plate=20260728|construct=UPRE2|dose_mM=0,UPRE2,DTT,20260728,0.0,UPRE2,test,3,UPRE2,98ca4afb57c4da786e8107c061723188558bb579c9a260ddf749e09e763df104
real_biosensor,heldout_construct,0,plate|construct|dose_mM,stressor,construct,stressor=DTT,plate=20260728|construct=UPRE2|dose_mM=0.1,UPRE2,DTT,20260728,0.1,UPRE2,test,3,UPRE2,98ca4afb57c4da786e8107c061723188558bb579c9a260ddf749e09e763df104
real_biosensor,heldout_construct,0,plate|construct|dose_mM,stressor,construct,stressor=DTT,plate=20260728|construct=UPRE2|dose_mM=0.2,UPRE2,DTT,20260728,0.2,UPRE2,test,3,UPRE2,98ca4afb57c4da786e8107c061723188558bb579c9a260ddf749e09e763df104
real_biosensor,heldout_construct,0,plate|construct|dose_mM,stressor,construct,stressor=DTT,plate=20260728|construct=UPRE2|dose_mM=0.5,UPRE2,DTT,20260728,0.5,UPRE2,test,3,UPRE2,98ca4afb57c4da786e8107c061723188558bb579c9a260ddf749e09e763df104
real_biosensor,heldout_construct,0,plate|construct|dose_mM,stressor,construct,stressor=DTT,plate=20260728|construct=UPRE2|dose_mM=1,UPRE2,DTT,20260728,1.0,UPRE2,test,3,UPRE2,98ca4afb57c4da786e8107c061723188558bb579c9a260ddf749e09e763df104
real_biosensor,heldout_construct,0,plate|construct|dose_mM,stressor,construct,stressor=DTT,plate=20260728|construct=UPRE2|dose_mM=2,UPRE2,DTT,20260728,2.0,UPRE2,test,3,UPRE2,98ca4afb57c4da786e8107c061723188558bb579c9a260ddf749e09e763df104
real_biosensor,heldout_construct,0,plate|construct|dose_mM,stressor,construct,stressor=DTT,plate=20260728|construct=UPRE2|dose_mM=5,UPRE2,DTT,20260728,5.0,UPRE2,test,3,UPRE2,98ca4afb57c4da786e8107c061723188558bb579c9a260ddf749e09e763df104
real_biosensor,heldout_construct,0,plate|construct|dose_mM,stressor,construct,stressor=DTT,plate=20260803|construct=UPRE2|dose_mM=0,UPRE2,DTT,20260803,0.0,UPRE2,test,3,UPRE2,98ca4afb57c4da786e8107c061723188558bb579c9a260ddf749e09e763df104
real_biosensor,heldout_construct,0,plate|construct|dose_mM,stressor,construct,stressor=DTT,plate=20260803|construct=UPRE2|dose_mM=0.1,UPRE2,DTT,20260803,0.1,UPRE2,test,3,UPRE2,98ca4afb57c4da786e8107c061723188558bb579c9a260ddf749e09e763df104
real_biosensor,heldout_construct,0,plate|construct|dose_mM,stressor,construct,stressor=DTT,plate=20260803|construct=UPRE2|dose_mM=0.2,UPRE2,DTT,20260803,0.2,UPRE2,test,3,UPRE2,98ca4afb57c4da786e8107c061723188558bb579c9a260ddf749e09e763df104
real_biosensor,heldout_construct,0,plate|construct|dose_mM,stressor,construct,stressor=DTT,plate=20260803|construct=UPRE2|dose_mM=0.5,UPRE2,DTT,20260803,0.5,UPRE2,test,3,UPRE2,98ca4afb57c4da786e8107c061723188558bb579c9a260ddf749e09e763df104
real_biosensor,heldout_construct,0,plate|construct|dose_mM,stressor,construct,stressor=DTT,plate=20260803|construct=UPRE2|dose_mM=1,UPRE2,DTT,20260803,1.0,UPRE2,test,3,UPRE2,98ca4afb57c4da786e8107c061723188558bb579c9a260ddf749e09e763df104
real_biosensor,heldout_construct,0,plate|construct|dose_mM,stressor,construct,stressor=DTT,plate=20260803|construct=UPRE2|dose_mM=2,UPRE2,DTT,20260803,2.0,UPRE2,test,3,UPRE2,98ca4afb57c4da786e8107c061723188558bb579c9a260ddf749e09e763df104
real_biosensor,heldout_construct,0,plate|construct|dose_mM,stressor,construct,stressor=DTT,plate=20260803|construct=UPRE2|dose_mM=5,UPRE2,DTT,20260803,5.0,UPRE2,test,3,UPRE2,98ca4afb57c4da786e8107c061723188558bb579c9a260ddf749e09e763df104
real_biosensor,heldout_construct,0,plate|construct|dose_mM,stressor,construct,stressor=DTT,plate=20260804|construct=UPRE2|dose_mM=0,UPRE2,DTT,20260804,0.0,UPRE2,test,3,UPRE2,98ca4afb57c4da786e8107c061723188558bb579c9a260ddf749e09e763df104
real_biosensor,heldout_construct,0,plate|construct|dose_mM,stressor,construct,stressor=DTT,plate=20260804|construct=UPRE2|dose_mM=0.1,UPRE2,DTT,20260804,0.1,UPRE2,test,3,UPRE2,98ca4afb57c4da786e8107c061723188558bb579c9a260ddf749e09e763df104
real_biosensor,heldout_construct,0,plate|construct|dose_mM,stressor,construct,stressor=DTT,plate=20260804|construct=UPRE2|dose_mM=0.2,UPRE2,DTT,20260804,0.2,UPRE2,test,3,UPRE2,98ca4afb57c4da786e8107c061723188558bb579c9a260ddf749e09e763df104
real_biosensor,heldout_construct,0,plate|construct|dose_mM,stressor,construct,stressor=DTT,plate=20260804|construct=UPRE2|dose_mM=0.5,UPRE2,DTT,20260804,0.5,UPRE2,test,3,UPRE2,98ca4afb57c4da786e8107c061723188558bb579c9a260ddf749e09e763df104
real_biosensor,heldout_construct,0,plate|construct|dose_mM,stressor,construct,stressor=DTT,plate=20260804|construct=UPRE2|dose_mM=1,UPRE2,DTT,20260804,1.0,UPRE2,test,3,UPRE2,98ca4afb57c4da786e8107c061723188558bb579c9a260ddf749e09e763df104
real_biosensor,heldout_construct,0,plate|construct|dose_mM,stressor,construct,stressor=DTT,plate=20260804|construct=UPRE2|dose_mM=2,UPRE2,DTT,20260804,2.0,UPRE2,test,3,UPRE2,98ca4afb57c4da786e8107c061723188558bb579c9a260ddf749e09e763df104
real_biosensor,heldout_construct,0,plate|construct|dose_mM,stressor,construct,stressor=DTT,plate=20260804|construct=UPRE2|dose_mM=5,UPRE2,DTT,20260804,5.0,UPRE2,test,3,UPRE2,98ca4afb57c4da786e8107c061723188558bb579c9a260ddf749e09e763df104
real_biosensor,heldout_construct,0,plate|construct|dose_mM,stressor,construct,stressor=DTT,plate=20260722|construct=UPRE1|dose_mM=0,UPRE1,DTT,20260722,0.0,UPRE1,train,3,UPRE2,98ca4afb57c4da786e8107c061723188558bb579c9a260ddf749e09e763df104
real_biosensor,heldout_construct,0,plate|construct|dose_mM,stressor,construct,stressor=DTT,plate=20260722|construct=UPRE1|dose_mM=0.1,UPRE1,DTT,20260722,0.1,UPRE1,train,3,UPRE2,98ca4afb57c4da786e8107c061723188558bb579c9a260ddf749e09e763df104
real_biosensor,heldout_construct,0,plate|construct|dose_mM,stressor,construct,stressor=DTT,plate=20260722|construct=UPRE1|dose_mM=0.2,UPRE1,DTT,20260722,0.2,UPRE1,train,3,UPRE2,98ca4afb57c4da786e8107c061723188558bb579c9a260ddf749e09e763df104
real_biosensor,heldout_construct,0,plate|construct|dose_mM,stressor,construct,stressor=DTT,plate=20260722|construct=UPRE1|dose_mM=0.5,UPRE1,DTT,20260722,0.5,UPRE1,train,3,UPRE2,98ca4afb57c4da786e8107c061723188558bb579c9a260ddf749e09e763df104
real_biosensor,heldout_construct,0,plate|construct|dose_mM,stressor,construct,stressor=DTT,plate=20260722|construct=UPRE1|dose_mM=1,UPRE1,DTT,20260722,1.0,UPRE1,train,3,UPRE2,98ca4afb57c4da786e8107c061723188558bb579c9a260ddf749e09e763df104
real_biosensor,heldout_construct,0,plate|construct|dose_mM,stressor,construct,stressor=DTT,plate=20260722|construct=UPRE1|dose_mM=2,UPRE1,DTT,20260722,2.0,UPRE1,train,3,UPRE2,98ca4afb57c4da786e8107c061723188558bb579c9a260ddf749e09e763df104
real_biosensor,heldout_construct,0,plate|construct|dose_mM,stressor,construct,stressor=DTT,plate=20260722|construct=UPRE1|dose_mM=5,UPRE1,DTT,20260722,5.0,UPRE1,train,3,UPRE2,98ca4afb57c4da786e8107c061723188558bb579c9a260ddf749e09e763df104
real_biosensor,heldout_construct,0,plate|construct|dose_mM,stressor,construct,stressor=DTT,plate=20260728|construct=UPRE1|dose_mM=0,UPRE1,DTT,20260728,0.0,UPRE1,train,3,UPRE2,98ca4afb57c4da786e8107c061723188558bb579c9a260ddf749e09e763df104
real_biosensor,heldout_construct,0,plate|construct|dose_mM,stressor,construct,stressor=DTT,plate=20260728|construct=UPRE1|dose_mM=0.1,UPRE1,DTT,20260728,0.1,UPRE1,train,3,UPRE2,98ca4afb57c4da786e8107c061723188558bb579c9a260ddf749e09e763df104
real_biosensor,heldout_construct,0,plate|construct|dose_mM,stressor,construct,stressor=DTT,plate=20260728|construct=UPRE1|dose_mM=0.2,UPRE1,DTT,20260728,0.2,UPRE1,train,3,UPRE2,98ca4afb57c4da786e8107c061723188558bb579c9a260ddf749e09e763df104
real_biosensor,heldout_construct,0,plate|construct|dose_mM,stressor,construct,stressor=DTT,plate=20260728|construct=UPRE1|dose_mM=0.5,UPRE1,DTT,20260728,0.5,UPRE1,train,3,UPRE2,98ca4afb57c4da786e8107c061723188558bb579c9a260ddf749e09e763df104
real_biosensor,heldout_construct,0,plate|construct|dose_mM,stressor,construct,stressor=DTT,plate=20260728|construct=UPRE1|dose_mM=1,UPRE1,DTT,20260728,1.0,UPRE1,train,3,UPRE2,98ca4afb57c4da786e8107c061723188558bb579c9a260ddf749e09e763df104
real_biosensor,heldout_construct,0,plate|construct|dose_mM,stressor,construct,stressor=DTT,plate=20260728|construct=UPRE1|dose_mM=2,UPRE1,DTT,20260728,2.0,UPRE1,train,3,UPRE2,98ca4afb57c4da786e8107c061723188558bb579c9a260ddf749e09e763df104
real_biosensor,heldout_construct,0,plate|construct|dose_mM,stressor,construct,stressor=DTT,plate=20260728|construct=UPRE1|dose_mM=5,UPRE1,DTT,20260728,5.0,UPRE1,train,3,UPRE2,98ca4afb57c4da786e8107c061723188558bb579c9a260ddf749e09e763df104
real_biosensor,heldout_construct,0,plate|construct|dose_mM,stressor,construct,stressor=DTT,plate=20260803|construct=UPRE1|dose_mM=0,UPRE1,DTT,20260803,0.0,UPRE1,train,3,UPRE2,98ca4afb57c4da786e8107c061723188558bb579c9a260ddf749e09e763df104
real_biosensor,heldout_construct,0,plate|construct|dose_mM,stressor,construct,stressor=DTT,plate=20260803|construct=UPRE1|dose_mM=0.1,UPRE1,DTT,20260803,0.1,UPRE1,train,3,UPRE2,98ca4afb57c4da786e8107c061723188558bb579c9a260ddf749e09e763df104
real_biosensor,heldout_construct,0,plate|construct|dose_mM,stressor,construct,stressor=DTT,plate=20260803|construct=UPRE1|dose_mM=0.2,UPRE1,DTT,20260803,0.2,UPRE1,train,3,UPRE2,98ca4afb57c4da786e8107c061723188558bb579c9a260ddf749e09e763df104
real_biosensor,heldout_construct,0,plate|construct|dose_mM,stressor,construct,stressor=DTT,plate=20260803|construct=UPRE1|dose_mM=0.5,UPRE1,DTT,20260803,0.5,UPRE1,train,3,UPRE2,98ca4afb57c4da786e8107c061723188558bb579c9a260ddf749e09e763df104
real_biosensor,heldout_construct,0,plate|construct|dose_mM,stressor,construct,stressor=DTT,plate=20260803|construct=UPRE1|dose_mM=1,UPRE1,DTT,20260803,1.0,UPRE1,train,3,UPRE2,98ca4afb57c4da786e8107c061723188558bb579c9a260ddf749e09e763df104
real_biosensor,heldout_construct,0,plate|construct|dose_mM,stressor,construct,stressor=DTT,plate=20260803|construct=UPRE1|dose_mM=2,UPRE1,DTT,20260803,2.0,UPRE1,train,3,UPRE2,98ca4afb57c4da786e8107c061723188558bb579c9a260ddf749e09e763df104
real_biosensor,heldout_construct,0,plate|construct|dose_mM,stressor,construct,stressor=DTT,plate=20260803|construct=UPRE1|dose_mM=5,UPRE1,DTT,20260803,5.0,UPRE1,train,3,UPRE2,98ca4afb57c4da786e8107c061723188558bb579c9a260ddf749e09e763df104
real_biosensor,heldout_construct,0,plate|construct|dose_mM,stressor,construct,stressor=DTT,plate=20260804|construct=UPRE1|dose_mM=0,UPRE1,DTT,20260804,0.0,UPRE1,train,3,UPRE2,98ca4afb57c4da786e8107c061723188558bb579c9a260ddf749e09e763df104
real_biosensor,heldout_construct,0,plate|construct|dose_mM,stressor,construct,stressor=DTT,plate=20260804|construct=UPRE1|dose_mM=0.1,UPRE1,DTT,20260804,0.1,UPRE1,train,3,UPRE2,98ca4afb57c4da786e8107c061723188558bb579c9a260ddf749e09e763df104
real_biosensor,heldout_construct,0,plate|construct|dose_mM,stressor,construct,stressor=DTT,plate=20260804|construct=UPRE1|dose_mM=0.2,UPRE1,DTT,20260804,0.2,UPRE1,train,3,UPRE2,98ca4afb57c4da786e8107c061723188558bb579c9a260ddf749e09e763df104
real_biosensor,heldout_construct,0,plate|construct|dose_mM,stressor,construct,stressor=DTT,plate=20260804|construct=UPRE1|dose_mM=0.5,UPRE1,DTT,20260804,0.5,UPRE1,train,3,UPRE2,98ca4afb57c4da786e8107c061723188558bb579c9a260ddf749e09e763df104
real_biosensor,heldout_construct,0,plate|construct|dose_mM,stressor,construct,stressor=DTT,plate=20260804|construct=UPRE1|dose_mM=1,UPRE1,DTT,20260804,1.0,UPRE1,train,3,UPRE2,98ca4afb57c4da786e8107c061723188558bb579c9a260ddf749e09e763df104
real_biosensor,heldout_construct,0,plate|construct|dose_mM,stressor,construct,stressor=DTT,plate=20260804|construct=UPRE1|dose_mM=2,UPRE1,DTT,20260804,2.0,UPRE1,train,3,UPRE2,98ca4afb57c4da786e8107c061723188558bb579c9a260ddf749e09e763df104
real_biosensor,heldout_construct,0,plate|construct|dose_mM,stressor,construct,stressor=DTT,plate=20260804|construct=UPRE1|dose_mM=5,UPRE1,DTT,20260804,5.0,UPRE1,train,3,UPRE2,98ca4afb57c4da786e8107c061723188558bb579c9a260ddf749e09e763df104
real_biosensor,heldout_construct,0,plate|construct|dose_mM,stressor,construct,stressor=H2O2,plate=20260722|construct=AlteredYap1|dose_mM=0,AlteredYap1,H2O2,20260722,0.0,AlteredYap1,test,3,AlteredYap1,98ca4afb57c4da786e8107c061723188558bb579c9a260ddf749e09e763df104
real_biosensor,heldout_construct,0,plate|construct|dose_mM,stressor,construct,stressor=H2O2,plate=20260722|construct=AlteredYap1|dose_mM=0.1,AlteredYap1,H2O2,20260722,0.1,AlteredYap1,test,3,AlteredYap1,98ca4afb57c4da786e8107c061723188558bb579c9a260ddf749e09e763df104
real_biosensor,heldout_construct,0,plate|construct|dose_mM,stressor,construct,stressor=H2O2,plate=20260722|construct=AlteredYap1|dose_mM=0.2,AlteredYap1,H2O2,20260722,0.2,AlteredYap1,test,3,AlteredYap1,98ca4afb57c4da786e8107c061723188558bb579c9a260ddf749e09e763df104
real_biosensor,heldout_construct,0,plate|construct|dose_mM,stressor,construct,stressor=H2O2,plate=20260722|construct=AlteredYap1|dose_mM=0.5,AlteredYap1,H2O2,20260722,0.5,AlteredYap1,test,3,AlteredYap1,98ca4afb57c4da786e8107c061723188558bb579c9a260ddf749e09e763df104
real_biosensor,heldout_construct,0,plate|construct|dose_mM,stressor,construct,stressor=H2O2,plate=20260722|construct=AlteredYap1|dose_mM=1,AlteredYap1,H2O2,20260722,1.0,AlteredYap1,test,3,AlteredYap1,98ca4afb57c4da786e8107c061723188558bb579c9a260ddf749e09e763df104
real_biosensor,heldout_construct,0,plate|construct|dose_mM,stressor,construct,stressor=H2O2,plate=20260722|construct=AlteredYap1|dose_mM=2,AlteredYap1,H2O2,20260722,2.0,AlteredYap1,test,3,AlteredYap1,98ca4afb57c4da786e8107c061723188558bb579c9a260ddf749e09e763df104
real_biosensor,heldout_construct,0,plate|construct|dose_mM,stressor,construct,stressor=H2O2,plate=20260722|construct=AlteredYap1|dose_mM=4,AlteredYap1,H2O2,20260722,4.0,AlteredYap1,test,3,AlteredYap1,98ca4afb57c4da786e8107c061723188558bb579c9a260ddf749e09e763df104
real_biosensor,heldout_construct,0,plate|construct|dose_mM,stressor,construct,stressor=H2O2,plate=20260728|construct=AlteredYap1|dose_mM=0,AlteredYap1,H2O2,20260728,0.0,AlteredYap1,test,3,AlteredYap1,98ca4afb57c4da786e8107c061723188558bb579c9a260ddf749e09e763df104
real_biosensor,heldout_construct,0,plate|construct|dose_mM,stressor,construct,stressor=H2O2,plate=20260728|construct=AlteredYap1|dose_mM=0.1,AlteredYap1,H2O2,20260728,0.1,AlteredYap1,test,3,AlteredYap1,98ca4afb57c4da786e8107c061723188558bb579c9a260ddf749e09e763df104
real_biosensor,heldout_construct,0,plate|construct|dose_mM,stressor,construct,stressor=H2O2,plate=20260728|construct=AlteredYap1|dose_mM=0.2,AlteredYap1,H2O2,20260728,0.2,AlteredYap1,test,3,AlteredYap1,98ca4afb57c4da786e8107c061723188558bb579c9a260ddf749e09e763df104
real_biosensor,heldout_construct,0,plate|construct|dose_mM,stressor,construct,stressor=H2O2,plate=20260728|construct=AlteredYap1|dose_mM=0.5,AlteredYap1,H2O2,20260728,0.5,AlteredYap1,test,3,AlteredYap1,98ca4afb57c4da786e8107c061723188558bb579c9a260ddf749e09e763df104
real_biosensor,heldout_construct,0,plate|construct|dose_mM,stressor,construct,stressor=H2O2,plate=20260728|construct=AlteredYap1|dose_mM=1,AlteredYap1,H2O2,20260728,1.0,AlteredYap1,test,3,AlteredYap1,98ca4afb57c4da786e8107c061723188558bb579c9a260ddf749e09e763df104
real_biosensor,heldout_construct,0,plate|construct|dose_mM,stressor,construct,stressor=H2O2,plate=20260728|construct=AlteredYap1|dose_mM=2,AlteredYap1,H2O2,20260728,2.0,AlteredYap1,test,3,AlteredYap1,98ca4afb57c4da786e8107c061723188558bb579c9a260ddf749e09e763df104
real_biosensor,heldout_construct,0,plate|construct|dose_mM,stressor,construct,stressor=H2O2,plate=20260728|construct=AlteredYap1|dose_mM=4,AlteredYap1,H2O2,20260728,4.0,AlteredYap1,test,3,AlteredYap1,98ca4afb57c4da786e8107c061723188558bb579c9a260ddf749e09e763df104
real_biosensor,heldout_construct,0,plate|construct|dose_mM,stressor,construct,stressor=H2O2,plate=20260803|construct=AlteredYap1|dose_mM=0,AlteredYap1,H2O2,20260803,0.0,AlteredYap1,test,3,AlteredYap1,98ca4afb57c4da786e8107c061723188558bb579c9a260ddf749e09e763df104
real_biosensor,heldout_construct,0,plate|construct|dose_mM,stressor,construct,stressor=H2O2,plate=20260803|construct=AlteredYap1|dose_mM=0.1,AlteredYap1,H2O2,20260803,0.1,AlteredYap1,test,3,AlteredYap1,98ca4afb57c4da786e8107c061723188558bb579c9a260ddf749e09e763df104
real_biosensor,heldout_construct,0,plate|construct|dose_mM,stressor,construct,stressor=H2O2,plate=20260803|construct=AlteredYap1|dose_mM=0.2,AlteredYap1,H2O2,20260803,0.2,AlteredYap1,test,3,AlteredYap1,98ca4afb57c4da786e8107c061723188558bb579c9a260ddf749e09e763df104
real_biosensor,heldout_construct,0,plate|construct|dose_mM,stressor,construct,stressor=H2O2,plate=20260803|construct=AlteredYap1|dose_mM=0.5,AlteredYap1,H2O2,20260803,0.5,AlteredYap1,test,3,AlteredYap1,98ca4afb57c4da786e8107c061723188558bb579c9a260ddf749e09e763df104
real_biosensor,heldout_construct,0,plate|construct|dose_mM,stressor,construct,stressor=H2O2,plate=20260803|construct=AlteredYap1|dose_mM=1,AlteredYap1,H2O2,20260803,1.0,AlteredYap1,test,3,AlteredYap1,98ca4afb57c4da786e8107c061723188558bb579c9a260ddf749e09e763df104
real_biosensor,heldout_construct,0,plate|construct|dose_mM,stressor,construct,stressor=H2O2,plate=20260803|construct=AlteredYap1|dose_mM=2,AlteredYap1,H2O2,20260803,2.0,AlteredYap1,test,3,AlteredYap1,98ca4afb57c4da786e8107c061723188558bb579c9a260ddf749e09e763df104
real_biosensor,heldout_construct,0,plate|construct|dose_mM,stressor,construct,stressor=H2O2,plate=20260803|construct=AlteredYap1|dose_mM=4,AlteredYap1,H2O2,20260803,4.0,AlteredYap1,test,3,AlteredYap1,98ca4afb57c4da786e8107c061723188558bb579c9a260ddf749e09e763df104
real_biosensor,heldout_construct,0,plate|construct|dose_mM,stressor,construct,stressor=H2O2,plate=20260804|construct=AlteredYap1|dose_mM=0,AlteredYap1,H2O2,20260804,0.0,AlteredYap1,test,3,AlteredYap1,98ca4afb57c4da786e8107c061723188558bb579c9a260ddf749e09e763df104
real_biosensor,heldout_construct,0,plate|construct|dose_mM,stressor,construct,stressor=H2O2,plate=20260804|construct=AlteredYap1|dose_mM=0.1,AlteredYap1,H2O2,20260804,0.1,AlteredYap1,test,3,AlteredYap1,98ca4afb57c4da786e8107c061723188558bb579c9a260ddf749e09e763df104
real_biosensor,heldout_construct,0,plate|construct|dose_mM,stressor,construct,stressor=H2O2,plate=20260804|construct=AlteredYap1|dose_mM=0.2,AlteredYap1,H2O2,20260804,0.2,AlteredYap1,test,3,AlteredYap1,98ca4afb57c4da786e8107c061723188558bb579c9a260ddf749e09e763df104
real_biosensor,heldout_construct,0,plate|construct|dose_mM,stressor,construct,stressor=H2O2,plate=20260804|construct=AlteredYap1|dose_mM=0.5,AlteredYap1,H2O2,20260804,0.5,AlteredYap1,test,3,AlteredYap1,98ca4afb57c4da786e8107c061723188558bb579c9a260ddf749e09e763df104
real_biosensor,heldout_construct,0,plate|construct|dose_mM,stressor,construct,stressor=H2O2,plate=20260804|construct=AlteredYap1|dose_mM=1,AlteredYap1,H2O2,20260804,1.0,AlteredYap1,test,3,AlteredYap1,98ca4afb57c4da786e8107c061723188558bb579c9a260ddf749e09e763df104
real_biosensor,heldout_construct,0,plate|construct|dose_mM,stressor,construct,stressor=H2O2,plate=20260804|construct=AlteredYap1|dose_mM=2,AlteredYap1,H2O2,20260804,2.0,AlteredYap1,test,3,AlteredYap1,98ca4afb57c4da786e8107c061723188558bb579c9a260ddf749e09e763df104
real_biosensor,heldout_construct,0,plate|construct|dose_mM,stressor,construct,stressor=H2O2,plate=20260804|construct=AlteredYap1|dose_mM=4,AlteredYap1,H2O2,20260804,4.0,AlteredYap1,test,3,AlteredYap1,98ca4afb57c4da786e8107c061723188558bb579c9a260ddf749e09e763df104
real_biosensor,heldout_construct,0,plate|construct|dose_mM,stressor,construct,stressor=H2O2,plate=20260722|construct=NativeYap1|dose_mM=0,NativeYap1,H2O2,20260722,0.0,NativeYap1,train,3,AlteredYap1,98ca4afb57c4da786e8107c061723188558bb579c9a260ddf749e09e763df104
real_biosensor,heldout_construct,0,plate|construct|dose_mM,stressor,construct,stressor=H2O2,plate=20260722|construct=NativeYap1|dose_mM=0.1,NativeYap1,H2O2,20260722,0.1,NativeYap1,train,3,AlteredYap1,98ca4afb57c4da786e8107c061723188558bb579c9a260ddf749e09e763df104
real_biosensor,heldout_construct,0,plate|construct|dose_mM,stressor,construct,stressor=H2O2,plate=20260722|construct=NativeYap1|dose_mM=0.2,NativeYap1,H2O2,20260722,0.2,NativeYap1,train,3,AlteredYap1,98ca4afb57c4da786e8107c061723188558bb579c9a260ddf749e09e763df104
real_biosensor,heldout_construct,0,plate|construct|dose_mM,stressor,construct,stressor=H2O2,plate=20260722|construct=NativeYap1|dose_mM=0.5,NativeYap1,H2O2,20260722,0.5,NativeYap1,train,3,AlteredYap1,98ca4afb57c4da786e8107c061723188558bb579c9a260ddf749e09e763df104
real_biosensor,heldout_construct,0,plate|construct|dose_mM,stressor,construct,stressor=H2O2,plate=20260722|construct=NativeYap1|dose_mM=1,NativeYap1,H2O2,20260722,1.0,NativeYap1,train,3,AlteredYap1,98ca4afb57c4da786e8107c061723188558bb579c9a260ddf749e09e763df104
real_biosensor,heldout_construct,0,plate|construct|dose_mM,stressor,construct,stressor=H2O2,plate=20260722|construct=NativeYap1|dose_mM=2,NativeYap1,H2O2,20260722,2.0,NativeYap1,train,3,AlteredYap1,98ca4afb57c4da786e8107c061723188558bb579c9a260ddf749e09e763df104
real_biosensor,heldout_construct,0,plate|construct|dose_mM,stressor,construct,stressor=H2O2,plate=20260722|construct=NativeYap1|dose_mM=4,NativeYap1,H2O2,20260722,4.0,NativeYap1,train,3,AlteredYap1,98ca4afb57c4da786e8107c061723188558bb579c9a260ddf749e09e763df104
real_biosensor,heldout_construct,0,plate|construct|dose_mM,stressor,construct,stressor=H2O2,plate=20260728|construct=NativeYap1|dose_mM=0,NativeYap1,H2O2,20260728,0.0,NativeYap1,train,3,AlteredYap1,98ca4afb57c4da786e8107c061723188558bb579c9a260ddf749e09e763df104
real_biosensor,heldout_construct,0,plate|construct|dose_mM,stressor,construct,stressor=H2O2,plate=20260728|construct=NativeYap1|dose_mM=0.1,NativeYap1,H2O2,20260728,0.1,NativeYap1,train,3,AlteredYap1,98ca4afb57c4da786e8107c061723188558bb579c9a260ddf749e09e763df104
real_biosensor,heldout_construct,0,plate|construct|dose_mM,stressor,construct,stressor=H2O2,plate=20260728|construct=NativeYap1|dose_mM=0.2,NativeYap1,H2O2,20260728,0.2,NativeYap1,train,3,AlteredYap1,98ca4afb57c4da786e8107c061723188558bb579c9a260ddf749e09e763df104
real_biosensor,heldout_construct,0,plate|construct|dose_mM,stressor,construct,stressor=H2O2,plate=20260728|construct=NativeYap1|dose_mM=0.5,NativeYap1,H2O2,20260728,0.5,NativeYap1,train,3,AlteredYap1,98ca4afb57c4da786e8107c061723188558bb579c9a260ddf749e09e763df104
real_biosensor,heldout_construct,0,plate|construct|dose_mM,stressor,construct,stressor=H2O2,plate=20260728|construct=NativeYap1|dose_mM=1,NativeYap1,H2O2,20260728,1.0,NativeYap1,train,3,AlteredYap1,98ca4afb57c4da786e8107c061723188558bb579c9a260ddf749e09e763df104
real_biosensor,heldout_construct,0,plate|construct|dose_mM,stressor,construct,stressor=H2O2,plate=20260728|construct=NativeYap1|dose_mM=2,NativeYap1,H2O2,20260728,2.0,NativeYap1,train,3,AlteredYap1,98ca4afb57c4da786e8107c061723188558bb579c9a260ddf749e09e763df104
real_biosensor,heldout_construct,0,plate|construct|dose_mM,stressor,construct,stressor=H2O2,plate=20260728|construct=NativeYap1|dose_mM=4,NativeYap1,H2O2,20260728,4.0,NativeYap1,train,3,AlteredYap1,98ca4afb57c4da786e8107c061723188558bb579c9a260ddf749e09e763df104
real_biosensor,heldout_construct,0,plate|construct|dose_mM,stressor,construct,stressor=H2O2,plate=20260803|construct=NativeYap1|dose_mM=0,NativeYap1,H2O2,20260803,0.0,NativeYap1,train,3,AlteredYap1,98ca4afb57c4da786e8107c061723188558bb579c9a260ddf749e09e763df104
real_biosensor,heldout_construct,0,plate|construct|dose_mM,stressor,construct,stressor=H2O2,plate=20260803|construct=NativeYap1|dose_mM=0.1,NativeYap1,H2O2,20260803,0.1,NativeYap1,train,3,AlteredYap1,98ca4afb57c4da786e8107c061723188558bb579c9a260ddf749e09e763df104
real_biosensor,heldout_construct,0,plate|construct|dose_mM,stressor,construct,stressor=H2O2,plate=20260803|construct=NativeYap1|dose_mM=0.2,NativeYap1,H2O2,20260803,0.2,NativeYap1,train,3,AlteredYap1,98ca4afb57c4da786e8107c061723188558bb579c9a260ddf749e09e763df104
real_biosensor,heldout_construct,0,plate|construct|dose_mM,stressor,construct,stressor=H2O2,plate=20260803|construct=NativeYap1|dose_mM=0.5,NativeYap1,H2O2,20260803,0.5,NativeYap1,train,3,AlteredYap1,98ca4afb57c4da786e8107c061723188558bb579c9a260ddf749e09e763df104
real_biosensor,heldout_construct,0,plate|construct|dose_mM,stressor,construct,stressor=H2O2,plate=20260803|construct=NativeYap1|dose_mM=1,NativeYap1,H2O2,20260803,1.0,NativeYap1,train,3,AlteredYap1,98ca4afb57c4da786e8107c061723188558bb579c9a260ddf749e09e763df104
real_biosensor,heldout_construct,0,plate|construct|dose_mM,stressor,construct,stressor=H2O2,plate=20260803|construct=NativeYap1|dose_mM=2,NativeYap1,H2O2,20260803,2.0,NativeYap1,train,3,AlteredYap1,98ca4afb57c4da786e8107c061723188558bb579c9a260ddf749e09e763df104
real_biosensor,heldout_construct,0,plate|construct|dose_mM,stressor,construct,stressor=H2O2,plate=20260803|construct=NativeYap1|dose_mM=4,NativeYap1,H2O2,20260803,4.0,NativeYap1,train,3,AlteredYap1,98ca4afb57c4da786e8107c061723188558bb579c9a260ddf749e09e763df104
real_biosensor,heldout_construct,0,plate|construct|dose_mM,stressor,construct,stressor=H2O2,plate=20260804|construct=NativeYap1|dose_mM=0,NativeYap1,H2O2,20260804,0.0,NativeYap1,train,3,AlteredYap1,98ca4afb57c4da786e8107c061723188558bb579c9a260ddf749e09e763df104
real_biosensor,heldout_construct,0,plate|construct|dose_mM,stressor,construct,stressor=H2O2,plate=20260804|construct=NativeYap1|dose_mM=0.1,NativeYap1,H2O2,20260804,0.1,NativeYap1,train,3,AlteredYap1,98ca4afb57c4da786e8107c061723188558bb579c9a260ddf749e09e763df104
real_biosensor,heldout_construct,0,plate|construct|dose_mM,stressor,construct,stressor=H2O2,plate=20260804|construct=NativeYap1|dose_mM=0.2,NativeYap1,H2O2,20260804,0.2,NativeYap1,train,3,AlteredYap1,98ca4afb57c4da786e8107c061723188558bb579c9a260ddf749e09e763df104
real_biosensor,heldout_construct,0,plate|construct|dose_mM,stressor,construct,stressor=H2O2,plate=20260804|construct=NativeYap1|dose_mM=0.5,NativeYap1,H2O2,20260804,0.5,NativeYap1,train,3,AlteredYap1,98ca4afb57c4da786e8107c061723188558bb579c9a260ddf749e09e763df104
real_biosensor,heldout_construct,0,plate|construct|dose_mM,stressor,construct,stressor=H2O2,plate=20260804|construct=NativeYap1|dose_mM=1,NativeYap1,H2O2,20260804,1.0,NativeYap1,train,3,AlteredYap1,98ca4afb57c4da786e8107c061723188558bb579c9a260ddf749e09e763df104
real_biosensor,heldout_construct,0,plate|construct|dose_mM,stressor,construct,stressor=H2O2,plate=20260804|construct=NativeYap1|dose_mM=2,NativeYap1,H2O2,20260804,2.0,NativeYap1,train,3,AlteredYap1,98ca4afb57c4da786e8107c061723188558bb579c9a260ddf749e09e763df104
real_biosensor,heldout_construct,0,plate|construct|dose_mM,stressor,construct,stressor=H2O2,plate=20260804|construct=NativeYap1|dose_mM=4,NativeYap1,H2O2,20260804,4.0,NativeYap1,train,3,AlteredYap1,98ca4afb57c4da786e8107c061723188558bb579c9a260ddf749e09e763df104
real_biosensor,heldout_construct,1,plate|construct|dose_mM,stressor,construct,stressor=DTT,plate=20260722|construct=UPRE1|dose_mM=0,UPRE1,DTT,20260722,0.0,UPRE1,test,3,UPRE1,87f48d168591507eb2fb931edf1add4749a7d3bde6f74898e391348a66077bf5
real_biosensor,heldout_construct,1,plate|construct|dose_mM,stressor,construct,stressor=DTT,plate=20260722|construct=UPRE1|dose_mM=0.1,UPRE1,DTT,20260722,0.1,UPRE1,test,3,UPRE1,87f48d168591507eb2fb931edf1add4749a7d3bde6f74898e391348a66077bf5
real_biosensor,heldout_construct,1,plate|construct|dose_mM,stressor,construct,stressor=DTT,plate=20260722|construct=UPRE1|dose_mM=0.2,UPRE1,DTT,20260722,0.2,UPRE1,test,3,UPRE1,87f48d168591507eb2fb931edf1add4749a7d3bde6f74898e391348a66077bf5
real_biosensor,heldout_construct,1,plate|construct|dose_mM,stressor,construct,stressor=DTT,plate=20260722|construct=UPRE1|dose_mM=0.5,UPRE1,DTT,20260722,0.5,UPRE1,test,3,UPRE1,87f48d168591507eb2fb931edf1add4749a7d3bde6f74898e391348a66077bf5
real_biosensor,heldout_construct,1,plate|construct|dose_mM,stressor,construct,stressor=DTT,plate=20260722|construct=UPRE1|dose_mM=1,UPRE1,DTT,20260722,1.0,UPRE1,test,3,UPRE1,87f48d168591507eb2fb931edf1add4749a7d3bde6f74898e391348a66077bf5
real_biosensor,heldout_construct,1,plate|construct|dose_mM,stressor,construct,stressor=DTT,plate=20260722|construct=UPRE1|dose_mM=2,UPRE1,DTT,20260722,2.0,UPRE1,test,3,UPRE1,87f48d168591507eb2fb931edf1add4749a7d3bde6f74898e391348a66077bf5
real_biosensor,heldout_construct,1,plate|construct|dose_mM,stressor,construct,stressor=DTT,plate=20260722|construct=UPRE1|dose_mM=5,UPRE1,DTT,20260722,5.0,UPRE1,test,3,UPRE1,87f48d168591507eb2fb931edf1add4749a7d3bde6f74898e391348a66077bf5
real_biosensor,heldout_construct,1,plate|construct|dose_mM,stressor,construct,stressor=DTT,plate=20260728|construct=UPRE1|dose_mM=0,UPRE1,DTT,20260728,0.0,UPRE1,test,3,UPRE1,87f48d168591507eb2fb931edf1add4749a7d3bde6f74898e391348a66077bf5
real_biosensor,heldout_construct,1,plate|construct|dose_mM,stressor,construct,stressor=DTT,plate=20260728|construct=UPRE1|dose_mM=0.1,UPRE1,DTT,20260728,0.1,UPRE1,test,3,UPRE1,87f48d168591507eb2fb931edf1add4749a7d3bde6f74898e391348a66077bf5
real_biosensor,heldout_construct,1,plate|construct|dose_mM,stressor,construct,stressor=DTT,plate=20260728|construct=UPRE1|dose_mM=0.2,UPRE1,DTT,20260728,0.2,UPRE1,test,3,UPRE1,87f48d168591507eb2fb931edf1add4749a7d3bde6f74898e391348a66077bf5
real_biosensor,heldout_construct,1,plate|construct|dose_mM,stressor,construct,stressor=DTT,plate=20260728|construct=UPRE1|dose_mM=0.5,UPRE1,DTT,20260728,0.5,UPRE1,test,3,UPRE1,87f48d168591507eb2fb931edf1add4749a7d3bde6f74898e391348a66077bf5
real_biosensor,heldout_construct,1,plate|construct|dose_mM,stressor,construct,stressor=DTT,plate=20260728|construct=UPRE1|dose_mM=1,UPRE1,DTT,20260728,1.0,UPRE1,test,3,UPRE1,87f48d168591507eb2fb931edf1add4749a7d3bde6f74898e391348a66077bf5
real_biosensor,heldout_construct,1,plate|construct|dose_mM,stressor,construct,stressor=DTT,plate=20260728|construct=UPRE1|dose_mM=2,UPRE1,DTT,20260728,2.0,UPRE1,test,3,UPRE1,87f48d168591507eb2fb931edf1add4749a7d3bde6f74898e391348a66077bf5
real_biosensor,heldout_construct,1,plate|construct|dose_mM,stressor,construct,stressor=DTT,plate=20260728|construct=UPRE1|dose_mM=5,UPRE1,DTT,20260728,5.0,UPRE1,test,3,UPRE1,87f48d168591507eb2fb931edf1add4749a7d3bde6f74898e391348a66077bf5
real_biosensor,heldout_construct,1,plate|construct|dose_mM,stressor,construct,stressor=DTT,plate=20260803|construct=UPRE1|dose_mM=0,UPRE1,DTT,20260803,0.0,UPRE1,test,3,UPRE1,87f48d168591507eb2fb931edf1add4749a7d3bde6f74898e391348a66077bf5
real_biosensor,heldout_construct,1,plate|construct|dose_mM,stressor,construct,stressor=DTT,plate=20260803|construct=UPRE1|dose_mM=0.1,UPRE1,DTT,20260803,0.1,UPRE1,test,3,UPRE1,87f48d168591507eb2fb931edf1add4749a7d3bde6f74898e391348a66077bf5
real_biosensor,heldout_construct,1,plate|construct|dose_mM,stressor,construct,stressor=DTT,plate=20260803|construct=UPRE1|dose_mM=0.2,UPRE1,DTT,20260803,0.2,UPRE1,test,3,UPRE1,87f48d168591507eb2fb931edf1add4749a7d3bde6f74898e391348a66077bf5
real_biosensor,heldout_construct,1,plate|construct|dose_mM,stressor,construct,stressor=DTT,plate=20260803|construct=UPRE1|dose_mM=0.5,UPRE1,DTT,20260803,0.5,UPRE1,test,3,UPRE1,87f48d168591507eb2fb931edf1add4749a7d3bde6f74898e391348a66077bf5
real_biosensor,heldout_construct,1,plate|construct|dose_mM,stressor,construct,stressor=DTT,plate=20260803|construct=UPRE1|dose_mM=1,UPRE1,DTT,20260803,1.0,UPRE1,test,3,UPRE1,87f48d168591507eb2fb931edf1add4749a7d3bde6f74898e391348a66077bf5
real_biosensor,heldout_construct,1,plate|construct|dose_mM,stressor,construct,stressor=DTT,plate=20260803|construct=UPRE1|dose_mM=2,UPRE1,DTT,20260803,2.0,UPRE1,test,3,UPRE1,87f48d168591507eb2fb931edf1add4749a7d3bde6f74898e391348a66077bf5
real_biosensor,heldout_construct,1,plate|construct|dose_mM,stressor,construct,stressor=DTT,plate=20260803|construct=UPRE1|dose_mM=5,UPRE1,DTT,20260803,5.0,UPRE1,test,3,UPRE1,87f48d168591507eb2fb931edf1add4749a7d3bde6f74898e391348a66077bf5
real_biosensor,heldout_construct,1,plate|construct|dose_mM,stressor,construct,stressor=DTT,plate=20260804|construct=UPRE1|dose_mM=0,UPRE1,DTT,20260804,0.0,UPRE1,test,3,UPRE1,87f48d168591507eb2fb931edf1add4749a7d3bde6f74898e391348a66077bf5
real_biosensor,heldout_construct,1,plate|construct|dose_mM,stressor,construct,stressor=DTT,plate=20260804|construct=UPRE1|dose_mM=0.1,UPRE1,DTT,20260804,0.1,UPRE1,test,3,UPRE1,87f48d168591507eb2fb931edf1add4749a7d3bde6f74898e391348a66077bf5
real_biosensor,heldout_construct,1,plate|construct|dose_mM,stressor,construct,stressor=DTT,plate=20260804|construct=UPRE1|dose_mM=0.2,UPRE1,DTT,20260804,0.2,UPRE1,test,3,UPRE1,87f48d168591507eb2fb931edf1add4749a7d3bde6f74898e391348a66077bf5
real_biosensor,heldout_construct,1,plate|construct|dose_mM,stressor,construct,stressor=DTT,plate=20260804|construct=UPRE1|dose_mM=0.5,UPRE1,DTT,20260804,0.5,UPRE1,test,3,UPRE1,87f48d168591507eb2fb931edf1add4749a7d3bde6f74898e391348a66077bf5
real_biosensor,heldout_construct,1,plate|construct|dose_mM,stressor,construct,stressor=DTT,plate=20260804|construct=UPRE1|dose_mM=1,UPRE1,DTT,20260804,1.0,UPRE1,test,3,UPRE1,87f48d168591507eb2fb931edf1add4749a7d3bde6f74898e391348a66077bf5
real_biosensor,heldout_construct,1,plate|construct|dose_mM,stressor,construct,stressor=DTT,plate=20260804|construct=UPRE1|dose_mM=2,UPRE1,DTT,20260804,2.0,UPRE1,test,3,UPRE1,87f48d168591507eb2fb931edf1add4749a7d3bde6f74898e391348a66077bf5
real_biosensor,heldout_construct,1,plate|construct|dose_mM,stressor,construct,stressor=DTT,plate=20260804|construct=UPRE1|dose_mM=5,UPRE1,DTT,20260804,5.0,UPRE1,test,3,UPRE1,87f48d168591507eb2fb931edf1add4749a7d3bde6f74898e391348a66077bf5
real_biosensor,heldout_construct,1,plate|construct|dose_mM,stressor,construct,stressor=DTT,plate=20260722|construct=UPRE2|dose_mM=0,UPRE2,DTT,20260722,0.0,UPRE2,train,3,UPRE1,87f48d168591507eb2fb931edf1add4749a7d3bde6f74898e391348a66077bf5
real_biosensor,heldout_construct,1,plate|construct|dose_mM,stressor,construct,stressor=DTT,plate=20260722|construct=UPRE2|dose_mM=0.1,UPRE2,DTT,20260722,0.1,UPRE2,train,3,UPRE1,87f48d168591507eb2fb931edf1add4749a7d3bde6f74898e391348a66077bf5
real_biosensor,heldout_construct,1,plate|construct|dose_mM,stressor,construct,stressor=DTT,plate=20260722|construct=UPRE2|dose_mM=0.2,UPRE2,DTT,20260722,0.2,UPRE2,train,3,UPRE1,87f48d168591507eb2fb931edf1add4749a7d3bde6f74898e391348a66077bf5
real_biosensor,heldout_construct,1,plate|construct|dose_mM,stressor,construct,stressor=DTT,plate=20260722|construct=UPRE2|dose_mM=0.5,UPRE2,DTT,20260722,0.5,UPRE2,train,3,UPRE1,87f48d168591507eb2fb931edf1add4749a7d3bde6f74898e391348a66077bf5
real_biosensor,heldout_construct,1,plate|construct|dose_mM,stressor,construct,stressor=DTT,plate=20260722|construct=UPRE2|dose_mM=1,UPRE2,DTT,20260722,1.0,UPRE2,train,3,UPRE1,87f48d168591507eb2fb931edf1add4749a7d3bde6f74898e391348a66077bf5
real_biosensor,heldout_construct,1,plate|construct|dose_mM,stressor,construct,stressor=DTT,plate=20260722|construct=UPRE2|dose_mM=2,UPRE2,DTT,20260722,2.0,UPRE2,train,3,UPRE1,87f48d168591507eb2fb931edf1add4749a7d3bde6f74898e391348a66077bf5
real_biosensor,heldout_construct,1,plate|construct|dose_mM,stressor,construct,stressor=DTT,plate=20260722|construct=UPRE2|dose_mM=5,UPRE2,DTT,20260722,5.0,UPRE2,train,3,UPRE1,87f48d168591507eb2fb931edf1add4749a7d3bde6f74898e391348a66077bf5
real_biosensor,heldout_construct,1,plate|construct|dose_mM,stressor,construct,stressor=DTT,plate=20260728|construct=UPRE2|dose_mM=0,UPRE2,DTT,20260728,0.0,UPRE2,train,3,UPRE1,87f48d168591507eb2fb931edf1add4749a7d3bde6f74898e391348a66077bf5
real_biosensor,heldout_construct,1,plate|construct|dose_mM,stressor,construct,stressor=DTT,plate=20260728|construct=UPRE2|dose_mM=0.1,UPRE2,DTT,20260728,0.1,UPRE2,train,3,UPRE1,87f48d168591507eb2fb931edf1add4749a7d3bde6f74898e391348a66077bf5
real_biosensor,heldout_construct,1,plate|construct|dose_mM,stressor,construct,stressor=DTT,plate=20260728|construct=UPRE2|dose_mM=0.2,UPRE2,DTT,20260728,0.2,UPRE2,train,3,UPRE1,87f48d168591507eb2fb931edf1add4749a7d3bde6f74898e391348a66077bf5
real_biosensor,heldout_construct,1,plate|construct|dose_mM,stressor,construct,stressor=DTT,plate=20260728|construct=UPRE2|dose_mM=0.5,UPRE2,DTT,20260728,0.5,UPRE2,train,3,UPRE1,87f48d168591507eb2fb931edf1add4749a7d3bde6f74898e391348a66077bf5
real_biosensor,heldout_construct,1,plate|construct|dose_mM,stressor,construct,stressor=DTT,plate=20260728|construct=UPRE2|dose_mM=1,UPRE2,DTT,20260728,1.0,UPRE2,train,3,UPRE1,87f48d168591507eb2fb931edf1add4749a7d3bde6f74898e391348a66077bf5
real_biosensor,heldout_construct,1,plate|construct|dose_mM,stressor,construct,stressor=DTT,plate=20260728|construct=UPRE2|dose_mM=2,UPRE2,DTT,20260728,2.0,UPRE2,train,3,UPRE1,87f48d168591507eb2fb931edf1add4749a7d3bde6f74898e391348a66077bf5
real_biosensor,heldout_construct,1,plate|construct|dose_mM,stressor,construct,stressor=DTT,plate=20260728|construct=UPRE2|dose_mM=5,UPRE2,DTT,20260728,5.0,UPRE2,train,3,UPRE1,87f48d168591507eb2fb931edf1add4749a7d3bde6f74898e391348a66077bf5
real_biosensor,heldout_construct,1,plate|construct|dose_mM,stressor,construct,stressor=DTT,plate=20260803|construct=UPRE2|dose_mM=0,UPRE2,DTT,20260803,0.0,UPRE2,train,3,UPRE1,87f48d168591507eb2fb931edf1add4749a7d3bde6f74898e391348a66077bf5
real_biosensor,heldout_construct,1,plate|construct|dose_mM,stressor,construct,stressor=DTT,plate=20260803|construct=UPRE2|dose_mM=0.1,UPRE2,DTT,20260803,0.1,UPRE2,train,3,UPRE1,87f48d168591507eb2fb931edf1add4749a7d3bde6f74898e391348a66077bf5
real_biosensor,heldout_construct,1,plate|construct|dose_mM,stressor,construct,stressor=DTT,plate=20260803|construct=UPRE2|dose_mM=0.2,UPRE2,DTT,20260803,0.2,UPRE2,train,3,UPRE1,87f48d168591507eb2fb931edf1add4749a7d3bde6f74898e391348a66077bf5
real_biosensor,heldout_construct,1,plate|construct|dose_mM,stressor,construct,stressor=DTT,plate=20260803|construct=UPRE2|dose_mM=0.5,UPRE2,DTT,20260803,0.5,UPRE2,train,3,UPRE1,87f48d168591507eb2fb931edf1add4749a7d3bde6f74898e391348a66077bf5
real_biosensor,heldout_construct,1,plate|construct|dose_mM,stressor,construct,stressor=DTT,plate=20260803|construct=UPRE2|dose_mM=1,UPRE2,DTT,20260803,1.0,UPRE2,train,3,UPRE1,87f48d168591507eb2fb931edf1add4749a7d3bde6f74898e391348a66077bf5
real_biosensor,heldout_construct,1,plate|construct|dose_mM,stressor,construct,stressor=DTT,plate=20260803|construct=UPRE2|dose_mM=2,UPRE2,DTT,20260803,2.0,UPRE2,train,3,UPRE1,87f48d168591507eb2fb931edf1add4749a7d3bde6f74898e391348a66077bf5
real_biosensor,heldout_construct,1,plate|construct|dose_mM,stressor,construct,stressor=DTT,plate=20260803|construct=UPRE2|dose_mM=5,UPRE2,DTT,20260803,5.0,UPRE2,train,3,UPRE1,87f48d168591507eb2fb931edf1add4749a7d3bde6f74898e391348a66077bf5
real_biosensor,heldout_construct,1,plate|construct|dose_mM,stressor,construct,stressor=DTT,plate=20260804|construct=UPRE2|dose_mM=0,UPRE2,DTT,20260804,0.0,UPRE2,train,3,UPRE1,87f48d168591507eb2fb931edf1add4749a7d3bde6f74898e391348a66077bf5
real_biosensor,heldout_construct,1,plate|construct|dose_mM,stressor,construct,stressor=DTT,plate=20260804|construct=UPRE2|dose_mM=0.1,UPRE2,DTT,20260804,0.1,UPRE2,train,3,UPRE1,87f48d168591507eb2fb931edf1add4749a7d3bde6f74898e391348a66077bf5
real_biosensor,heldout_construct,1,plate|construct|dose_mM,stressor,construct,stressor=DTT,plate=20260804|construct=UPRE2|dose_mM=0.2,UPRE2,DTT,20260804,0.2,UPRE2,train,3,UPRE1,87f48d168591507eb2fb931edf1add4749a7d3bde6f74898e391348a66077bf5
real_biosensor,heldout_construct,1,plate|construct|dose_mM,stressor,construct,stressor=DTT,plate=20260804|construct=UPRE2|dose_mM=0.5,UPRE2,DTT,20260804,0.5,UPRE2,train,3,UPRE1,87f48d168591507eb2fb931edf1add4749a7d3bde6f74898e391348a66077bf5
real_biosensor,heldout_construct,1,plate|construct|dose_mM,stressor,construct,stressor=DTT,plate=20260804|construct=UPRE2|dose_mM=1,UPRE2,DTT,20260804,1.0,UPRE2,train,3,UPRE1,87f48d168591507eb2fb931edf1add4749a7d3bde6f74898e391348a66077bf5
real_biosensor,heldout_construct,1,plate|construct|dose_mM,stressor,construct,stressor=DTT,plate=20260804|construct=UPRE2|dose_mM=2,UPRE2,DTT,20260804,2.0,UPRE2,train,3,UPRE1,87f48d168591507eb2fb931edf1add4749a7d3bde6f74898e391348a66077bf5
real_biosensor,heldout_construct,1,plate|construct|dose_mM,stressor,construct,stressor=DTT,plate=20260804|construct=UPRE2|dose_mM=5,UPRE2,DTT,20260804,5.0,UPRE2,train,3,UPRE1,87f48d168591507eb2fb931edf1add4749a7d3bde6f74898e391348a66077bf5
real_biosensor,heldout_construct,1,plate|construct|dose_mM,stressor,construct,stressor=H2O2,plate=20260722|construct=NativeYap1|dose_mM=0,NativeYap1,H2O2,20260722,0.0,NativeYap1,test,3,NativeYap1,87f48d168591507eb2fb931edf1add4749a7d3bde6f74898e391348a66077bf5
real_biosensor,heldout_construct,1,plate|construct|dose_mM,stressor,construct,stressor=H2O2,plate=20260722|construct=NativeYap1|dose_mM=0.1,NativeYap1,H2O2,20260722,0.1,NativeYap1,test,3,NativeYap1,87f48d168591507eb2fb931edf1add4749a7d3bde6f74898e391348a66077bf5
real_biosensor,heldout_construct,1,plate|construct|dose_mM,stressor,construct,stressor=H2O2,plate=20260722|construct=NativeYap1|dose_mM=0.2,NativeYap1,H2O2,20260722,0.2,NativeYap1,test,3,NativeYap1,87f48d168591507eb2fb931edf1add4749a7d3bde6f74898e391348a66077bf5
real_biosensor,heldout_construct,1,plate|construct|dose_mM,stressor,construct,stressor=H2O2,plate=20260722|construct=NativeYap1|dose_mM=0.5,NativeYap1,H2O2,20260722,0.5,NativeYap1,test,3,NativeYap1,87f48d168591507eb2fb931edf1add4749a7d3bde6f74898e391348a66077bf5
real_biosensor,heldout_construct,1,plate|construct|dose_mM,stressor,construct,stressor=H2O2,plate=20260722|construct=NativeYap1|dose_mM=1,NativeYap1,H2O2,20260722,1.0,NativeYap1,test,3,NativeYap1,87f48d168591507eb2fb931edf1add4749a7d3bde6f74898e391348a66077bf5
real_biosensor,heldout_construct,1,plate|construct|dose_mM,stressor,construct,stressor=H2O2,plate=20260722|construct=NativeYap1|dose_mM=2,NativeYap1,H2O2,20260722,2.0,NativeYap1,test,3,NativeYap1,87f48d168591507eb2fb931edf1add4749a7d3bde6f74898e391348a66077bf5
real_biosensor,heldout_construct,1,plate|construct|dose_mM,stressor,construct,stressor=H2O2,plate=20260722|construct=NativeYap1|dose_mM=4,NativeYap1,H2O2,20260722,4.0,NativeYap1,test,3,NativeYap1,87f48d168591507eb2fb931edf1add4749a7d3bde6f74898e391348a66077bf5
real_biosensor,heldout_construct,1,plate|construct|dose_mM,stressor,construct,stressor=H2O2,plate=20260728|construct=NativeYap1|dose_mM=0,NativeYap1,H2O2,20260728,0.0,NativeYap1,test,3,NativeYap1,87f48d168591507eb2fb931edf1add4749a7d3bde6f74898e391348a66077bf5
real_biosensor,heldout_construct,1,plate|construct|dose_mM,stressor,construct,stressor=H2O2,plate=20260728|construct=NativeYap1|dose_mM=0.1,NativeYap1,H2O2,20260728,0.1,NativeYap1,test,3,NativeYap1,87f48d168591507eb2fb931edf1add4749a7d3bde6f74898e391348a66077bf5
real_biosensor,heldout_construct,1,plate|construct|dose_mM,stressor,construct,stressor=H2O2,plate=20260728|construct=NativeYap1|dose_mM=0.2,NativeYap1,H2O2,20260728,0.2,NativeYap1,test,3,NativeYap1,87f48d168591507eb2fb931edf1add4749a7d3bde6f74898e391348a66077bf5
real_biosensor,heldout_construct,1,plate|construct|dose_mM,stressor,construct,stressor=H2O2,plate=20260728|construct=NativeYap1|dose_mM=0.5,NativeYap1,H2O2,20260728,0.5,NativeYap1,test,3,NativeYap1,87f48d168591507eb2fb931edf1add4749a7d3bde6f74898e391348a66077bf5
real_biosensor,heldout_construct,1,plate|construct|dose_mM,stressor,construct,stressor=H2O2,plate=20260728|construct=NativeYap1|dose_mM=1,NativeYap1,H2O2,20260728,1.0,NativeYap1,test,3,NativeYap1,87f48d168591507eb2fb931edf1add4749a7d3bde6f74898e391348a66077bf5
real_biosensor,heldout_construct,1,plate|construct|dose_mM,stressor,construct,stressor=H2O2,plate=20260728|construct=NativeYap1|dose_mM=2,NativeYap1,H2O2,20260728,2.0,NativeYap1,test,3,NativeYap1,87f48d168591507eb2fb931edf1add4749a7d3bde6f74898e391348a66077bf5
real_biosensor,heldout_construct,1,plate|construct|dose_mM,stressor,construct,stressor=H2O2,plate=20260728|construct=NativeYap1|dose_mM=4,NativeYap1,H2O2,20260728,4.0,NativeYap1,test,3,NativeYap1,87f48d168591507eb2fb931edf1add4749a7d3bde6f74898e391348a66077bf5
real_biosensor,heldout_construct,1,plate|construct|dose_mM,stressor,construct,stressor=H2O2,plate=20260803|construct=NativeYap1|dose_mM=0,NativeYap1,H2O2,20260803,0.0,NativeYap1,test,3,NativeYap1,87f48d168591507eb2fb931edf1add4749a7d3bde6f74898e391348a66077bf5
real_biosensor,heldout_construct,1,plate|construct|dose_mM,stressor,construct,stressor=H2O2,plate=20260803|construct=NativeYap1|dose_mM=0.1,NativeYap1,H2O2,20260803,0.1,NativeYap1,test,3,NativeYap1,87f48d168591507eb2fb931edf1add4749a7d3bde6f74898e391348a66077bf5
real_biosensor,heldout_construct,1,plate|construct|dose_mM,stressor,construct,stressor=H2O2,plate=20260803|construct=NativeYap1|dose_mM=0.2,NativeYap1,H2O2,20260803,0.2,NativeYap1,test,3,NativeYap1,87f48d168591507eb2fb931edf1add4749a7d3bde6f74898e391348a66077bf5
real_biosensor,heldout_construct,1,plate|construct|dose_mM,stressor,construct,stressor=H2O2,plate=20260803|construct=NativeYap1|dose_mM=0.5,NativeYap1,H2O2,20260803,0.5,NativeYap1,test,3,NativeYap1,87f48d168591507eb2fb931edf1add4749a7d3bde6f74898e391348a66077bf5
real_biosensor,heldout_construct,1,plate|construct|dose_mM,stressor,construct,stressor=H2O2,plate=20260803|construct=NativeYap1|dose_mM=1,NativeYap1,H2O2,20260803,1.0,NativeYap1,test,3,NativeYap1,87f48d168591507eb2fb931edf1add4749a7d3bde6f74898e391348a66077bf5
real_biosensor,heldout_construct,1,plate|construct|dose_mM,stressor,construct,stressor=H2O2,plate=20260803|construct=NativeYap1|dose_mM=2,NativeYap1,H2O2,20260803,2.0,NativeYap1,test,3,NativeYap1,87f48d168591507eb2fb931edf1add4749a7d3bde6f74898e391348a66077bf5
real_biosensor,heldout_construct,1,plate|construct|dose_mM,stressor,construct,stressor=H2O2,plate=20260803|construct=NativeYap1|dose_mM=4,NativeYap1,H2O2,20260803,4.0,NativeYap1,test,3,NativeYap1,87f48d168591507eb2fb931edf1add4749a7d3bde6f74898e391348a66077bf5
real_biosensor,heldout_construct,1,plate|construct|dose_mM,stressor,construct,stressor=H2O2,plate=20260804|construct=NativeYap1|dose_mM=0,NativeYap1,H2O2,20260804,0.0,NativeYap1,test,3,NativeYap1,87f48d168591507eb2fb931edf1add4749a7d3bde6f74898e391348a66077bf5
real_biosensor,heldout_construct,1,plate|construct|dose_mM,stressor,construct,stressor=H2O2,plate=20260804|construct=NativeYap1|dose_mM=0.1,NativeYap1,H2O2,20260804,0.1,NativeYap1,test,3,NativeYap1,87f48d168591507eb2fb931edf1add4749a7d3bde6f74898e391348a66077bf5
real_biosensor,heldout_construct,1,plate|construct|dose_mM,stressor,construct,stressor=H2O2,plate=20260804|construct=NativeYap1|dose_mM=0.2,NativeYap1,H2O2,20260804,0.2,NativeYap1,test,3,NativeYap1,87f48d168591507eb2fb931edf1add4749a7d3bde6f74898e391348a66077bf5
real_biosensor,heldout_construct,1,plate|construct|dose_mM,stressor,construct,stressor=H2O2,plate=20260804|construct=NativeYap1|dose_mM=0.5,NativeYap1,H2O2,20260804,0.5,NativeYap1,test,3,NativeYap1,87f48d168591507eb2fb931edf1add4749a7d3bde6f74898e391348a66077bf5
real_biosensor,heldout_construct,1,plate|construct|dose_mM,stressor,construct,stressor=H2O2,plate=20260804|construct=NativeYap1|dose_mM=1,NativeYap1,H2O2,20260804,1.0,NativeYap1,test,3,NativeYap1,87f48d168591507eb2fb931edf1add4749a7d3bde6f74898e391348a66077bf5
real_biosensor,heldout_construct,1,plate|construct|dose_mM,stressor,construct,stressor=H2O2,plate=20260804|construct=NativeYap1|dose_mM=2,NativeYap1,H2O2,20260804,2.0,NativeYap1,test,3,NativeYap1,87f48d168591507eb2fb931edf1add4749a7d3bde6f74898e391348a66077bf5
real_biosensor,heldout_construct,1,plate|construct|dose_mM,stressor,construct,stressor=H2O2,plate=20260804|construct=NativeYap1|dose_mM=4,NativeYap1,H2O2,20260804,4.0,NativeYap1,test,3,NativeYap1,87f48d168591507eb2fb931edf1add4749a7d3bde6f74898e391348a66077bf5
real_biosensor,heldout_construct,1,plate|construct|dose_mM,stressor,construct,stressor=H2O2,plate=20260722|construct=AlteredYap1|dose_mM=0,AlteredYap1,H2O2,20260722,0.0,AlteredYap1,train,3,NativeYap1,87f48d168591507eb2fb931edf1add4749a7d3bde6f74898e391348a66077bf5
real_biosensor,heldout_construct,1,plate|construct|dose_mM,stressor,construct,stressor=H2O2,plate=20260722|construct=AlteredYap1|dose_mM=0.1,AlteredYap1,H2O2,20260722,0.1,AlteredYap1,train,3,NativeYap1,87f48d168591507eb2fb931edf1add4749a7d3bde6f74898e391348a66077bf5
real_biosensor,heldout_construct,1,plate|construct|dose_mM,stressor,construct,stressor=H2O2,plate=20260722|construct=AlteredYap1|dose_mM=0.2,AlteredYap1,H2O2,20260722,0.2,AlteredYap1,train,3,NativeYap1,87f48d168591507eb2fb931edf1add4749a7d3bde6f74898e391348a66077bf5
real_biosensor,heldout_construct,1,plate|construct|dose_mM,stressor,construct,stressor=H2O2,plate=20260722|construct=AlteredYap1|dose_mM=0.5,AlteredYap1,H2O2,20260722,0.5,AlteredYap1,train,3,NativeYap1,87f48d168591507eb2fb931edf1add4749a7d3bde6f74898e391348a66077bf5
real_biosensor,heldout_construct,1,plate|construct|dose_mM,stressor,construct,stressor=H2O2,plate=20260722|construct=AlteredYap1|dose_mM=1,AlteredYap1,H2O2,20260722,1.0,AlteredYap1,train,3,NativeYap1,87f48d168591507eb2fb931edf1add4749a7d3bde6f74898e391348a66077bf5
real_biosensor,heldout_construct,1,plate|construct|dose_mM,stressor,construct,stressor=H2O2,plate=20260722|construct=AlteredYap1|dose_mM=2,AlteredYap1,H2O2,20260722,2.0,AlteredYap1,train,3,NativeYap1,87f48d168591507eb2fb931edf1add4749a7d3bde6f74898e391348a66077bf5
real_biosensor,heldout_construct,1,plate|construct|dose_mM,stressor,construct,stressor=H2O2,plate=20260722|construct=AlteredYap1|dose_mM=4,AlteredYap1,H2O2,20260722,4.0,AlteredYap1,train,3,NativeYap1,87f48d168591507eb2fb931edf1add4749a7d3bde6f74898e391348a66077bf5
real_biosensor,heldout_construct,1,plate|construct|dose_mM,stressor,construct,stressor=H2O2,plate=20260728|construct=AlteredYap1|dose_mM=0,AlteredYap1,H2O2,20260728,0.0,AlteredYap1,train,3,NativeYap1,87f48d168591507eb2fb931edf1add4749a7d3bde6f74898e391348a66077bf5
real_biosensor,heldout_construct,1,plate|construct|dose_mM,stressor,construct,stressor=H2O2,plate=20260728|construct=AlteredYap1|dose_mM=0.1,AlteredYap1,H2O2,20260728,0.1,AlteredYap1,train,3,NativeYap1,87f48d168591507eb2fb931edf1add4749a7d3bde6f74898e391348a66077bf5
real_biosensor,heldout_construct,1,plate|construct|dose_mM,stressor,construct,stressor=H2O2,plate=20260728|construct=AlteredYap1|dose_mM=0.2,AlteredYap1,H2O2,20260728,0.2,AlteredYap1,train,3,NativeYap1,87f48d168591507eb2fb931edf1add4749a7d3bde6f74898e391348a66077bf5
real_biosensor,heldout_construct,1,plate|construct|dose_mM,stressor,construct,stressor=H2O2,plate=20260728|construct=AlteredYap1|dose_mM=0.5,AlteredYap1,H2O2,20260728,0.5,AlteredYap1,train,3,NativeYap1,87f48d168591507eb2fb931edf1add4749a7d3bde6f74898e391348a66077bf5
real_biosensor,heldout_construct,1,plate|construct|dose_mM,stressor,construct,stressor=H2O2,plate=20260728|construct=AlteredYap1|dose_mM=1,AlteredYap1,H2O2,20260728,1.0,AlteredYap1,train,3,NativeYap1,87f48d168591507eb2fb931edf1add4749a7d3bde6f74898e391348a66077bf5
real_biosensor,heldout_construct,1,plate|construct|dose_mM,stressor,construct,stressor=H2O2,plate=20260728|construct=AlteredYap1|dose_mM=2,AlteredYap1,H2O2,20260728,2.0,AlteredYap1,train,3,NativeYap1,87f48d168591507eb2fb931edf1add4749a7d3bde6f74898e391348a66077bf5
real_biosensor,heldout_construct,1,plate|construct|dose_mM,stressor,construct,stressor=H2O2,plate=20260728|construct=AlteredYap1|dose_mM=4,AlteredYap1,H2O2,20260728,4.0,AlteredYap1,train,3,NativeYap1,87f48d168591507eb2fb931edf1add4749a7d3bde6f74898e391348a66077bf5
real_biosensor,heldout_construct,1,plate|construct|dose_mM,stressor,construct,stressor=H2O2,plate=20260803|construct=AlteredYap1|dose_mM=0,AlteredYap1,H2O2,20260803,0.0,AlteredYap1,train,3,NativeYap1,87f48d168591507eb2fb931edf1add4749a7d3bde6f74898e391348a66077bf5
real_biosensor,heldout_construct,1,plate|construct|dose_mM,stressor,construct,stressor=H2O2,plate=20260803|construct=AlteredYap1|dose_mM=0.1,AlteredYap1,H2O2,20260803,0.1,AlteredYap1,train,3,NativeYap1,87f48d168591507eb2fb931edf1add4749a7d3bde6f74898e391348a66077bf5
real_biosensor,heldout_construct,1,plate|construct|dose_mM,stressor,construct,stressor=H2O2,plate=20260803|construct=AlteredYap1|dose_mM=0.2,AlteredYap1,H2O2,20260803,0.2,AlteredYap1,train,3,NativeYap1,87f48d168591507eb2fb931edf1add4749a7d3bde6f74898e391348a66077bf5
real_biosensor,heldout_construct,1,plate|construct|dose_mM,stressor,construct,stressor=H2O2,plate=20260803|construct=AlteredYap1|dose_mM=0.5,AlteredYap1,H2O2,20260803,0.5,AlteredYap1,train,3,NativeYap1,87f48d168591507eb2fb931edf1add4749a7d3bde6f74898e391348a66077bf5
real_biosensor,heldout_construct,1,plate|construct|dose_mM,stressor,construct,stressor=H2O2,plate=20260803|construct=AlteredYap1|dose_mM=1,AlteredYap1,H2O2,20260803,1.0,AlteredYap1,train,3,NativeYap1,87f48d168591507eb2fb931edf1add4749a7d3bde6f74898e391348a66077bf5
real_biosensor,heldout_construct,1,plate|construct|dose_mM,stressor,construct,stressor=H2O2,plate=20260803|construct=AlteredYap1|dose_mM=2,AlteredYap1,H2O2,20260803,2.0,AlteredYap1,train,3,NativeYap1,87f48d168591507eb2fb931edf1add4749a7d3bde6f74898e391348a66077bf5
real_biosensor,heldout_construct,1,plate|construct|dose_mM,stressor,construct,stressor=H2O2,plate=20260803|construct=AlteredYap1|dose_mM=4,AlteredYap1,H2O2,20260803,4.0,AlteredYap1,train,3,NativeYap1,87f48d168591507eb2fb931edf1add4749a7d3bde6f74898e391348a66077bf5
real_biosensor,heldout_construct,1,plate|construct|dose_mM,stressor,construct,stressor=H2O2,plate=20260804|construct=AlteredYap1|dose_mM=0,AlteredYap1,H2O2,20260804,0.0,AlteredYap1,train,3,NativeYap1,87f48d168591507eb2fb931edf1add4749a7d3bde6f74898e391348a66077bf5
real_biosensor,heldout_construct,1,plate|construct|dose_mM,stressor,construct,stressor=H2O2,plate=20260804|construct=AlteredYap1|dose_mM=0.1,AlteredYap1,H2O2,20260804,0.1,AlteredYap1,train,3,NativeYap1,87f48d168591507eb2fb931edf1add4749a7d3bde6f74898e391348a66077bf5
real_biosensor,heldout_construct,1,plate|construct|dose_mM,stressor,construct,stressor=H2O2,plate=20260804|construct=AlteredYap1|dose_mM=0.2,AlteredYap1,H2O2,20260804,0.2,AlteredYap1,train,3,NativeYap1,87f48d168591507eb2fb931edf1add4749a7d3bde6f74898e391348a66077bf5
real_biosensor,heldout_construct,1,plate|construct|dose_mM,stressor,construct,stressor=H2O2,plate=20260804|construct=AlteredYap1|dose_mM=0.5,AlteredYap1,H2O2,20260804,0.5,AlteredYap1,train,3,NativeYap1,87f48d168591507eb2fb931edf1add4749a7d3bde6f74898e391348a66077bf5
real_biosensor,heldout_construct,1,plate|construct|dose_mM,stressor,construct,stressor=H2O2,plate=20260804|construct=AlteredYap1|dose_mM=1,AlteredYap1,H2O2,20260804,1.0,AlteredYap1,train,3,NativeYap1,87f48d168591507eb2fb931edf1add4749a7d3bde6f74898e391348a66077bf5
real_biosensor,heldout_construct,1,plate|construct|dose_mM,stressor,construct,stressor=H2O2,plate=20260804|construct=AlteredYap1|dose_mM=2,AlteredYap1,H2O2,20260804,2.0,AlteredYap1,train,3,NativeYap1,87f48d168591507eb2fb931edf1add4749a7d3bde6f74898e391348a66077bf5
real_biosensor,heldout_construct,1,plate|construct|dose_mM,stressor,construct,stressor=H2O2,plate=20260804|construct=AlteredYap1|dose_mM=4,AlteredYap1,H2O2,20260804,4.0,AlteredYap1,train,3,NativeYap1,87f48d168591507eb2fb931edf1add4749a7d3bde6f74898e391348a66077bf5
real_biosensor,heldout_construct,2,plate|construct|dose_mM,stressor,construct,stressor=DTT,plate=20260722|construct=UPRE1|dose_mM=0,UPRE1,DTT,20260722,0.0,UPRE1,test,3,UPRE1,87f48d168591507eb2fb931edf1add4749a7d3bde6f74898e391348a66077bf5
real_biosensor,heldout_construct,2,plate|construct|dose_mM,stressor,construct,stressor=DTT,plate=20260722|construct=UPRE1|dose_mM=0.1,UPRE1,DTT,20260722,0.1,UPRE1,test,3,UPRE1,87f48d168591507eb2fb931edf1add4749a7d3bde6f74898e391348a66077bf5
real_biosensor,heldout_construct,2,plate|construct|dose_mM,stressor,construct,stressor=DTT,plate=20260722|construct=UPRE1|dose_mM=0.2,UPRE1,DTT,20260722,0.2,UPRE1,test,3,UPRE1,87f48d168591507eb2fb931edf1add4749a7d3bde6f74898e391348a66077bf5
real_biosensor,heldout_construct,2,plate|construct|dose_mM,stressor,construct,stressor=DTT,plate=20260722|construct=UPRE1|dose_mM=0.5,UPRE1,DTT,20260722,0.5,UPRE1,test,3,UPRE1,87f48d168591507eb2fb931edf1add4749a7d3bde6f74898e391348a66077bf5
real_biosensor,heldout_construct,2,plate|construct|dose_mM,stressor,construct,stressor=DTT,plate=20260722|construct=UPRE1|dose_mM=1,UPRE1,DTT,20260722,1.0,UPRE1,test,3,UPRE1,87f48d168591507eb2fb931edf1add4749a7d3bde6f74898e391348a66077bf5
real_biosensor,heldout_construct,2,plate|construct|dose_mM,stressor,construct,stressor=DTT,plate=20260722|construct=UPRE1|dose_mM=2,UPRE1,DTT,20260722,2.0,UPRE1,test,3,UPRE1,87f48d168591507eb2fb931edf1add4749a7d3bde6f74898e391348a66077bf5
real_biosensor,heldout_construct,2,plate|construct|dose_mM,stressor,construct,stressor=DTT,plate=20260722|construct=UPRE1|dose_mM=5,UPRE1,DTT,20260722,5.0,UPRE1,test,3,UPRE1,87f48d168591507eb2fb931edf1add4749a7d3bde6f74898e391348a66077bf5
real_biosensor,heldout_construct,2,plate|construct|dose_mM,stressor,construct,stressor=DTT,plate=20260728|construct=UPRE1|dose_mM=0,UPRE1,DTT,20260728,0.0,UPRE1,test,3,UPRE1,87f48d168591507eb2fb931edf1add4749a7d3bde6f74898e391348a66077bf5
real_biosensor,heldout_construct,2,plate|construct|dose_mM,stressor,construct,stressor=DTT,plate=20260728|construct=UPRE1|dose_mM=0.1,UPRE1,DTT,20260728,0.1,UPRE1,test,3,UPRE1,87f48d168591507eb2fb931edf1add4749a7d3bde6f74898e391348a66077bf5
real_biosensor,heldout_construct,2,plate|construct|dose_mM,stressor,construct,stressor=DTT,plate=20260728|construct=UPRE1|dose_mM=0.2,UPRE1,DTT,20260728,0.2,UPRE1,test,3,UPRE1,87f48d168591507eb2fb931edf1add4749a7d3bde6f74898e391348a66077bf5
real_biosensor,heldout_construct,2,plate|construct|dose_mM,stressor,construct,stressor=DTT,plate=20260728|construct=UPRE1|dose_mM=0.5,UPRE1,DTT,20260728,0.5,UPRE1,test,3,UPRE1,87f48d168591507eb2fb931edf1add4749a7d3bde6f74898e391348a66077bf5
real_biosensor,heldout_construct,2,plate|construct|dose_mM,stressor,construct,stressor=DTT,plate=20260728|construct=UPRE1|dose_mM=1,UPRE1,DTT,20260728,1.0,UPRE1,test,3,UPRE1,87f48d168591507eb2fb931edf1add4749a7d3bde6f74898e391348a66077bf5
real_biosensor,heldout_construct,2,plate|construct|dose_mM,stressor,construct,stressor=DTT,plate=20260728|construct=UPRE1|dose_mM=2,UPRE1,DTT,20260728,2.0,UPRE1,test,3,UPRE1,87f48d168591507eb2fb931edf1add4749a7d3bde6f74898e391348a66077bf5
real_biosensor,heldout_construct,2,plate|construct|dose_mM,stressor,construct,stressor=DTT,plate=20260728|construct=UPRE1|dose_mM=5,UPRE1,DTT,20260728,5.0,UPRE1,test,3,UPRE1,87f48d168591507eb2fb931edf1add4749a7d3bde6f74898e391348a66077bf5
real_biosensor,heldout_construct,2,plate|construct|dose_mM,stressor,construct,stressor=DTT,plate=20260803|construct=UPRE1|dose_mM=0,UPRE1,DTT,20260803,0.0,UPRE1,test,3,UPRE1,87f48d168591507eb2fb931edf1add4749a7d3bde6f74898e391348a66077bf5
real_biosensor,heldout_construct,2,plate|construct|dose_mM,stressor,construct,stressor=DTT,plate=20260803|construct=UPRE1|dose_mM=0.1,UPRE1,DTT,20260803,0.1,UPRE1,test,3,UPRE1,87f48d168591507eb2fb931edf1add4749a7d3bde6f74898e391348a66077bf5
real_biosensor,heldout_construct,2,plate|construct|dose_mM,stressor,construct,stressor=DTT,plate=20260803|construct=UPRE1|dose_mM=0.2,UPRE1,DTT,20260803,0.2,UPRE1,test,3,UPRE1,87f48d168591507eb2fb931edf1add4749a7d3bde6f74898e391348a66077bf5
real_biosensor,heldout_construct,2,plate|construct|dose_mM,stressor,construct,stressor=DTT,plate=20260803|construct=UPRE1|dose_mM=0.5,UPRE1,DTT,20260803,0.5,UPRE1,test,3,UPRE1,87f48d168591507eb2fb931edf1add4749a7d3bde6f74898e391348a66077bf5
real_biosensor,heldout_construct,2,plate|construct|dose_mM,stressor,construct,stressor=DTT,plate=20260803|construct=UPRE1|dose_mM=1,UPRE1,DTT,20260803,1.0,UPRE1,test,3,UPRE1,87f48d168591507eb2fb931edf1add4749a7d3bde6f74898e391348a66077bf5
real_biosensor,heldout_construct,2,plate|construct|dose_mM,stressor,construct,stressor=DTT,plate=20260803|construct=UPRE1|dose_mM=2,UPRE1,DTT,20260803,2.0,UPRE1,test,3,UPRE1,87f48d168591507eb2fb931edf1add4749a7d3bde6f74898e391348a66077bf5
real_biosensor,heldout_construct,2,plate|construct|dose_mM,stressor,construct,stressor=DTT,plate=20260803|construct=UPRE1|dose_mM=5,UPRE1,DTT,20260803,5.0,UPRE1,test,3,UPRE1,87f48d168591507eb2fb931edf1add4749a7d3bde6f74898e391348a66077bf5
real_biosensor,heldout_construct,2,plate|construct|dose_mM,stressor,construct,stressor=DTT,plate=20260804|construct=UPRE1|dose_mM=0,UPRE1,DTT,20260804,0.0,UPRE1,test,3,UPRE1,87f48d168591507eb2fb931edf1add4749a7d3bde6f74898e391348a66077bf5
real_biosensor,heldout_construct,2,plate|construct|dose_mM,stressor,construct,stressor=DTT,plate=20260804|construct=UPRE1|dose_mM=0.1,UPRE1,DTT,20260804,0.1,UPRE1,test,3,UPRE1,87f48d168591507eb2fb931edf1add4749a7d3bde6f74898e391348a66077bf5
real_biosensor,heldout_construct,2,plate|construct|dose_mM,stressor,construct,stressor=DTT,plate=20260804|construct=UPRE1|dose_mM=0.2,UPRE1,DTT,20260804,0.2,UPRE1,test,3,UPRE1,87f48d168591507eb2fb931edf1add4749a7d3bde6f74898e391348a66077bf5
real_biosensor,heldout_construct,2,plate|construct|dose_mM,stressor,construct,stressor=DTT,plate=20260804|construct=UPRE1|dose_mM=0.5,UPRE1,DTT,20260804,0.5,UPRE1,test,3,UPRE1,87f48d168591507eb2fb931edf1add4749a7d3bde6f74898e391348a66077bf5
real_biosensor,heldout_construct,2,plate|construct|dose_mM,stressor,construct,stressor=DTT,plate=20260804|construct=UPRE1|dose_mM=1,UPRE1,DTT,20260804,1.0,UPRE1,test,3,UPRE1,87f48d168591507eb2fb931edf1add4749a7d3bde6f74898e391348a66077bf5
real_biosensor,heldout_construct,2,plate|construct|dose_mM,stressor,construct,stressor=DTT,plate=20260804|construct=UPRE1|dose_mM=2,UPRE1,DTT,20260804,2.0,UPRE1,test,3,UPRE1,87f48d168591507eb2fb931edf1add4749a7d3bde6f74898e391348a66077bf5
real_biosensor,heldout_construct,2,plate|construct|dose_mM,stressor,construct,stressor=DTT,plate=20260804|construct=UPRE1|dose_mM=5,UPRE1,DTT,20260804,5.0,UPRE1,test,3,UPRE1,87f48d168591507eb2fb931edf1add4749a7d3bde6f74898e391348a66077bf5
real_biosensor,heldout_construct,2,plate|construct|dose_mM,stressor,construct,stressor=DTT,plate=20260722|construct=UPRE2|dose_mM=0,UPRE2,DTT,20260722,0.0,UPRE2,train,3,UPRE1,87f48d168591507eb2fb931edf1add4749a7d3bde6f74898e391348a66077bf5
real_biosensor,heldout_construct,2,plate|construct|dose_mM,stressor,construct,stressor=DTT,plate=20260722|construct=UPRE2|dose_mM=0.1,UPRE2,DTT,20260722,0.1,UPRE2,train,3,UPRE1,87f48d168591507eb2fb931edf1add4749a7d3bde6f74898e391348a66077bf5
real_biosensor,heldout_construct,2,plate|construct|dose_mM,stressor,construct,stressor=DTT,plate=20260722|construct=UPRE2|dose_mM=0.2,UPRE2,DTT,20260722,0.2,UPRE2,train,3,UPRE1,87f48d168591507eb2fb931edf1add4749a7d3bde6f74898e391348a66077bf5
real_biosensor,heldout_construct,2,plate|construct|dose_mM,stressor,construct,stressor=DTT,plate=20260722|construct=UPRE2|dose_mM=0.5,UPRE2,DTT,20260722,0.5,UPRE2,train,3,UPRE1,87f48d168591507eb2fb931edf1add4749a7d3bde6f74898e391348a66077bf5
real_biosensor,heldout_construct,2,plate|construct|dose_mM,stressor,construct,stressor=DTT,plate=20260722|construct=UPRE2|dose_mM=1,UPRE2,DTT,20260722,1.0,UPRE2,train,3,UPRE1,87f48d168591507eb2fb931edf1add4749a7d3bde6f74898e391348a66077bf5
real_biosensor,heldout_construct,2,plate|construct|dose_mM,stressor,construct,stressor=DTT,plate=20260722|construct=UPRE2|dose_mM=2,UPRE2,DTT,20260722,2.0,UPRE2,train,3,UPRE1,87f48d168591507eb2fb931edf1add4749a7d3bde6f74898e391348a66077bf5
real_biosensor,heldout_construct,2,plate|construct|dose_mM,stressor,construct,stressor=DTT,plate=20260722|construct=UPRE2|dose_mM=5,UPRE2,DTT,20260722,5.0,UPRE2,train,3,UPRE1,87f48d168591507eb2fb931edf1add4749a7d3bde6f74898e391348a66077bf5
real_biosensor,heldout_construct,2,plate|construct|dose_mM,stressor,construct,stressor=DTT,plate=20260728|construct=UPRE2|dose_mM=0,UPRE2,DTT,20260728,0.0,UPRE2,train,3,UPRE1,87f48d168591507eb2fb931edf1add4749a7d3bde6f74898e391348a66077bf5
real_biosensor,heldout_construct,2,plate|construct|dose_mM,stressor,construct,stressor=DTT,plate=20260728|construct=UPRE2|dose_mM=0.1,UPRE2,DTT,20260728,0.1,UPRE2,train,3,UPRE1,87f48d168591507eb2fb931edf1add4749a7d3bde6f74898e391348a66077bf5
real_biosensor,heldout_construct,2,plate|construct|dose_mM,stressor,construct,stressor=DTT,plate=20260728|construct=UPRE2|dose_mM=0.2,UPRE2,DTT,20260728,0.2,UPRE2,train,3,UPRE1,87f48d168591507eb2fb931edf1add4749a7d3bde6f74898e391348a66077bf5
real_biosensor,heldout_construct,2,plate|construct|dose_mM,stressor,construct,stressor=DTT,plate=20260728|construct=UPRE2|dose_mM=0.5,UPRE2,DTT,20260728,0.5,UPRE2,train,3,UPRE1,87f48d168591507eb2fb931edf1add4749a7d3bde6f74898e391348a66077bf5
real_biosensor,heldout_construct,2,plate|construct|dose_mM,stressor,construct,stressor=DTT,plate=20260728|construct=UPRE2|dose_mM=1,UPRE2,DTT,20260728,1.0,UPRE2,train,3,UPRE1,87f48d168591507eb2fb931edf1add4749a7d3bde6f74898e391348a66077bf5
real_biosensor,heldout_construct,2,plate|construct|dose_mM,stressor,construct,stressor=DTT,plate=20260728|construct=UPRE2|dose_mM=2,UPRE2,DTT,20260728,2.0,UPRE2,train,3,UPRE1,87f48d168591507eb2fb931edf1add4749a7d3bde6f74898e391348a66077bf5
real_biosensor,heldout_construct,2,plate|construct|dose_mM,stressor,construct,stressor=DTT,plate=20260728|construct=UPRE2|dose_mM=5,UPRE2,DTT,20260728,5.0,UPRE2,train,3,UPRE1,87f48d168591507eb2fb931edf1add4749a7d3bde6f74898e391348a66077bf5
real_biosensor,heldout_construct,2,plate|construct|dose_mM,stressor,construct,stressor=DTT,plate=20260803|construct=UPRE2|dose_mM=0,UPRE2,DTT,20260803,0.0,UPRE2,train,3,UPRE1,87f48d168591507eb2fb931edf1add4749a7d3bde6f74898e391348a66077bf5
real_biosensor,heldout_construct,2,plate|construct|dose_mM,stressor,construct,stressor=DTT,plate=20260803|construct=UPRE2|dose_mM=0.1,UPRE2,DTT,20260803,0.1,UPRE2,train,3,UPRE1,87f48d168591507eb2fb931edf1add4749a7d3bde6f74898e391348a66077bf5
real_biosensor,heldout_construct,2,plate|construct|dose_mM,stressor,construct,stressor=DTT,plate=20260803|construct=UPRE2|dose_mM=0.2,UPRE2,DTT,20260803,0.2,UPRE2,train,3,UPRE1,87f48d168591507eb2fb931edf1add4749a7d3bde6f74898e391348a66077bf5
real_biosensor,heldout_construct,2,plate|construct|dose_mM,stressor,construct,stressor=DTT,plate=20260803|construct=UPRE2|dose_mM=0.5,UPRE2,DTT,20260803,0.5,UPRE2,train,3,UPRE1,87f48d168591507eb2fb931edf1add4749a7d3bde6f74898e391348a66077bf5
real_biosensor,heldout_construct,2,plate|construct|dose_mM,stressor,construct,stressor=DTT,plate=20260803|construct=UPRE2|dose_mM=1,UPRE2,DTT,20260803,1.0,UPRE2,train,3,UPRE1,87f48d168591507eb2fb931edf1add4749a7d3bde6f74898e391348a66077bf5
real_biosensor,heldout_construct,2,plate|construct|dose_mM,stressor,construct,stressor=DTT,plate=20260803|construct=UPRE2|dose_mM=2,UPRE2,DTT,20260803,2.0,UPRE2,train,3,UPRE1,87f48d168591507eb2fb931edf1add4749a7d3bde6f74898e391348a66077bf5
real_biosensor,heldout_construct,2,plate|construct|dose_mM,stressor,construct,stressor=DTT,plate=20260803|construct=UPRE2|dose_mM=5,UPRE2,DTT,20260803,5.0,UPRE2,train,3,UPRE1,87f48d168591507eb2fb931edf1add4749a7d3bde6f74898e391348a66077bf5
real_biosensor,heldout_construct,2,plate|construct|dose_mM,stressor,construct,stressor=DTT,plate=20260804|construct=UPRE2|dose_mM=0,UPRE2,DTT,20260804,0.0,UPRE2,train,3,UPRE1,87f48d168591507eb2fb931edf1add4749a7d3bde6f74898e391348a66077bf5
real_biosensor,heldout_construct,2,plate|construct|dose_mM,stressor,construct,stressor=DTT,plate=20260804|construct=UPRE2|dose_mM=0.1,UPRE2,DTT,20260804,0.1,UPRE2,train,3,UPRE1,87f48d168591507eb2fb931edf1add4749a7d3bde6f74898e391348a66077bf5
real_biosensor,heldout_construct,2,plate|construct|dose_mM,stressor,construct,stressor=DTT,plate=20260804|construct=UPRE2|dose_mM=0.2,UPRE2,DTT,20260804,0.2,UPRE2,train,3,UPRE1,87f48d168591507eb2fb931edf1add4749a7d3bde6f74898e391348a66077bf5
real_biosensor,heldout_construct,2,plate|construct|dose_mM,stressor,construct,stressor=DTT,plate=20260804|construct=UPRE2|dose_mM=0.5,UPRE2,DTT,20260804,0.5,UPRE2,train,3,UPRE1,87f48d168591507eb2fb931edf1add4749a7d3bde6f74898e391348a66077bf5
real_biosensor,heldout_construct,2,plate|construct|dose_mM,stressor,construct,stressor=DTT,plate=20260804|construct=UPRE2|dose_mM=1,UPRE2,DTT,20260804,1.0,UPRE2,train,3,UPRE1,87f48d168591507eb2fb931edf1add4749a7d3bde6f74898e391348a66077bf5
real_biosensor,heldout_construct,2,plate|construct|dose_mM,stressor,construct,stressor=DTT,plate=20260804|construct=UPRE2|dose_mM=2,UPRE2,DTT,20260804,2.0,UPRE2,train,3,UPRE1,87f48d168591507eb2fb931edf1add4749a7d3bde6f74898e391348a66077bf5
real_biosensor,heldout_construct,2,plate|construct|dose_mM,stressor,construct,stressor=DTT,plate=20260804|construct=UPRE2|dose_mM=5,UPRE2,DTT,20260804,5.0,UPRE2,train,3,UPRE1,87f48d168591507eb2fb931edf1add4749a7d3bde6f74898e391348a66077bf5
real_biosensor,heldout_construct,2,plate|construct|dose_mM,stressor,construct,stressor=H2O2,plate=20260722|construct=NativeYap1|dose_mM=0,NativeYap1,H2O2,20260722,0.0,NativeYap1,test,3,NativeYap1,87f48d168591507eb2fb931edf1add4749a7d3bde6f74898e391348a66077bf5
real_biosensor,heldout_construct,2,plate|construct|dose_mM,stressor,construct,stressor=H2O2,plate=20260722|construct=NativeYap1|dose_mM=0.1,NativeYap1,H2O2,20260722,0.1,NativeYap1,test,3,NativeYap1,87f48d168591507eb2fb931edf1add4749a7d3bde6f74898e391348a66077bf5
real_biosensor,heldout_construct,2,plate|construct|dose_mM,stressor,construct,stressor=H2O2,plate=20260722|construct=NativeYap1|dose_mM=0.2,NativeYap1,H2O2,20260722,0.2,NativeYap1,test,3,NativeYap1,87f48d168591507eb2fb931edf1add4749a7d3bde6f74898e391348a66077bf5
real_biosensor,heldout_construct,2,plate|construct|dose_mM,stressor,construct,stressor=H2O2,plate=20260722|construct=NativeYap1|dose_mM=0.5,NativeYap1,H2O2,20260722,0.5,NativeYap1,test,3,NativeYap1,87f48d168591507eb2fb931edf1add4749a7d3bde6f74898e391348a66077bf5
real_biosensor,heldout_construct,2,plate|construct|dose_mM,stressor,construct,stressor=H2O2,plate=20260722|construct=NativeYap1|dose_mM=1,NativeYap1,H2O2,20260722,1.0,NativeYap1,test,3,NativeYap1,87f48d168591507eb2fb931edf1add4749a7d3bde6f74898e391348a66077bf5
real_biosensor,heldout_construct,2,plate|construct|dose_mM,stressor,construct,stressor=H2O2,plate=20260722|construct=NativeYap1|dose_mM=2,NativeYap1,H2O2,20260722,2.0,NativeYap1,test,3,NativeYap1,87f48d168591507eb2fb931edf1add4749a7d3bde6f74898e391348a66077bf5
real_biosensor,heldout_construct,2,plate|construct|dose_mM,stressor,construct,stressor=H2O2,plate=20260722|construct=NativeYap1|dose_mM=4,NativeYap1,H2O2,20260722,4.0,NativeYap1,test,3,NativeYap1,87f48d168591507eb2fb931edf1add4749a7d3bde6f74898e391348a66077bf5
real_biosensor,heldout_construct,2,plate|construct|dose_mM,stressor,construct,stressor=H2O2,plate=20260728|construct=NativeYap1|dose_mM=0,NativeYap1,H2O2,20260728,0.0,NativeYap1,test,3,NativeYap1,87f48d168591507eb2fb931edf1add4749a7d3bde6f74898e391348a66077bf5
real_biosensor,heldout_construct,2,plate|construct|dose_mM,stressor,construct,stressor=H2O2,plate=20260728|construct=NativeYap1|dose_mM=0.1,NativeYap1,H2O2,20260728,0.1,NativeYap1,test,3,NativeYap1,87f48d168591507eb2fb931edf1add4749a7d3bde6f74898e391348a66077bf5
real_biosensor,heldout_construct,2,plate|construct|dose_mM,stressor,construct,stressor=H2O2,plate=20260728|construct=NativeYap1|dose_mM=0.2,NativeYap1,H2O2,20260728,0.2,NativeYap1,test,3,NativeYap1,87f48d168591507eb2fb931edf1add4749a7d3bde6f74898e391348a66077bf5
real_biosensor,heldout_construct,2,plate|construct|dose_mM,stressor,construct,stressor=H2O2,plate=20260728|construct=NativeYap1|dose_mM=0.5,NativeYap1,H2O2,20260728,0.5,NativeYap1,test,3,NativeYap1,87f48d168591507eb2fb931edf1add4749a7d3bde6f74898e391348a66077bf5
real_biosensor,heldout_construct,2,plate|construct|dose_mM,stressor,construct,stressor=H2O2,plate=20260728|construct=NativeYap1|dose_mM=1,NativeYap1,H2O2,20260728,1.0,NativeYap1,test,3,NativeYap1,87f48d168591507eb2fb931edf1add4749a7d3bde6f74898e391348a66077bf5
real_biosensor,heldout_construct,2,plate|construct|dose_mM,stressor,construct,stressor=H2O2,plate=20260728|construct=NativeYap1|dose_mM=2,NativeYap1,H2O2,20260728,2.0,NativeYap1,test,3,NativeYap1,87f48d168591507eb2fb931edf1add4749a7d3bde6f74898e391348a66077bf5
real_biosensor,heldout_construct,2,plate|construct|dose_mM,stressor,construct,stressor=H2O2,plate=20260728|construct=NativeYap1|dose_mM=4,NativeYap1,H2O2,20260728,4.0,NativeYap1,test,3,NativeYap1,87f48d168591507eb2fb931edf1add4749a7d3bde6f74898e391348a66077bf5
real_biosensor,heldout_construct,2,plate|construct|dose_mM,stressor,construct,stressor=H2O2,plate=20260803|construct=NativeYap1|dose_mM=0,NativeYap1,H2O2,20260803,0.0,NativeYap1,test,3,NativeYap1,87f48d168591507eb2fb931edf1add4749a7d3bde6f74898e391348a66077bf5
real_biosensor,heldout_construct,2,plate|construct|dose_mM,stressor,construct,stressor=H2O2,plate=20260803|construct=NativeYap1|dose_mM=0.1,NativeYap1,H2O2,20260803,0.1,NativeYap1,test,3,NativeYap1,87f48d168591507eb2fb931edf1add4749a7d3bde6f74898e391348a66077bf5
real_biosensor,heldout_construct,2,plate|construct|dose_mM,stressor,construct,stressor=H2O2,plate=20260803|construct=NativeYap1|dose_mM=0.2,NativeYap1,H2O2,20260803,0.2,NativeYap1,test,3,NativeYap1,87f48d168591507eb2fb931edf1add4749a7d3bde6f74898e391348a66077bf5
real_biosensor,heldout_construct,2,plate|construct|dose_mM,stressor,construct,stressor=H2O2,plate=20260803|construct=NativeYap1|dose_mM=0.5,NativeYap1,H2O2,20260803,0.5,NativeYap1,test,3,NativeYap1,87f48d168591507eb2fb931edf1add4749a7d3bde6f74898e391348a66077bf5
real_biosensor,heldout_construct,2,plate|construct|dose_mM,stressor,construct,stressor=H2O2,plate=20260803|construct=NativeYap1|dose_mM=1,NativeYap1,H2O2,20260803,1.0,NativeYap1,test,3,NativeYap1,87f48d168591507eb2fb931edf1add4749a7d3bde6f74898e391348a66077bf5
real_biosensor,heldout_construct,2,plate|construct|dose_mM,stressor,construct,stressor=H2O2,plate=20260803|construct=NativeYap1|dose_mM=2,NativeYap1,H2O2,20260803,2.0,NativeYap1,test,3,NativeYap1,87f48d168591507eb2fb931edf1add4749a7d3bde6f74898e391348a66077bf5
real_biosensor,heldout_construct,2,plate|construct|dose_mM,stressor,construct,stressor=H2O2,plate=20260803|construct=NativeYap1|dose_mM=4,NativeYap1,H2O2,20260803,4.0,NativeYap1,test,3,NativeYap1,87f48d168591507eb2fb931edf1add4749a7d3bde6f74898e391348a66077bf5
real_biosensor,heldout_construct,2,plate|construct|dose_mM,stressor,construct,stressor=H2O2,plate=20260804|construct=NativeYap1|dose_mM=0,NativeYap1,H2O2,20260804,0.0,NativeYap1,test,3,NativeYap1,87f48d168591507eb2fb931edf1add4749a7d3bde6f74898e391348a66077bf5
real_biosensor,heldout_construct,2,plate|construct|dose_mM,stressor,construct,stressor=H2O2,plate=20260804|construct=NativeYap1|dose_mM=0.1,NativeYap1,H2O2,20260804,0.1,NativeYap1,test,3,NativeYap1,87f48d168591507eb2fb931edf1add4749a7d3bde6f74898e391348a66077bf5
real_biosensor,heldout_construct,2,plate|construct|dose_mM,stressor,construct,stressor=H2O2,plate=20260804|construct=NativeYap1|dose_mM=0.2,NativeYap1,H2O2,20260804,0.2,NativeYap1,test,3,NativeYap1,87f48d168591507eb2fb931edf1add4749a7d3bde6f74898e391348a66077bf5
real_biosensor,heldout_construct,2,plate|construct|dose_mM,stressor,construct,stressor=H2O2,plate=20260804|construct=NativeYap1|dose_mM=0.5,NativeYap1,H2O2,20260804,0.5,NativeYap1,test,3,NativeYap1,87f48d168591507eb2fb931edf1add4749a7d3bde6f74898e391348a66077bf5
real_biosensor,heldout_construct,2,plate|construct|dose_mM,stressor,construct,stressor=H2O2,plate=20260804|construct=NativeYap1|dose_mM=1,NativeYap1,H2O2,20260804,1.0,NativeYap1,test,3,NativeYap1,87f48d168591507eb2fb931edf1add4749a7d3bde6f74898e391348a66077bf5
real_biosensor,heldout_construct,2,plate|construct|dose_mM,stressor,construct,stressor=H2O2,plate=20260804|construct=NativeYap1|dose_mM=2,NativeYap1,H2O2,20260804,2.0,NativeYap1,test,3,NativeYap1,87f48d168591507eb2fb931edf1add4749a7d3bde6f74898e391348a66077bf5
real_biosensor,heldout_construct,2,plate|construct|dose_mM,stressor,construct,stressor=H2O2,plate=20260804|construct=NativeYap1|dose_mM=4,NativeYap1,H2O2,20260804,4.0,NativeYap1,test,3,NativeYap1,87f48d168591507eb2fb931edf1add4749a7d3bde6f74898e391348a66077bf5
real_biosensor,heldout_construct,2,plate|construct|dose_mM,stressor,construct,stressor=H2O2,plate=20260722|construct=AlteredYap1|dose_mM=0,AlteredYap1,H2O2,20260722,0.0,AlteredYap1,train,3,NativeYap1,87f48d168591507eb2fb931edf1add4749a7d3bde6f74898e391348a66077bf5
real_biosensor,heldout_construct,2,plate|construct|dose_mM,stressor,construct,stressor=H2O2,plate=20260722|construct=AlteredYap1|dose_mM=0.1,AlteredYap1,H2O2,20260722,0.1,AlteredYap1,train,3,NativeYap1,87f48d168591507eb2fb931edf1add4749a7d3bde6f74898e391348a66077bf5
real_biosensor,heldout_construct,2,plate|construct|dose_mM,stressor,construct,stressor=H2O2,plate=20260722|construct=AlteredYap1|dose_mM=0.2,AlteredYap1,H2O2,20260722,0.2,AlteredYap1,train,3,NativeYap1,87f48d168591507eb2fb931edf1add4749a7d3bde6f74898e391348a66077bf5
real_biosensor,heldout_construct,2,plate|construct|dose_mM,stressor,construct,stressor=H2O2,plate=20260722|construct=AlteredYap1|dose_mM=0.5,AlteredYap1,H2O2,20260722,0.5,AlteredYap1,train,3,NativeYap1,87f48d168591507eb2fb931edf1add4749a7d3bde6f74898e391348a66077bf5
real_biosensor,heldout_construct,2,plate|construct|dose_mM,stressor,construct,stressor=H2O2,plate=20260722|construct=AlteredYap1|dose_mM=1,AlteredYap1,H2O2,20260722,1.0,AlteredYap1,train,3,NativeYap1,87f48d168591507eb2fb931edf1add4749a7d3bde6f74898e391348a66077bf5
real_biosensor,heldout_construct,2,plate|construct|dose_mM,stressor,construct,stressor=H2O2,plate=20260722|construct=AlteredYap1|dose_mM=2,AlteredYap1,H2O2,20260722,2.0,AlteredYap1,train,3,NativeYap1,87f48d168591507eb2fb931edf1add4749a7d3bde6f74898e391348a66077bf5
real_biosensor,heldout_construct,2,plate|construct|dose_mM,stressor,construct,stressor=H2O2,plate=20260722|construct=AlteredYap1|dose_mM=4,AlteredYap1,H2O2,20260722,4.0,AlteredYap1,train,3,NativeYap1,87f48d168591507eb2fb931edf1add4749a7d3bde6f74898e391348a66077bf5
real_biosensor,heldout_construct,2,plate|construct|dose_mM,stressor,construct,stressor=H2O2,plate=20260728|construct=AlteredYap1|dose_mM=0,AlteredYap1,H2O2,20260728,0.0,AlteredYap1,train,3,NativeYap1,87f48d168591507eb2fb931edf1add4749a7d3bde6f74898e391348a66077bf5
real_biosensor,heldout_construct,2,plate|construct|dose_mM,stressor,construct,stressor=H2O2,plate=20260728|construct=AlteredYap1|dose_mM=0.1,AlteredYap1,H2O2,20260728,0.1,AlteredYap1,train,3,NativeYap1,87f48d168591507eb2fb931edf1add4749a7d3bde6f74898e391348a66077bf5
real_biosensor,heldout_construct,2,plate|construct|dose_mM,stressor,construct,stressor=H2O2,plate=20260728|construct=AlteredYap1|dose_mM=0.2,AlteredYap1,H2O2,20260728,0.2,AlteredYap1,train,3,NativeYap1,87f48d168591507eb2fb931edf1add4749a7d3bde6f74898e391348a66077bf5
real_biosensor,heldout_construct,2,plate|construct|dose_mM,stressor,construct,stressor=H2O2,plate=20260728|construct=AlteredYap1|dose_mM=0.5,AlteredYap1,H2O2,20260728,0.5,AlteredYap1,train,3,NativeYap1,87f48d168591507eb2fb931edf1add4749a7d3bde6f74898e391348a66077bf5
real_biosensor,heldout_construct,2,plate|construct|dose_mM,stressor,construct,stressor=H2O2,plate=20260728|construct=AlteredYap1|dose_mM=1,AlteredYap1,H2O2,20260728,1.0,AlteredYap1,train,3,NativeYap1,87f48d168591507eb2fb931edf1add4749a7d3bde6f74898e391348a66077bf5
real_biosensor,heldout_construct,2,plate|construct|dose_mM,stressor,construct,stressor=H2O2,plate=20260728|construct=AlteredYap1|dose_mM=2,AlteredYap1,H2O2,20260728,2.0,AlteredYap1,train,3,NativeYap1,87f48d168591507eb2fb931edf1add4749a7d3bde6f74898e391348a66077bf5
real_biosensor,heldout_construct,2,plate|construct|dose_mM,stressor,construct,stressor=H2O2,plate=20260728|construct=AlteredYap1|dose_mM=4,AlteredYap1,H2O2,20260728,4.0,AlteredYap1,train,3,NativeYap1,87f48d168591507eb2fb931edf1add4749a7d3bde6f74898e391348a66077bf5
real_biosensor,heldout_construct,2,plate|construct|dose_mM,stressor,construct,stressor=H2O2,plate=20260803|construct=AlteredYap1|dose_mM=0,AlteredYap1,H2O2,20260803,0.0,AlteredYap1,train,3,NativeYap1,87f48d168591507eb2fb931edf1add4749a7d3bde6f74898e391348a66077bf5
real_biosensor,heldout_construct,2,plate|construct|dose_mM,stressor,construct,stressor=H2O2,plate=20260803|construct=AlteredYap1|dose_mM=0.1,AlteredYap1,H2O2,20260803,0.1,AlteredYap1,train,3,NativeYap1,87f48d168591507eb2fb931edf1add4749a7d3bde6f74898e391348a66077bf5
real_biosensor,heldout_construct,2,plate|construct|dose_mM,stressor,construct,stressor=H2O2,plate=20260803|construct=AlteredYap1|dose_mM=0.2,AlteredYap1,H2O2,20260803,0.2,AlteredYap1,train,3,NativeYap1,87f48d168591507eb2fb931edf1add4749a7d3bde6f74898e391348a66077bf5
real_biosensor,heldout_construct,2,plate|construct|dose_mM,stressor,construct,stressor=H2O2,plate=20260803|construct=AlteredYap1|dose_mM=0.5,AlteredYap1,H2O2,20260803,0.5,AlteredYap1,train,3,NativeYap1,87f48d168591507eb2fb931edf1add4749a7d3bde6f74898e391348a66077bf5
real_biosensor,heldout_construct,2,plate|construct|dose_mM,stressor,construct,stressor=H2O2,plate=20260803|construct=AlteredYap1|dose_mM=1,AlteredYap1,H2O2,20260803,1.0,AlteredYap1,train,3,NativeYap1,87f48d168591507eb2fb931edf1add4749a7d3bde6f74898e391348a66077bf5
real_biosensor,heldout_construct,2,plate|construct|dose_mM,stressor,construct,stressor=H2O2,plate=20260803|construct=AlteredYap1|dose_mM=2,AlteredYap1,H2O2,20260803,2.0,AlteredYap1,train,3,NativeYap1,87f48d168591507eb2fb931edf1add4749a7d3bde6f74898e391348a66077bf5
real_biosensor,heldout_construct,2,plate|construct|dose_mM,stressor,construct,stressor=H2O2,plate=20260803|construct=AlteredYap1|dose_mM=4,AlteredYap1,H2O2,20260803,4.0,AlteredYap1,train,3,NativeYap1,87f48d168591507eb2fb931edf1add4749a7d3bde6f74898e391348a66077bf5
real_biosensor,heldout_construct,2,plate|construct|dose_mM,stressor,construct,stressor=H2O2,plate=20260804|construct=AlteredYap1|dose_mM=0,AlteredYap1,H2O2,20260804,0.0,AlteredYap1,train,3,NativeYap1,87f48d168591507eb2fb931edf1add4749a7d3bde6f74898e391348a66077bf5
real_biosensor,heldout_construct,2,plate|construct|dose_mM,stressor,construct,stressor=H2O2,plate=20260804|construct=AlteredYap1|dose_mM=0.1,AlteredYap1,H2O2,20260804,0.1,AlteredYap1,train,3,NativeYap1,87f48d168591507eb2fb931edf1add4749a7d3bde6f74898e391348a66077bf5
real_biosensor,heldout_construct,2,plate|construct|dose_mM,stressor,construct,stressor=H2O2,plate=20260804|construct=AlteredYap1|dose_mM=0.2,AlteredYap1,H2O2,20260804,0.2,AlteredYap1,train,3,NativeYap1,87f48d168591507eb2fb931edf1add4749a7d3bde6f74898e391348a66077bf5
real_biosensor,heldout_construct,2,plate|construct|dose_mM,stressor,construct,stressor=H2O2,plate=20260804|construct=AlteredYap1|dose_mM=0.5,AlteredYap1,H2O2,20260804,0.5,AlteredYap1,train,3,NativeYap1,87f48d168591507eb2fb931edf1add4749a7d3bde6f74898e391348a66077bf5
real_biosensor,heldout_construct,2,plate|construct|dose_mM,stressor,construct,stressor=H2O2,plate=20260804|construct=AlteredYap1|dose_mM=1,AlteredYap1,H2O2,20260804,1.0,AlteredYap1,train,3,NativeYap1,87f48d168591507eb2fb931edf1add4749a7d3bde6f74898e391348a66077bf5
real_biosensor,heldout_construct,2,plate|construct|dose_mM,stressor,construct,stressor=H2O2,plate=20260804|construct=AlteredYap1|dose_mM=2,AlteredYap1,H2O2,20260804,2.0,AlteredYap1,train,3,NativeYap1,87f48d168591507eb2fb931edf1add4749a7d3bde6f74898e391348a66077bf5
real_biosensor,heldout_construct,2,plate|construct|dose_mM,stressor,construct,stressor=H2O2,plate=20260804|construct=AlteredYap1|dose_mM=4,AlteredYap1,H2O2,20260804,4.0,AlteredYap1,train,3,NativeYap1,87f48d168591507eb2fb931edf1add4749a7d3bde6f74898e391348a66077bf5
real_biosensor,heldout_replicate,0,plate|construct|dose_mM,construct,plate,construct=AlteredYap1,plate=20260803|construct=AlteredYap1|dose_mM=0,AlteredYap1,,20260803,0.0,20260803,test,3,20260803,d59c25f5fbc9e473e931c9124d4bed3543f85a1c53a1dc8d953c0655a02cb7aa
real_biosensor,heldout_replicate,0,plate|construct|dose_mM,construct,plate,construct=AlteredYap1,plate=20260803|construct=AlteredYap1|dose_mM=0,AlteredYap1,,20260803,0.0,20260803,test,3,20260803,d59c25f5fbc9e473e931c9124d4bed3543f85a1c53a1dc8d953c0655a02cb7aa
real_biosensor,heldout_replicate,0,plate|construct|dose_mM,construct,plate,construct=AlteredYap1,plate=20260803|construct=AlteredYap1|dose_mM=0.1,AlteredYap1,,20260803,0.1,20260803,test,3,20260803,d59c25f5fbc9e473e931c9124d4bed3543f85a1c53a1dc8d953c0655a02cb7aa
real_biosensor,heldout_replicate,0,plate|construct|dose_mM,construct,plate,construct=AlteredYap1,plate=20260803|construct=AlteredYap1|dose_mM=0.1,AlteredYap1,,20260803,0.1,20260803,test,3,20260803,d59c25f5fbc9e473e931c9124d4bed3543f85a1c53a1dc8d953c0655a02cb7aa
real_biosensor,heldout_replicate,0,plate|construct|dose_mM,construct,plate,construct=AlteredYap1,plate=20260803|construct=AlteredYap1|dose_mM=0.2,AlteredYap1,,20260803,0.2,20260803,test,3,20260803,d59c25f5fbc9e473e931c9124d4bed3543f85a1c53a1dc8d953c0655a02cb7aa
real_biosensor,heldout_replicate,0,plate|construct|dose_mM,construct,plate,construct=AlteredYap1,plate=20260803|construct=AlteredYap1|dose_mM=0.2,AlteredYap1,,20260803,0.2,20260803,test,3,20260803,d59c25f5fbc9e473e931c9124d4bed3543f85a1c53a1dc8d953c0655a02cb7aa
real_biosensor,heldout_replicate,0,plate|construct|dose_mM,construct,plate,construct=AlteredYap1,plate=20260803|construct=AlteredYap1|dose_mM=0.5,AlteredYap1,,20260803,0.5,20260803,test,3,20260803,d59c25f5fbc9e473e931c9124d4bed3543f85a1c53a1dc8d953c0655a02cb7aa
real_biosensor,heldout_replicate,0,plate|construct|dose_mM,construct,plate,construct=AlteredYap1,plate=20260803|construct=AlteredYap1|dose_mM=0.5,AlteredYap1,,20260803,0.5,20260803,test,3,20260803,d59c25f5fbc9e473e931c9124d4bed3543f85a1c53a1dc8d953c0655a02cb7aa
real_biosensor,heldout_replicate,0,plate|construct|dose_mM,construct,plate,construct=AlteredYap1,plate=20260803|construct=AlteredYap1|dose_mM=1,AlteredYap1,,20260803,1.0,20260803,test,3,20260803,d59c25f5fbc9e473e931c9124d4bed3543f85a1c53a1dc8d953c0655a02cb7aa
real_biosensor,heldout_replicate,0,plate|construct|dose_mM,construct,plate,construct=AlteredYap1,plate=20260803|construct=AlteredYap1|dose_mM=1,AlteredYap1,,20260803,1.0,20260803,test,3,20260803,d59c25f5fbc9e473e931c9124d4bed3543f85a1c53a1dc8d953c0655a02cb7aa
real_biosensor,heldout_replicate,0,plate|construct|dose_mM,construct,plate,construct=AlteredYap1,plate=20260803|construct=AlteredYap1|dose_mM=2,AlteredYap1,,20260803,2.0,20260803,test,3,20260803,d59c25f5fbc9e473e931c9124d4bed3543f85a1c53a1dc8d953c0655a02cb7aa
real_biosensor,heldout_replicate,0,plate|construct|dose_mM,construct,plate,construct=AlteredYap1,plate=20260803|construct=AlteredYap1|dose_mM=2,AlteredYap1,,20260803,2.0,20260803,test,3,20260803,d59c25f5fbc9e473e931c9124d4bed3543f85a1c53a1dc8d953c0655a02cb7aa
real_biosensor,heldout_replicate,0,plate|construct|dose_mM,construct,plate,construct=AlteredYap1,plate=20260803|construct=AlteredYap1|dose_mM=4,AlteredYap1,,20260803,4.0,20260803,test,3,20260803,d59c25f5fbc9e473e931c9124d4bed3543f85a1c53a1dc8d953c0655a02cb7aa
real_biosensor,heldout_replicate,0,plate|construct|dose_mM,construct,plate,construct=AlteredYap1,plate=20260803|construct=AlteredYap1|dose_mM=4,AlteredYap1,,20260803,4.0,20260803,test,3,20260803,d59c25f5fbc9e473e931c9124d4bed3543f85a1c53a1dc8d953c0655a02cb7aa
real_biosensor,heldout_replicate,0,plate|construct|dose_mM,construct,plate,construct=AlteredYap1,plate=20260722|construct=AlteredYap1|dose_mM=0,AlteredYap1,,20260722,0.0,20260722,train,3,20260803,d59c25f5fbc9e473e931c9124d4bed3543f85a1c53a1dc8d953c0655a02cb7aa
real_biosensor,heldout_replicate,0,plate|construct|dose_mM,construct,plate,construct=AlteredYap1,plate=20260722|construct=AlteredYap1|dose_mM=0,AlteredYap1,,20260722,0.0,20260722,train,3,20260803,d59c25f5fbc9e473e931c9124d4bed3543f85a1c53a1dc8d953c0655a02cb7aa
real_biosensor,heldout_replicate,0,plate|construct|dose_mM,construct,plate,construct=AlteredYap1,plate=20260722|construct=AlteredYap1|dose_mM=0.1,AlteredYap1,,20260722,0.1,20260722,train,3,20260803,d59c25f5fbc9e473e931c9124d4bed3543f85a1c53a1dc8d953c0655a02cb7aa
real_biosensor,heldout_replicate,0,plate|construct|dose_mM,construct,plate,construct=AlteredYap1,plate=20260722|construct=AlteredYap1|dose_mM=0.1,AlteredYap1,,20260722,0.1,20260722,train,3,20260803,d59c25f5fbc9e473e931c9124d4bed3543f85a1c53a1dc8d953c0655a02cb7aa
real_biosensor,heldout_replicate,0,plate|construct|dose_mM,construct,plate,construct=AlteredYap1,plate=20260722|construct=AlteredYap1|dose_mM=0.2,AlteredYap1,,20260722,0.2,20260722,train,3,20260803,d59c25f5fbc9e473e931c9124d4bed3543f85a1c53a1dc8d953c0655a02cb7aa
real_biosensor,heldout_replicate,0,plate|construct|dose_mM,construct,plate,construct=AlteredYap1,plate=20260722|construct=AlteredYap1|dose_mM=0.2,AlteredYap1,,20260722,0.2,20260722,train,3,20260803,d59c25f5fbc9e473e931c9124d4bed3543f85a1c53a1dc8d953c0655a02cb7aa
real_biosensor,heldout_replicate,0,plate|construct|dose_mM,construct,plate,construct=AlteredYap1,plate=20260722|construct=AlteredYap1|dose_mM=0.5,AlteredYap1,,20260722,0.5,20260722,train,3,20260803,d59c25f5fbc9e473e931c9124d4bed3543f85a1c53a1dc8d953c0655a02cb7aa
real_biosensor,heldout_replicate,0,plate|construct|dose_mM,construct,plate,construct=AlteredYap1,plate=20260722|construct=AlteredYap1|dose_mM=0.5,AlteredYap1,,20260722,0.5,20260722,train,3,20260803,d59c25f5fbc9e473e931c9124d4bed3543f85a1c53a1dc8d953c0655a02cb7aa
real_biosensor,heldout_replicate,0,plate|construct|dose_mM,construct,plate,construct=AlteredYap1,plate=20260722|construct=AlteredYap1|dose_mM=1,AlteredYap1,,20260722,1.0,20260722,train,3,20260803,d59c25f5fbc9e473e931c9124d4bed3543f85a1c53a1dc8d953c0655a02cb7aa
real_biosensor,heldout_replicate,0,plate|construct|dose_mM,construct,plate,construct=AlteredYap1,plate=20260722|construct=AlteredYap1|dose_mM=1,AlteredYap1,,20260722,1.0,20260722,train,3,20260803,d59c25f5fbc9e473e931c9124d4bed3543f85a1c53a1dc8d953c0655a02cb7aa
real_biosensor,heldout_replicate,0,plate|construct|dose_mM,construct,plate,construct=AlteredYap1,plate=20260722|construct=AlteredYap1|dose_mM=2,AlteredYap1,,20260722,2.0,20260722,train,3,20260803,d59c25f5fbc9e473e931c9124d4bed3543f85a1c53a1dc8d953c0655a02cb7aa
real_biosensor,heldout_replicate,0,plate|construct|dose_mM,construct,plate,construct=AlteredYap1,plate=20260722|construct=AlteredYap1|dose_mM=2,AlteredYap1,,20260722,2.0,20260722,train,3,20260803,d59c25f5fbc9e473e931c9124d4bed3543f85a1c53a1dc8d953c0655a02cb7aa
real_biosensor,heldout_replicate,0,plate|construct|dose_mM,construct,plate,construct=AlteredYap1,plate=20260722|construct=AlteredYap1|dose_mM=4,AlteredYap1,,20260722,4.0,20260722,train,3,20260803,d59c25f5fbc9e473e931c9124d4bed3543f85a1c53a1dc8d953c0655a02cb7aa
real_biosensor,heldout_replicate,0,plate|construct|dose_mM,construct,plate,construct=AlteredYap1,plate=20260722|construct=AlteredYap1|dose_mM=4,AlteredYap1,,20260722,4.0,20260722,train,3,20260803,d59c25f5fbc9e473e931c9124d4bed3543f85a1c53a1dc8d953c0655a02cb7aa
real_biosensor,heldout_replicate,0,plate|construct|dose_mM,construct,plate,construct=AlteredYap1,plate=20260728|construct=AlteredYap1|dose_mM=0,AlteredYap1,,20260728,0.0,20260728,train,3,20260803,d59c25f5fbc9e473e931c9124d4bed3543f85a1c53a1dc8d953c0655a02cb7aa
real_biosensor,heldout_replicate,0,plate|construct|dose_mM,construct,plate,construct=AlteredYap1,plate=20260728|construct=AlteredYap1|dose_mM=0,AlteredYap1,,20260728,0.0,20260728,train,3,20260803,d59c25f5fbc9e473e931c9124d4bed3543f85a1c53a1dc8d953c0655a02cb7aa
real_biosensor,heldout_replicate,0,plate|construct|dose_mM,construct,plate,construct=AlteredYap1,plate=20260728|construct=AlteredYap1|dose_mM=0.1,AlteredYap1,,20260728,0.1,20260728,train,3,20260803,d59c25f5fbc9e473e931c9124d4bed3543f85a1c53a1dc8d953c0655a02cb7aa
real_biosensor,heldout_replicate,0,plate|construct|dose_mM,construct,plate,construct=AlteredYap1,plate=20260728|construct=AlteredYap1|dose_mM=0.1,AlteredYap1,,20260728,0.1,20260728,train,3,20260803,d59c25f5fbc9e473e931c9124d4bed3543f85a1c53a1dc8d953c0655a02cb7aa
real_biosensor,heldout_replicate,0,plate|construct|dose_mM,construct,plate,construct=AlteredYap1,plate=20260728|construct=AlteredYap1|dose_mM=0.2,AlteredYap1,,20260728,0.2,20260728,train,3,20260803,d59c25f5fbc9e473e931c9124d4bed3543f85a1c53a1dc8d953c0655a02cb7aa
real_biosensor,heldout_replicate,0,plate|construct|dose_mM,construct,plate,construct=AlteredYap1,plate=20260728|construct=AlteredYap1|dose_mM=0.2,AlteredYap1,,20260728,0.2,20260728,train,3,20260803,d59c25f5fbc9e473e931c9124d4bed3543f85a1c53a1dc8d953c0655a02cb7aa
real_biosensor,heldout_replicate,0,plate|construct|dose_mM,construct,plate,construct=AlteredYap1,plate=20260728|construct=AlteredYap1|dose_mM=0.5,AlteredYap1,,20260728,0.5,20260728,train,3,20260803,d59c25f5fbc9e473e931c9124d4bed3543f85a1c53a1dc8d953c0655a02cb7aa
real_biosensor,heldout_replicate,0,plate|construct|dose_mM,construct,plate,construct=AlteredYap1,plate=20260728|construct=AlteredYap1|dose_mM=0.5,AlteredYap1,,20260728,0.5,20260728,train,3,20260803,d59c25f5fbc9e473e931c9124d4bed3543f85a1c53a1dc8d953c0655a02cb7aa
real_biosensor,heldout_replicate,0,plate|construct|dose_mM,construct,plate,construct=AlteredYap1,plate=20260728|construct=AlteredYap1|dose_mM=1,AlteredYap1,,20260728,1.0,20260728,train,3,20260803,d59c25f5fbc9e473e931c9124d4bed3543f85a1c53a1dc8d953c0655a02cb7aa
real_biosensor,heldout_replicate,0,plate|construct|dose_mM,construct,plate,construct=AlteredYap1,plate=20260728|construct=AlteredYap1|dose_mM=1,AlteredYap1,,20260728,1.0,20260728,train,3,20260803,d59c25f5fbc9e473e931c9124d4bed3543f85a1c53a1dc8d953c0655a02cb7aa
real_biosensor,heldout_replicate,0,plate|construct|dose_mM,construct,plate,construct=AlteredYap1,plate=20260728|construct=AlteredYap1|dose_mM=2,AlteredYap1,,20260728,2.0,20260728,train,3,20260803,d59c25f5fbc9e473e931c9124d4bed3543f85a1c53a1dc8d953c0655a02cb7aa
real_biosensor,heldout_replicate,0,plate|construct|dose_mM,construct,plate,construct=AlteredYap1,plate=20260728|construct=AlteredYap1|dose_mM=2,AlteredYap1,,20260728,2.0,20260728,train,3,20260803,d59c25f5fbc9e473e931c9124d4bed3543f85a1c53a1dc8d953c0655a02cb7aa
real_biosensor,heldout_replicate,0,plate|construct|dose_mM,construct,plate,construct=AlteredYap1,plate=20260728|construct=AlteredYap1|dose_mM=4,AlteredYap1,,20260728,4.0,20260728,train,3,20260803,d59c25f5fbc9e473e931c9124d4bed3543f85a1c53a1dc8d953c0655a02cb7aa
real_biosensor,heldout_replicate,0,plate|construct|dose_mM,construct,plate,construct=AlteredYap1,plate=20260728|construct=AlteredYap1|dose_mM=4,AlteredYap1,,20260728,4.0,20260728,train,3,20260803,d59c25f5fbc9e473e931c9124d4bed3543f85a1c53a1dc8d953c0655a02cb7aa
real_biosensor,heldout_replicate,0,plate|construct|dose_mM,construct,plate,construct=AlteredYap1,plate=20260804|construct=AlteredYap1|dose_mM=0,AlteredYap1,,20260804,0.0,20260804,train,3,20260803,d59c25f5fbc9e473e931c9124d4bed3543f85a1c53a1dc8d953c0655a02cb7aa
real_biosensor,heldout_replicate,0,plate|construct|dose_mM,construct,plate,construct=AlteredYap1,plate=20260804|construct=AlteredYap1|dose_mM=0,AlteredYap1,,20260804,0.0,20260804,train,3,20260803,d59c25f5fbc9e473e931c9124d4bed3543f85a1c53a1dc8d953c0655a02cb7aa
real_biosensor,heldout_replicate,0,plate|construct|dose_mM,construct,plate,construct=AlteredYap1,plate=20260804|construct=AlteredYap1|dose_mM=0.1,AlteredYap1,,20260804,0.1,20260804,train,3,20260803,d59c25f5fbc9e473e931c9124d4bed3543f85a1c53a1dc8d953c0655a02cb7aa
real_biosensor,heldout_replicate,0,plate|construct|dose_mM,construct,plate,construct=AlteredYap1,plate=20260804|construct=AlteredYap1|dose_mM=0.1,AlteredYap1,,20260804,0.1,20260804,train,3,20260803,d59c25f5fbc9e473e931c9124d4bed3543f85a1c53a1dc8d953c0655a02cb7aa
real_biosensor,heldout_replicate,0,plate|construct|dose_mM,construct,plate,construct=AlteredYap1,plate=20260804|construct=AlteredYap1|dose_mM=0.2,AlteredYap1,,20260804,0.2,20260804,train,3,20260803,d59c25f5fbc9e473e931c9124d4bed3543f85a1c53a1dc8d953c0655a02cb7aa
real_biosensor,heldout_replicate,0,plate|construct|dose_mM,construct,plate,construct=AlteredYap1,plate=20260804|construct=AlteredYap1|dose_mM=0.2,AlteredYap1,,20260804,0.2,20260804,train,3,20260803,d59c25f5fbc9e473e931c9124d4bed3543f85a1c53a1dc8d953c0655a02cb7aa
real_biosensor,heldout_replicate,0,plate|construct|dose_mM,construct,plate,construct=AlteredYap1,plate=20260804|construct=AlteredYap1|dose_mM=0.5,AlteredYap1,,20260804,0.5,20260804,train,3,20260803,d59c25f5fbc9e473e931c9124d4bed3543f85a1c53a1dc8d953c0655a02cb7aa
real_biosensor,heldout_replicate,0,plate|construct|dose_mM,construct,plate,construct=AlteredYap1,plate=20260804|construct=AlteredYap1|dose_mM=0.5,AlteredYap1,,20260804,0.5,20260804,train,3,20260803,d59c25f5fbc9e473e931c9124d4bed3543f85a1c53a1dc8d953c0655a02cb7aa
real_biosensor,heldout_replicate,0,plate|construct|dose_mM,construct,plate,construct=AlteredYap1,plate=20260804|construct=AlteredYap1|dose_mM=1,AlteredYap1,,20260804,1.0,20260804,train,3,20260803,d59c25f5fbc9e473e931c9124d4bed3543f85a1c53a1dc8d953c0655a02cb7aa
real_biosensor,heldout_replicate,0,plate|construct|dose_mM,construct,plate,construct=AlteredYap1,plate=20260804|construct=AlteredYap1|dose_mM=1,AlteredYap1,,20260804,1.0,20260804,train,3,20260803,d59c25f5fbc9e473e931c9124d4bed3543f85a1c53a1dc8d953c0655a02cb7aa
real_biosensor,heldout_replicate,0,plate|construct|dose_mM,construct,plate,construct=AlteredYap1,plate=20260804|construct=AlteredYap1|dose_mM=2,AlteredYap1,,20260804,2.0,20260804,train,3,20260803,d59c25f5fbc9e473e931c9124d4bed3543f85a1c53a1dc8d953c0655a02cb7aa
real_biosensor,heldout_replicate,0,plate|construct|dose_mM,construct,plate,construct=AlteredYap1,plate=20260804|construct=AlteredYap1|dose_mM=2,AlteredYap1,,20260804,2.0,20260804,train,3,20260803,d59c25f5fbc9e473e931c9124d4bed3543f85a1c53a1dc8d953c0655a02cb7aa
real_biosensor,heldout_replicate,0,plate|construct|dose_mM,construct,plate,construct=AlteredYap1,plate=20260804|construct=AlteredYap1|dose_mM=4,AlteredYap1,,20260804,4.0,20260804,train,3,20260803,d59c25f5fbc9e473e931c9124d4bed3543f85a1c53a1dc8d953c0655a02cb7aa
real_biosensor,heldout_replicate,0,plate|construct|dose_mM,construct,plate,construct=AlteredYap1,plate=20260804|construct=AlteredYap1|dose_mM=4,AlteredYap1,,20260804,4.0,20260804,train,3,20260803,d59c25f5fbc9e473e931c9124d4bed3543f85a1c53a1dc8d953c0655a02cb7aa
real_biosensor,heldout_replicate,0,plate|construct|dose_mM,construct,plate,construct=NativeYap1,plate=20260728|construct=NativeYap1|dose_mM=0,NativeYap1,,20260728,0.0,20260728,test,3,20260728,d59c25f5fbc9e473e931c9124d4bed3543f85a1c53a1dc8d953c0655a02cb7aa
real_biosensor,heldout_replicate,0,plate|construct|dose_mM,construct,plate,construct=NativeYap1,plate=20260728|construct=NativeYap1|dose_mM=0,NativeYap1,,20260728,0.0,20260728,test,3,20260728,d59c25f5fbc9e473e931c9124d4bed3543f85a1c53a1dc8d953c0655a02cb7aa
real_biosensor,heldout_replicate,0,plate|construct|dose_mM,construct,plate,construct=NativeYap1,plate=20260728|construct=NativeYap1|dose_mM=0.1,NativeYap1,,20260728,0.1,20260728,test,3,20260728,d59c25f5fbc9e473e931c9124d4bed3543f85a1c53a1dc8d953c0655a02cb7aa
real_biosensor,heldout_replicate,0,plate|construct|dose_mM,construct,plate,construct=NativeYap1,plate=20260728|construct=NativeYap1|dose_mM=0.1,NativeYap1,,20260728,0.1,20260728,test,3,20260728,d59c25f5fbc9e473e931c9124d4bed3543f85a1c53a1dc8d953c0655a02cb7aa
real_biosensor,heldout_replicate,0,plate|construct|dose_mM,construct,plate,construct=NativeYap1,plate=20260728|construct=NativeYap1|dose_mM=0.2,NativeYap1,,20260728,0.2,20260728,test,3,20260728,d59c25f5fbc9e473e931c9124d4bed3543f85a1c53a1dc8d953c0655a02cb7aa
real_biosensor,heldout_replicate,0,plate|construct|dose_mM,construct,plate,construct=NativeYap1,plate=20260728|construct=NativeYap1|dose_mM=0.2,NativeYap1,,20260728,0.2,20260728,test,3,20260728,d59c25f5fbc9e473e931c9124d4bed3543f85a1c53a1dc8d953c0655a02cb7aa
real_biosensor,heldout_replicate,0,plate|construct|dose_mM,construct,plate,construct=NativeYap1,plate=20260728|construct=NativeYap1|dose_mM=0.5,NativeYap1,,20260728,0.5,20260728,test,3,20260728,d59c25f5fbc9e473e931c9124d4bed3543f85a1c53a1dc8d953c0655a02cb7aa
real_biosensor,heldout_replicate,0,plate|construct|dose_mM,construct,plate,construct=NativeYap1,plate=20260728|construct=NativeYap1|dose_mM=0.5,NativeYap1,,20260728,0.5,20260728,test,3,20260728,d59c25f5fbc9e473e931c9124d4bed3543f85a1c53a1dc8d953c0655a02cb7aa
real_biosensor,heldout_replicate,0,plate|construct|dose_mM,construct,plate,construct=NativeYap1,plate=20260728|construct=NativeYap1|dose_mM=1,NativeYap1,,20260728,1.0,20260728,test,3,20260728,d59c25f5fbc9e473e931c9124d4bed3543f85a1c53a1dc8d953c0655a02cb7aa
real_biosensor,heldout_replicate,0,plate|construct|dose_mM,construct,plate,construct=NativeYap1,plate=20260728|construct=NativeYap1|dose_mM=1,NativeYap1,,20260728,1.0,20260728,test,3,20260728,d59c25f5fbc9e473e931c9124d4bed3543f85a1c53a1dc8d953c0655a02cb7aa
real_biosensor,heldout_replicate,0,plate|construct|dose_mM,construct,plate,construct=NativeYap1,plate=20260728|construct=NativeYap1|dose_mM=2,NativeYap1,,20260728,2.0,20260728,test,3,20260728,d59c25f5fbc9e473e931c9124d4bed3543f85a1c53a1dc8d953c0655a02cb7aa
real_biosensor,heldout_replicate,0,plate|construct|dose_mM,construct,plate,construct=NativeYap1,plate=20260728|construct=NativeYap1|dose_mM=2,NativeYap1,,20260728,2.0,20260728,test,3,20260728,d59c25f5fbc9e473e931c9124d4bed3543f85a1c53a1dc8d953c0655a02cb7aa
real_biosensor,heldout_replicate,0,plate|construct|dose_mM,construct,plate,construct=NativeYap1,plate=20260728|construct=NativeYap1|dose_mM=4,NativeYap1,,20260728,4.0,20260728,test,3,20260728,d59c25f5fbc9e473e931c9124d4bed3543f85a1c53a1dc8d953c0655a02cb7aa
real_biosensor,heldout_replicate,0,plate|construct|dose_mM,construct,plate,construct=NativeYap1,plate=20260728|construct=NativeYap1|dose_mM=4,NativeYap1,,20260728,4.0,20260728,test,3,20260728,d59c25f5fbc9e473e931c9124d4bed3543f85a1c53a1dc8d953c0655a02cb7aa
real_biosensor,heldout_replicate,0,plate|construct|dose_mM,construct,plate,construct=NativeYap1,plate=20260722|construct=NativeYap1|dose_mM=0,NativeYap1,,20260722,0.0,20260722,train,3,20260728,d59c25f5fbc9e473e931c9124d4bed3543f85a1c53a1dc8d953c0655a02cb7aa
real_biosensor,heldout_replicate,0,plate|construct|dose_mM,construct,plate,construct=NativeYap1,plate=20260722|construct=NativeYap1|dose_mM=0,NativeYap1,,20260722,0.0,20260722,train,3,20260728,d59c25f5fbc9e473e931c9124d4bed3543f85a1c53a1dc8d953c0655a02cb7aa
real_biosensor,heldout_replicate,0,plate|construct|dose_mM,construct,plate,construct=NativeYap1,plate=20260722|construct=NativeYap1|dose_mM=0.1,NativeYap1,,20260722,0.1,20260722,train,3,20260728,d59c25f5fbc9e473e931c9124d4bed3543f85a1c53a1dc8d953c0655a02cb7aa
real_biosensor,heldout_replicate,0,plate|construct|dose_mM,construct,plate,construct=NativeYap1,plate=20260722|construct=NativeYap1|dose_mM=0.1,NativeYap1,,20260722,0.1,20260722,train,3,20260728,d59c25f5fbc9e473e931c9124d4bed3543f85a1c53a1dc8d953c0655a02cb7aa
real_biosensor,heldout_replicate,0,plate|construct|dose_mM,construct,plate,construct=NativeYap1,plate=20260722|construct=NativeYap1|dose_mM=0.2,NativeYap1,,20260722,0.2,20260722,train,3,20260728,d59c25f5fbc9e473e931c9124d4bed3543f85a1c53a1dc8d953c0655a02cb7aa
real_biosensor,heldout_replicate,0,plate|construct|dose_mM,construct,plate,construct=NativeYap1,plate=20260722|construct=NativeYap1|dose_mM=0.2,NativeYap1,,20260722,0.2,20260722,train,3,20260728,d59c25f5fbc9e473e931c9124d4bed3543f85a1c53a1dc8d953c0655a02cb7aa
real_biosensor,heldout_replicate,0,plate|construct|dose_mM,construct,plate,construct=NativeYap1,plate=20260722|construct=NativeYap1|dose_mM=0.5,NativeYap1,,20260722,0.5,20260722,train,3,20260728,d59c25f5fbc9e473e931c9124d4bed3543f85a1c53a1dc8d953c0655a02cb7aa
real_biosensor,heldout_replicate,0,plate|construct|dose_mM,construct,plate,construct=NativeYap1,plate=20260722|construct=NativeYap1|dose_mM=0.5,NativeYap1,,20260722,0.5,20260722,train,3,20260728,d59c25f5fbc9e473e931c9124d4bed3543f85a1c53a1dc8d953c0655a02cb7aa
real_biosensor,heldout_replicate,0,plate|construct|dose_mM,construct,plate,construct=NativeYap1,plate=20260722|construct=NativeYap1|dose_mM=1,NativeYap1,,20260722,1.0,20260722,train,3,20260728,d59c25f5fbc9e473e931c9124d4bed3543f85a1c53a1dc8d953c0655a02cb7aa
real_biosensor,heldout_replicate,0,plate|construct|dose_mM,construct,plate,construct=NativeYap1,plate=20260722|construct=NativeYap1|dose_mM=1,NativeYap1,,20260722,1.0,20260722,train,3,20260728,d59c25f5fbc9e473e931c9124d4bed3543f85a1c53a1dc8d953c0655a02cb7aa
real_biosensor,heldout_replicate,0,plate|construct|dose_mM,construct,plate,construct=NativeYap1,plate=20260722|construct=NativeYap1|dose_mM=2,NativeYap1,,20260722,2.0,20260722,train,3,20260728,d59c25f5fbc9e473e931c9124d4bed3543f85a1c53a1dc8d953c0655a02cb7aa
real_biosensor,heldout_replicate,0,plate|construct|dose_mM,construct,plate,construct=NativeYap1,plate=20260722|construct=NativeYap1|dose_mM=2,NativeYap1,,20260722,2.0,20260722,train,3,20260728,d59c25f5fbc9e473e931c9124d4bed3543f85a1c53a1dc8d953c0655a02cb7aa
real_biosensor,heldout_replicate,0,plate|construct|dose_mM,construct,plate,construct=NativeYap1,plate=20260722|construct=NativeYap1|dose_mM=4,NativeYap1,,20260722,4.0,20260722,train,3,20260728,d59c25f5fbc9e473e931c9124d4bed3543f85a1c53a1dc8d953c0655a02cb7aa
real_biosensor,heldout_replicate,0,plate|construct|dose_mM,construct,plate,construct=NativeYap1,plate=20260722|construct=NativeYap1|dose_mM=4,NativeYap1,,20260722,4.0,20260722,train,3,20260728,d59c25f5fbc9e473e931c9124d4bed3543f85a1c53a1dc8d953c0655a02cb7aa
real_biosensor,heldout_replicate,0,plate|construct|dose_mM,construct,plate,construct=NativeYap1,plate=20260803|construct=NativeYap1|dose_mM=0,NativeYap1,,20260803,0.0,20260803,train,3,20260728,d59c25f5fbc9e473e931c9124d4bed3543f85a1c53a1dc8d953c0655a02cb7aa
real_biosensor,heldout_replicate,0,plate|construct|dose_mM,construct,plate,construct=NativeYap1,plate=20260803|construct=NativeYap1|dose_mM=0,NativeYap1,,20260803,0.0,20260803,train,3,20260728,d59c25f5fbc9e473e931c9124d4bed3543f85a1c53a1dc8d953c0655a02cb7aa
real_biosensor,heldout_replicate,0,plate|construct|dose_mM,construct,plate,construct=NativeYap1,plate=20260803|construct=NativeYap1|dose_mM=0.1,NativeYap1,,20260803,0.1,20260803,train,3,20260728,d59c25f5fbc9e473e931c9124d4bed3543f85a1c53a1dc8d953c0655a02cb7aa
real_biosensor,heldout_replicate,0,plate|construct|dose_mM,construct,plate,construct=NativeYap1,plate=20260803|construct=NativeYap1|dose_mM=0.1,NativeYap1,,20260803,0.1,20260803,train,3,20260728,d59c25f5fbc9e473e931c9124d4bed3543f85a1c53a1dc8d953c0655a02cb7aa
real_biosensor,heldout_replicate,0,plate|construct|dose_mM,construct,plate,construct=NativeYap1,plate=20260803|construct=NativeYap1|dose_mM=0.2,NativeYap1,,20260803,0.2,20260803,train,3,20260728,d59c25f5fbc9e473e931c9124d4bed3543f85a1c53a1dc8d953c0655a02cb7aa
real_biosensor,heldout_replicate,0,plate|construct|dose_mM,construct,plate,construct=NativeYap1,plate=20260803|construct=NativeYap1|dose_mM=0.2,NativeYap1,,20260803,0.2,20260803,train,3,20260728,d59c25f5fbc9e473e931c9124d4bed3543f85a1c53a1dc8d953c0655a02cb7aa
real_biosensor,heldout_replicate,0,plate|construct|dose_mM,construct,plate,construct=NativeYap1,plate=20260803|construct=NativeYap1|dose_mM=0.5,NativeYap1,,20260803,0.5,20260803,train,3,20260728,d59c25f5fbc9e473e931c9124d4bed3543f85a1c53a1dc8d953c0655a02cb7aa
real_biosensor,heldout_replicate,0,plate|construct|dose_mM,construct,plate,construct=NativeYap1,plate=20260803|construct=NativeYap1|dose_mM=0.5,NativeYap1,,20260803,0.5,20260803,train,3,20260728,d59c25f5fbc9e473e931c9124d4bed3543f85a1c53a1dc8d953c0655a02cb7aa
real_biosensor,heldout_replicate,0,plate|construct|dose_mM,construct,plate,construct=NativeYap1,plate=20260803|construct=NativeYap1|dose_mM=1,NativeYap1,,20260803,1.0,20260803,train,3,20260728,d59c25f5fbc9e473e931c9124d4bed3543f85a1c53a1dc8d953c0655a02cb7aa
real_biosensor,heldout_replicate,0,plate|construct|dose_mM,construct,plate,construct=NativeYap1,plate=20260803|construct=NativeYap1|dose_mM=1,NativeYap1,,20260803,1.0,20260803,train,3,20260728,d59c25f5fbc9e473e931c9124d4bed3543f85a1c53a1dc8d953c0655a02cb7aa
real_biosensor,heldout_replicate,0,plate|construct|dose_mM,construct,plate,construct=NativeYap1,plate=20260803|construct=NativeYap1|dose_mM=2,NativeYap1,,20260803,2.0,20260803,train,3,20260728,d59c25f5fbc9e473e931c9124d4bed3543f85a1c53a1dc8d953c0655a02cb7aa
real_biosensor,heldout_replicate,0,plate|construct|dose_mM,construct,plate,construct=NativeYap1,plate=20260803|construct=NativeYap1|dose_mM=2,NativeYap1,,20260803,2.0,20260803,train,3,20260728,d59c25f5fbc9e473e931c9124d4bed3543f85a1c53a1dc8d953c0655a02cb7aa
real_biosensor,heldout_replicate,0,plate|construct|dose_mM,construct,plate,construct=NativeYap1,plate=20260803|construct=NativeYap1|dose_mM=4,NativeYap1,,20260803,4.0,20260803,train,3,20260728,d59c25f5fbc9e473e931c9124d4bed3543f85a1c53a1dc8d953c0655a02cb7aa
real_biosensor,heldout_replicate,0,plate|construct|dose_mM,construct,plate,construct=NativeYap1,plate=20260803|construct=NativeYap1|dose_mM=4,NativeYap1,,20260803,4.0,20260803,train,3,20260728,d59c25f5fbc9e473e931c9124d4bed3543f85a1c53a1dc8d953c0655a02cb7aa
real_biosensor,heldout_replicate,0,plate|construct|dose_mM,construct,plate,construct=NativeYap1,plate=20260804|construct=NativeYap1|dose_mM=0,NativeYap1,,20260804,0.0,20260804,train,3,20260728,d59c25f5fbc9e473e931c9124d4bed3543f85a1c53a1dc8d953c0655a02cb7aa
real_biosensor,heldout_replicate,0,plate|construct|dose_mM,construct,plate,construct=NativeYap1,plate=20260804|construct=NativeYap1|dose_mM=0,NativeYap1,,20260804,0.0,20260804,train,3,20260728,d59c25f5fbc9e473e931c9124d4bed3543f85a1c53a1dc8d953c0655a02cb7aa
real_biosensor,heldout_replicate,0,plate|construct|dose_mM,construct,plate,construct=NativeYap1,plate=20260804|construct=NativeYap1|dose_mM=0.1,NativeYap1,,20260804,0.1,20260804,train,3,20260728,d59c25f5fbc9e473e931c9124d4bed3543f85a1c53a1dc8d953c0655a02cb7aa
real_biosensor,heldout_replicate,0,plate|construct|dose_mM,construct,plate,construct=NativeYap1,plate=20260804|construct=NativeYap1|dose_mM=0.1,NativeYap1,,20260804,0.1,20260804,train,3,20260728,d59c25f5fbc9e473e931c9124d4bed3543f85a1c53a1dc8d953c0655a02cb7aa
real_biosensor,heldout_replicate,0,plate|construct|dose_mM,construct,plate,construct=NativeYap1,plate=20260804|construct=NativeYap1|dose_mM=0.2,NativeYap1,,20260804,0.2,20260804,train,3,20260728,d59c25f5fbc9e473e931c9124d4bed3543f85a1c53a1dc8d953c0655a02cb7aa
real_biosensor,heldout_replicate,0,plate|construct|dose_mM,construct,plate,construct=NativeYap1,plate=20260804|construct=NativeYap1|dose_mM=0.2,NativeYap1,,20260804,0.2,20260804,train,3,20260728,d59c25f5fbc9e473e931c9124d4bed3543f85a1c53a1dc8d953c0655a02cb7aa
real_biosensor,heldout_replicate,0,plate|construct|dose_mM,construct,plate,construct=NativeYap1,plate=20260804|construct=NativeYap1|dose_mM=0.5,NativeYap1,,20260804,0.5,20260804,train,3,20260728,d59c25f5fbc9e473e931c9124d4bed3543f85a1c53a1dc8d953c0655a02cb7aa
real_biosensor,heldout_replicate,0,plate|construct|dose_mM,construct,plate,construct=NativeYap1,plate=20260804|construct=NativeYap1|dose_mM=0.5,NativeYap1,,20260804,0.5,20260804,train,3,20260728,d59c25f5fbc9e473e931c9124d4bed3543f85a1c53a1dc8d953c0655a02cb7aa
real_biosensor,heldout_replicate,0,plate|construct|dose_mM,construct,plate,construct=NativeYap1,plate=20260804|construct=NativeYap1|dose_mM=1,NativeYap1,,20260804,1.0,20260804,train,3,20260728,d59c25f5fbc9e473e931c9124d4bed3543f85a1c53a1dc8d953c0655a02cb7aa
real_biosensor,heldout_replicate,0,plate|construct|dose_mM,construct,plate,construct=NativeYap1,plate=20260804|construct=NativeYap1|dose_mM=1,NativeYap1,,20260804,1.0,20260804,train,3,20260728,d59c25f5fbc9e473e931c9124d4bed3543f85a1c53a1dc8d953c0655a02cb7aa
real_biosensor,heldout_replicate,0,plate|construct|dose_mM,construct,plate,construct=NativeYap1,plate=20260804|construct=NativeYap1|dose_mM=2,NativeYap1,,20260804,2.0,20260804,train,3,20260728,d59c25f5fbc9e473e931c9124d4bed3543f85a1c53a1dc8d953c0655a02cb7aa
real_biosensor,heldout_replicate,0,plate|construct|dose_mM,construct,plate,construct=NativeYap1,plate=20260804|construct=NativeYap1|dose_mM=2,NativeYap1,,20260804,2.0,20260804,train,3,20260728,d59c25f5fbc9e473e931c9124d4bed3543f85a1c53a1dc8d953c0655a02cb7aa
real_biosensor,heldout_replicate,0,plate|construct|dose_mM,construct,plate,construct=NativeYap1,plate=20260804|construct=NativeYap1|dose_mM=4,NativeYap1,,20260804,4.0,20260804,train,3,20260728,d59c25f5fbc9e473e931c9124d4bed3543f85a1c53a1dc8d953c0655a02cb7aa
real_biosensor,heldout_replicate,0,plate|construct|dose_mM,construct,plate,construct=NativeYap1,plate=20260804|construct=NativeYap1|dose_mM=4,NativeYap1,,20260804,4.0,20260804,train,3,20260728,d59c25f5fbc9e473e931c9124d4bed3543f85a1c53a1dc8d953c0655a02cb7aa
real_biosensor,heldout_replicate,0,plate|construct|dose_mM,construct,plate,construct=UPRE1,plate=20260728|construct=UPRE1|dose_mM=0,UPRE1,,20260728,0.0,20260728,test,3,20260728,d59c25f5fbc9e473e931c9124d4bed3543f85a1c53a1dc8d953c0655a02cb7aa
real_biosensor,heldout_replicate,0,plate|construct|dose_mM,construct,plate,construct=UPRE1,plate=20260728|construct=UPRE1|dose_mM=0,UPRE1,,20260728,0.0,20260728,test,3,20260728,d59c25f5fbc9e473e931c9124d4bed3543f85a1c53a1dc8d953c0655a02cb7aa
real_biosensor,heldout_replicate,0,plate|construct|dose_mM,construct,plate,construct=UPRE1,plate=20260728|construct=UPRE1|dose_mM=0.1,UPRE1,,20260728,0.1,20260728,test,3,20260728,d59c25f5fbc9e473e931c9124d4bed3543f85a1c53a1dc8d953c0655a02cb7aa
real_biosensor,heldout_replicate,0,plate|construct|dose_mM,construct,plate,construct=UPRE1,plate=20260728|construct=UPRE1|dose_mM=0.1,UPRE1,,20260728,0.1,20260728,test,3,20260728,d59c25f5fbc9e473e931c9124d4bed3543f85a1c53a1dc8d953c0655a02cb7aa
real_biosensor,heldout_replicate,0,plate|construct|dose_mM,construct,plate,construct=UPRE1,plate=20260728|construct=UPRE1|dose_mM=0.2,UPRE1,,20260728,0.2,20260728,test,3,20260728,d59c25f5fbc9e473e931c9124d4bed3543f85a1c53a1dc8d953c0655a02cb7aa
real_biosensor,heldout_replicate,0,plate|construct|dose_mM,construct,plate,construct=UPRE1,plate=20260728|construct=UPRE1|dose_mM=0.2,UPRE1,,20260728,0.2,20260728,test,3,20260728,d59c25f5fbc9e473e931c9124d4bed3543f85a1c53a1dc8d953c0655a02cb7aa
real_biosensor,heldout_replicate,0,plate|construct|dose_mM,construct,plate,construct=UPRE1,plate=20260728|construct=UPRE1|dose_mM=0.5,UPRE1,,20260728,0.5,20260728,test,3,20260728,d59c25f5fbc9e473e931c9124d4bed3543f85a1c53a1dc8d953c0655a02cb7aa
real_biosensor,heldout_replicate,0,plate|construct|dose_mM,construct,plate,construct=UPRE1,plate=20260728|construct=UPRE1|dose_mM=0.5,UPRE1,,20260728,0.5,20260728,test,3,20260728,d59c25f5fbc9e473e931c9124d4bed3543f85a1c53a1dc8d953c0655a02cb7aa
real_biosensor,heldout_replicate,0,plate|construct|dose_mM,construct,plate,construct=UPRE1,plate=20260728|construct=UPRE1|dose_mM=1,UPRE1,,20260728,1.0,20260728,test,3,20260728,d59c25f5fbc9e473e931c9124d4bed3543f85a1c53a1dc8d953c0655a02cb7aa
real_biosensor,heldout_replicate,0,plate|construct|dose_mM,construct,plate,construct=UPRE1,plate=20260728|construct=UPRE1|dose_mM=1,UPRE1,,20260728,1.0,20260728,test,3,20260728,d59c25f5fbc9e473e931c9124d4bed3543f85a1c53a1dc8d953c0655a02cb7aa
real_biosensor,heldout_replicate,0,plate|construct|dose_mM,construct,plate,construct=UPRE1,plate=20260728|construct=UPRE1|dose_mM=2,UPRE1,,20260728,2.0,20260728,test,3,20260728,d59c25f5fbc9e473e931c9124d4bed3543f85a1c53a1dc8d953c0655a02cb7aa
real_biosensor,heldout_replicate,0,plate|construct|dose_mM,construct,plate,construct=UPRE1,plate=20260728|construct=UPRE1|dose_mM=2,UPRE1,,20260728,2.0,20260728,test,3,20260728,d59c25f5fbc9e473e931c9124d4bed3543f85a1c53a1dc8d953c0655a02cb7aa
real_biosensor,heldout_replicate,0,plate|construct|dose_mM,construct,plate,construct=UPRE1,plate=20260728|construct=UPRE1|dose_mM=5,UPRE1,,20260728,5.0,20260728,test,3,20260728,d59c25f5fbc9e473e931c9124d4bed3543f85a1c53a1dc8d953c0655a02cb7aa
real_biosensor,heldout_replicate,0,plate|construct|dose_mM,construct,plate,construct=UPRE1,plate=20260728|construct=UPRE1|dose_mM=5,UPRE1,,20260728,5.0,20260728,test,3,20260728,d59c25f5fbc9e473e931c9124d4bed3543f85a1c53a1dc8d953c0655a02cb7aa
real_biosensor,heldout_replicate,0,plate|construct|dose_mM,construct,plate,construct=UPRE1,plate=20260722|construct=UPRE1|dose_mM=0,UPRE1,,20260722,0.0,20260722,train,3,20260728,d59c25f5fbc9e473e931c9124d4bed3543f85a1c53a1dc8d953c0655a02cb7aa
real_biosensor,heldout_replicate,0,plate|construct|dose_mM,construct,plate,construct=UPRE1,plate=20260722|construct=UPRE1|dose_mM=0,UPRE1,,20260722,0.0,20260722,train,3,20260728,d59c25f5fbc9e473e931c9124d4bed3543f85a1c53a1dc8d953c0655a02cb7aa
real_biosensor,heldout_replicate,0,plate|construct|dose_mM,construct,plate,construct=UPRE1,plate=20260722|construct=UPRE1|dose_mM=0.1,UPRE1,,20260722,0.1,20260722,train,3,20260728,d59c25f5fbc9e473e931c9124d4bed3543f85a1c53a1dc8d953c0655a02cb7aa
real_biosensor,heldout_replicate,0,plate|construct|dose_mM,construct,plate,construct=UPRE1,plate=20260722|construct=UPRE1|dose_mM=0.1,UPRE1,,20260722,0.1,20260722,train,3,20260728,d59c25f5fbc9e473e931c9124d4bed3543f85a1c53a1dc8d953c0655a02cb7aa
real_biosensor,heldout_replicate,0,plate|construct|dose_mM,construct,plate,construct=UPRE1,plate=20260722|construct=UPRE1|dose_mM=0.2,UPRE1,,20260722,0.2,20260722,train,3,20260728,d59c25f5fbc9e473e931c9124d4bed3543f85a1c53a1dc8d953c0655a02cb7aa
real_biosensor,heldout_replicate,0,plate|construct|dose_mM,construct,plate,construct=UPRE1,plate=20260722|construct=UPRE1|dose_mM=0.2,UPRE1,,20260722,0.2,20260722,train,3,20260728,d59c25f5fbc9e473e931c9124d4bed3543f85a1c53a1dc8d953c0655a02cb7aa
real_biosensor,heldout_replicate,0,plate|construct|dose_mM,construct,plate,construct=UPRE1,plate=20260722|construct=UPRE1|dose_mM=0.5,UPRE1,,20260722,0.5,20260722,train,3,20260728,d59c25f5fbc9e473e931c9124d4bed3543f85a1c53a1dc8d953c0655a02cb7aa
real_biosensor,heldout_replicate,0,plate|construct|dose_mM,construct,plate,construct=UPRE1,plate=20260722|construct=UPRE1|dose_mM=0.5,UPRE1,,20260722,0.5,20260722,train,3,20260728,d59c25f5fbc9e473e931c9124d4bed3543f85a1c53a1dc8d953c0655a02cb7aa
real_biosensor,heldout_replicate,0,plate|construct|dose_mM,construct,plate,construct=UPRE1,plate=20260722|construct=UPRE1|dose_mM=1,UPRE1,,20260722,1.0,20260722,train,3,20260728,d59c25f5fbc9e473e931c9124d4bed3543f85a1c53a1dc8d953c0655a02cb7aa
real_biosensor,heldout_replicate,0,plate|construct|dose_mM,construct,plate,construct=UPRE1,plate=20260722|construct=UPRE1|dose_mM=1,UPRE1,,20260722,1.0,20260722,train,3,20260728,d59c25f5fbc9e473e931c9124d4bed3543f85a1c53a1dc8d953c0655a02cb7aa
real_biosensor,heldout_replicate,0,plate|construct|dose_mM,construct,plate,construct=UPRE1,plate=20260722|construct=UPRE1|dose_mM=2,UPRE1,,20260722,2.0,20260722,train,3,20260728,d59c25f5fbc9e473e931c9124d4bed3543f85a1c53a1dc8d953c0655a02cb7aa
real_biosensor,heldout_replicate,0,plate|construct|dose_mM,construct,plate,construct=UPRE1,plate=20260722|construct=UPRE1|dose_mM=2,UPRE1,,20260722,2.0,20260722,train,3,20260728,d59c25f5fbc9e473e931c9124d4bed3543f85a1c53a1dc8d953c0655a02cb7aa
real_biosensor,heldout_replicate,0,plate|construct|dose_mM,construct,plate,construct=UPRE1,plate=20260722|construct=UPRE1|dose_mM=5,UPRE1,,20260722,5.0,20260722,train,3,20260728,d59c25f5fbc9e473e931c9124d4bed3543f85a1c53a1dc8d953c0655a02cb7aa
real_biosensor,heldout_replicate,0,plate|construct|dose_mM,construct,plate,construct=UPRE1,plate=20260722|construct=UPRE1|dose_mM=5,UPRE1,,20260722,5.0,20260722,train,3,20260728,d59c25f5fbc9e473e931c9124d4bed3543f85a1c53a1dc8d953c0655a02cb7aa
real_biosensor,heldout_replicate,0,plate|construct|dose_mM,construct,plate,construct=UPRE1,plate=20260803|construct=UPRE1|dose_mM=0,UPRE1,,20260803,0.0,20260803,train,3,20260728,d59c25f5fbc9e473e931c9124d4bed3543f85a1c53a1dc8d953c0655a02cb7aa
real_biosensor,heldout_replicate,0,plate|construct|dose_mM,construct,plate,construct=UPRE1,plate=20260803|construct=UPRE1|dose_mM=0,UPRE1,,20260803,0.0,20260803,train,3,20260728,d59c25f5fbc9e473e931c9124d4bed3543f85a1c53a1dc8d953c0655a02cb7aa
real_biosensor,heldout_replicate,0,plate|construct|dose_mM,construct,plate,construct=UPRE1,plate=20260803|construct=UPRE1|dose_mM=0.1,UPRE1,,20260803,0.1,20260803,train,3,20260728,d59c25f5fbc9e473e931c9124d4bed3543f85a1c53a1dc8d953c0655a02cb7aa
real_biosensor,heldout_replicate,0,plate|construct|dose_mM,construct,plate,construct=UPRE1,plate=20260803|construct=UPRE1|dose_mM=0.1,UPRE1,,20260803,0.1,20260803,train,3,20260728,d59c25f5fbc9e473e931c9124d4bed3543f85a1c53a1dc8d953c0655a02cb7aa
real_biosensor,heldout_replicate,0,plate|construct|dose_mM,construct,plate,construct=UPRE1,plate=20260803|construct=UPRE1|dose_mM=0.2,UPRE1,,20260803,0.2,20260803,train,3,20260728,d59c25f5fbc9e473e931c9124d4bed3543f85a1c53a1dc8d953c0655a02cb7aa
real_biosensor,heldout_replicate,0,plate|construct|dose_mM,construct,plate,construct=UPRE1,plate=20260803|construct=UPRE1|dose_mM=0.2,UPRE1,,20260803,0.2,20260803,train,3,20260728,d59c25f5fbc9e473e931c9124d4bed3543f85a1c53a1dc8d953c0655a02cb7aa
real_biosensor,heldout_replicate,0,plate|construct|dose_mM,construct,plate,construct=UPRE1,plate=20260803|construct=UPRE1|dose_mM=0.5,UPRE1,,20260803,0.5,20260803,train,3,20260728,d59c25f5fbc9e473e931c9124d4bed3543f85a1c53a1dc8d953c0655a02cb7aa
real_biosensor,heldout_replicate,0,plate|construct|dose_mM,construct,plate,construct=UPRE1,plate=20260803|construct=UPRE1|dose_mM=0.5,UPRE1,,20260803,0.5,20260803,train,3,20260728,d59c25f5fbc9e473e931c9124d4bed3543f85a1c53a1dc8d953c0655a02cb7aa
real_biosensor,heldout_replicate,0,plate|construct|dose_mM,construct,plate,construct=UPRE1,plate=20260803|construct=UPRE1|dose_mM=1,UPRE1,,20260803,1.0,20260803,train,3,20260728,d59c25f5fbc9e473e931c9124d4bed3543f85a1c53a1dc8d953c0655a02cb7aa
real_biosensor,heldout_replicate,0,plate|construct|dose_mM,construct,plate,construct=UPRE1,plate=20260803|construct=UPRE1|dose_mM=1,UPRE1,,20260803,1.0,20260803,train,3,20260728,d59c25f5fbc9e473e931c9124d4bed3543f85a1c53a1dc8d953c0655a02cb7aa
real_biosensor,heldout_replicate,0,plate|construct|dose_mM,construct,plate,construct=UPRE1,plate=20260803|construct=UPRE1|dose_mM=2,UPRE1,,20260803,2.0,20260803,train,3,20260728,d59c25f5fbc9e473e931c9124d4bed3543f85a1c53a1dc8d953c0655a02cb7aa
real_biosensor,heldout_replicate,0,plate|construct|dose_mM,construct,plate,construct=UPRE1,plate=20260803|construct=UPRE1|dose_mM=2,UPRE1,,20260803,2.0,20260803,train,3,20260728,d59c25f5fbc9e473e931c9124d4bed3543f85a1c53a1dc8d953c0655a02cb7aa
real_biosensor,heldout_replicate,0,plate|construct|dose_mM,construct,plate,construct=UPRE1,plate=20260803|construct=UPRE1|dose_mM=5,UPRE1,,20260803,5.0,20260803,train,3,20260728,d59c25f5fbc9e473e931c9124d4bed3543f85a1c53a1dc8d953c0655a02cb7aa
real_biosensor,heldout_replicate,0,plate|construct|dose_mM,construct,plate,construct=UPRE1,plate=20260803|construct=UPRE1|dose_mM=5,UPRE1,,20260803,5.0,20260803,train,3,20260728,d59c25f5fbc9e473e931c9124d4bed3543f85a1c53a1dc8d953c0655a02cb7aa
real_biosensor,heldout_replicate,0,plate|construct|dose_mM,construct,plate,construct=UPRE1,plate=20260804|construct=UPRE1|dose_mM=0,UPRE1,,20260804,0.0,20260804,train,3,20260728,d59c25f5fbc9e473e931c9124d4bed3543f85a1c53a1dc8d953c0655a02cb7aa
real_biosensor,heldout_replicate,0,plate|construct|dose_mM,construct,plate,construct=UPRE1,plate=20260804|construct=UPRE1|dose_mM=0,UPRE1,,20260804,0.0,20260804,train,3,20260728,d59c25f5fbc9e473e931c9124d4bed3543f85a1c53a1dc8d953c0655a02cb7aa
real_biosensor,heldout_replicate,0,plate|construct|dose_mM,construct,plate,construct=UPRE1,plate=20260804|construct=UPRE1|dose_mM=0.1,UPRE1,,20260804,0.1,20260804,train,3,20260728,d59c25f5fbc9e473e931c9124d4bed3543f85a1c53a1dc8d953c0655a02cb7aa
real_biosensor,heldout_replicate,0,plate|construct|dose_mM,construct,plate,construct=UPRE1,plate=20260804|construct=UPRE1|dose_mM=0.1,UPRE1,,20260804,0.1,20260804,train,3,20260728,d59c25f5fbc9e473e931c9124d4bed3543f85a1c53a1dc8d953c0655a02cb7aa
real_biosensor,heldout_replicate,0,plate|construct|dose_mM,construct,plate,construct=UPRE1,plate=20260804|construct=UPRE1|dose_mM=0.2,UPRE1,,20260804,0.2,20260804,train,3,20260728,d59c25f5fbc9e473e931c9124d4bed3543f85a1c53a1dc8d953c0655a02cb7aa
real_biosensor,heldout_replicate,0,plate|construct|dose_mM,construct,plate,construct=UPRE1,plate=20260804|construct=UPRE1|dose_mM=0.2,UPRE1,,20260804,0.2,20260804,train,3,20260728,d59c25f5fbc9e473e931c9124d4bed3543f85a1c53a1dc8d953c0655a02cb7aa
real_biosensor,heldout_replicate,0,plate|construct|dose_mM,construct,plate,construct=UPRE1,plate=20260804|construct=UPRE1|dose_mM=0.5,UPRE1,,20260804,0.5,20260804,train,3,20260728,d59c25f5fbc9e473e931c9124d4bed3543f85a1c53a1dc8d953c0655a02cb7aa
real_biosensor,heldout_replicate,0,plate|construct|dose_mM,construct,plate,construct=UPRE1,plate=20260804|construct=UPRE1|dose_mM=0.5,UPRE1,,20260804,0.5,20260804,train,3,20260728,d59c25f5fbc9e473e931c9124d4bed3543f85a1c53a1dc8d953c0655a02cb7aa
real_biosensor,heldout_replicate,0,plate|construct|dose_mM,construct,plate,construct=UPRE1,plate=20260804|construct=UPRE1|dose_mM=1,UPRE1,,20260804,1.0,20260804,train,3,20260728,d59c25f5fbc9e473e931c9124d4bed3543f85a1c53a1dc8d953c0655a02cb7aa
real_biosensor,heldout_replicate,0,plate|construct|dose_mM,construct,plate,construct=UPRE1,plate=20260804|construct=UPRE1|dose_mM=1,UPRE1,,20260804,1.0,20260804,train,3,20260728,d59c25f5fbc9e473e931c9124d4bed3543f85a1c53a1dc8d953c0655a02cb7aa
real_biosensor,heldout_replicate,0,plate|construct|dose_mM,construct,plate,construct=UPRE1,plate=20260804|construct=UPRE1|dose_mM=2,UPRE1,,20260804,2.0,20260804,train,3,20260728,d59c25f5fbc9e473e931c9124d4bed3543f85a1c53a1dc8d953c0655a02cb7aa
real_biosensor,heldout_replicate,0,plate|construct|dose_mM,construct,plate,construct=UPRE1,plate=20260804|construct=UPRE1|dose_mM=2,UPRE1,,20260804,2.0,20260804,train,3,20260728,d59c25f5fbc9e473e931c9124d4bed3543f85a1c53a1dc8d953c0655a02cb7aa
real_biosensor,heldout_replicate,0,plate|construct|dose_mM,construct,plate,construct=UPRE1,plate=20260804|construct=UPRE1|dose_mM=5,UPRE1,,20260804,5.0,20260804,train,3,20260728,d59c25f5fbc9e473e931c9124d4bed3543f85a1c53a1dc8d953c0655a02cb7aa
real_biosensor,heldout_replicate,0,plate|construct|dose_mM,construct,plate,construct=UPRE1,plate=20260804|construct=UPRE1|dose_mM=5,UPRE1,,20260804,5.0,20260804,train,3,20260728,d59c25f5fbc9e473e931c9124d4bed3543f85a1c53a1dc8d953c0655a02cb7aa
real_biosensor,heldout_replicate,0,plate|construct|dose_mM,construct,plate,construct=UPRE2,plate=20260804|construct=UPRE2|dose_mM=0,UPRE2,,20260804,0.0,20260804,test,3,20260804,d59c25f5fbc9e473e931c9124d4bed3543f85a1c53a1dc8d953c0655a02cb7aa
real_biosensor,heldout_replicate,0,plate|construct|dose_mM,construct,plate,construct=UPRE2,plate=20260804|construct=UPRE2|dose_mM=0,UPRE2,,20260804,0.0,20260804,test,3,20260804,d59c25f5fbc9e473e931c9124d4bed3543f85a1c53a1dc8d953c0655a02cb7aa
real_biosensor,heldout_replicate,0,plate|construct|dose_mM,construct,plate,construct=UPRE2,plate=20260804|construct=UPRE2|dose_mM=0.1,UPRE2,,20260804,0.1,20260804,test,3,20260804,d59c25f5fbc9e473e931c9124d4bed3543f85a1c53a1dc8d953c0655a02cb7aa
real_biosensor,heldout_replicate,0,plate|construct|dose_mM,construct,plate,construct=UPRE2,plate=20260804|construct=UPRE2|dose_mM=0.1,UPRE2,,20260804,0.1,20260804,test,3,20260804,d59c25f5fbc9e473e931c9124d4bed3543f85a1c53a1dc8d953c0655a02cb7aa
real_biosensor,heldout_replicate,0,plate|construct|dose_mM,construct,plate,construct=UPRE2,plate=20260804|construct=UPRE2|dose_mM=0.2,UPRE2,,20260804,0.2,20260804,test,3,20260804,d59c25f5fbc9e473e931c9124d4bed3543f85a1c53a1dc8d953c0655a02cb7aa
real_biosensor,heldout_replicate,0,plate|construct|dose_mM,construct,plate,construct=UPRE2,plate=20260804|construct=UPRE2|dose_mM=0.2,UPRE2,,20260804,0.2,20260804,test,3,20260804,d59c25f5fbc9e473e931c9124d4bed3543f85a1c53a1dc8d953c0655a02cb7aa
real_biosensor,heldout_replicate,0,plate|construct|dose_mM,construct,plate,construct=UPRE2,plate=20260804|construct=UPRE2|dose_mM=0.5,UPRE2,,20260804,0.5,20260804,test,3,20260804,d59c25f5fbc9e473e931c9124d4bed3543f85a1c53a1dc8d953c0655a02cb7aa
real_biosensor,heldout_replicate,0,plate|construct|dose_mM,construct,plate,construct=UPRE2,plate=20260804|construct=UPRE2|dose_mM=0.5,UPRE2,,20260804,0.5,20260804,test,3,20260804,d59c25f5fbc9e473e931c9124d4bed3543f85a1c53a1dc8d953c0655a02cb7aa
real_biosensor,heldout_replicate,0,plate|construct|dose_mM,construct,plate,construct=UPRE2,plate=20260804|construct=UPRE2|dose_mM=1,UPRE2,,20260804,1.0,20260804,test,3,20260804,d59c25f5fbc9e473e931c9124d4bed3543f85a1c53a1dc8d953c0655a02cb7aa
real_biosensor,heldout_replicate,0,plate|construct|dose_mM,construct,plate,construct=UPRE2,plate=20260804|construct=UPRE2|dose_mM=1,UPRE2,,20260804,1.0,20260804,test,3,20260804,d59c25f5fbc9e473e931c9124d4bed3543f85a1c53a1dc8d953c0655a02cb7aa
real_biosensor,heldout_replicate,0,plate|construct|dose_mM,construct,plate,construct=UPRE2,plate=20260804|construct=UPRE2|dose_mM=2,UPRE2,,20260804,2.0,20260804,test,3,20260804,d59c25f5fbc9e473e931c9124d4bed3543f85a1c53a1dc8d953c0655a02cb7aa
real_biosensor,heldout_replicate,0,plate|construct|dose_mM,construct,plate,construct=UPRE2,plate=20260804|construct=UPRE2|dose_mM=2,UPRE2,,20260804,2.0,20260804,test,3,20260804,d59c25f5fbc9e473e931c9124d4bed3543f85a1c53a1dc8d953c0655a02cb7aa
real_biosensor,heldout_replicate,0,plate|construct|dose_mM,construct,plate,construct=UPRE2,plate=20260804|construct=UPRE2|dose_mM=5,UPRE2,,20260804,5.0,20260804,test,3,20260804,d59c25f5fbc9e473e931c9124d4bed3543f85a1c53a1dc8d953c0655a02cb7aa
real_biosensor,heldout_replicate,0,plate|construct|dose_mM,construct,plate,construct=UPRE2,plate=20260804|construct=UPRE2|dose_mM=5,UPRE2,,20260804,5.0,20260804,test,3,20260804,d59c25f5fbc9e473e931c9124d4bed3543f85a1c53a1dc8d953c0655a02cb7aa
real_biosensor,heldout_replicate,0,plate|construct|dose_mM,construct,plate,construct=UPRE2,plate=20260722|construct=UPRE2|dose_mM=0,UPRE2,,20260722,0.0,20260722,train,3,20260804,d59c25f5fbc9e473e931c9124d4bed3543f85a1c53a1dc8d953c0655a02cb7aa
real_biosensor,heldout_replicate,0,plate|construct|dose_mM,construct,plate,construct=UPRE2,plate=20260722|construct=UPRE2|dose_mM=0,UPRE2,,20260722,0.0,20260722,train,3,20260804,d59c25f5fbc9e473e931c9124d4bed3543f85a1c53a1dc8d953c0655a02cb7aa
real_biosensor,heldout_replicate,0,plate|construct|dose_mM,construct,plate,construct=UPRE2,plate=20260722|construct=UPRE2|dose_mM=0.1,UPRE2,,20260722,0.1,20260722,train,3,20260804,d59c25f5fbc9e473e931c9124d4bed3543f85a1c53a1dc8d953c0655a02cb7aa
real_biosensor,heldout_replicate,0,plate|construct|dose_mM,construct,plate,construct=UPRE2,plate=20260722|construct=UPRE2|dose_mM=0.1,UPRE2,,20260722,0.1,20260722,train,3,20260804,d59c25f5fbc9e473e931c9124d4bed3543f85a1c53a1dc8d953c0655a02cb7aa
real_biosensor,heldout_replicate,0,plate|construct|dose_mM,construct,plate,construct=UPRE2,plate=20260722|construct=UPRE2|dose_mM=0.2,UPRE2,,20260722,0.2,20260722,train,3,20260804,d59c25f5fbc9e473e931c9124d4bed3543f85a1c53a1dc8d953c0655a02cb7aa
real_biosensor,heldout_replicate,0,plate|construct|dose_mM,construct,plate,construct=UPRE2,plate=20260722|construct=UPRE2|dose_mM=0.2,UPRE2,,20260722,0.2,20260722,train,3,20260804,d59c25f5fbc9e473e931c9124d4bed3543f85a1c53a1dc8d953c0655a02cb7aa
real_biosensor,heldout_replicate,0,plate|construct|dose_mM,construct,plate,construct=UPRE2,plate=20260722|construct=UPRE2|dose_mM=0.5,UPRE2,,20260722,0.5,20260722,train,3,20260804,d59c25f5fbc9e473e931c9124d4bed3543f85a1c53a1dc8d953c0655a02cb7aa
real_biosensor,heldout_replicate,0,plate|construct|dose_mM,construct,plate,construct=UPRE2,plate=20260722|construct=UPRE2|dose_mM=0.5,UPRE2,,20260722,0.5,20260722,train,3,20260804,d59c25f5fbc9e473e931c9124d4bed3543f85a1c53a1dc8d953c0655a02cb7aa
real_biosensor,heldout_replicate,0,plate|construct|dose_mM,construct,plate,construct=UPRE2,plate=20260722|construct=UPRE2|dose_mM=1,UPRE2,,20260722,1.0,20260722,train,3,20260804,d59c25f5fbc9e473e931c9124d4bed3543f85a1c53a1dc8d953c0655a02cb7aa
real_biosensor,heldout_replicate,0,plate|construct|dose_mM,construct,plate,construct=UPRE2,plate=20260722|construct=UPRE2|dose_mM=1,UPRE2,,20260722,1.0,20260722,train,3,20260804,d59c25f5fbc9e473e931c9124d4bed3543f85a1c53a1dc8d953c0655a02cb7aa
real_biosensor,heldout_replicate,0,plate|construct|dose_mM,construct,plate,construct=UPRE2,plate=20260722|construct=UPRE2|dose_mM=2,UPRE2,,20260722,2.0,20260722,train,3,20260804,d59c25f5fbc9e473e931c9124d4bed3543f85a1c53a1dc8d953c0655a02cb7aa
real_biosensor,heldout_replicate,0,plate|construct|dose_mM,construct,plate,construct=UPRE2,plate=20260722|construct=UPRE2|dose_mM=2,UPRE2,,20260722,2.0,20260722,train,3,20260804,d59c25f5fbc9e473e931c9124d4bed3543f85a1c53a1dc8d953c0655a02cb7aa
real_biosensor,heldout_replicate,0,plate|construct|dose_mM,construct,plate,construct=UPRE2,plate=20260722|construct=UPRE2|dose_mM=5,UPRE2,,20260722,5.0,20260722,train,3,20260804,d59c25f5fbc9e473e931c9124d4bed3543f85a1c53a1dc8d953c0655a02cb7aa
real_biosensor,heldout_replicate,0,plate|construct|dose_mM,construct,plate,construct=UPRE2,plate=20260722|construct=UPRE2|dose_mM=5,UPRE2,,20260722,5.0,20260722,train,3,20260804,d59c25f5fbc9e473e931c9124d4bed3543f85a1c53a1dc8d953c0655a02cb7aa
real_biosensor,heldout_replicate,0,plate|construct|dose_mM,construct,plate,construct=UPRE2,plate=20260728|construct=UPRE2|dose_mM=0,UPRE2,,20260728,0.0,20260728,train,3,20260804,d59c25f5fbc9e473e931c9124d4bed3543f85a1c53a1dc8d953c0655a02cb7aa
real_biosensor,heldout_replicate,0,plate|construct|dose_mM,construct,plate,construct=UPRE2,plate=20260728|construct=UPRE2|dose_mM=0,UPRE2,,20260728,0.0,20260728,train,3,20260804,d59c25f5fbc9e473e931c9124d4bed3543f85a1c53a1dc8d953c0655a02cb7aa
real_biosensor,heldout_replicate,0,plate|construct|dose_mM,construct,plate,construct=UPRE2,plate=20260728|construct=UPRE2|dose_mM=0.1,UPRE2,,20260728,0.1,20260728,train,3,20260804,d59c25f5fbc9e473e931c9124d4bed3543f85a1c53a1dc8d953c0655a02cb7aa
real_biosensor,heldout_replicate,0,plate|construct|dose_mM,construct,plate,construct=UPRE2,plate=20260728|construct=UPRE2|dose_mM=0.1,UPRE2,,20260728,0.1,20260728,train,3,20260804,d59c25f5fbc9e473e931c9124d4bed3543f85a1c53a1dc8d953c0655a02cb7aa
real_biosensor,heldout_replicate,0,plate|construct|dose_mM,construct,plate,construct=UPRE2,plate=20260728|construct=UPRE2|dose_mM=0.2,UPRE2,,20260728,0.2,20260728,train,3,20260804,d59c25f5fbc9e473e931c9124d4bed3543f85a1c53a1dc8d953c0655a02cb7aa
real_biosensor,heldout_replicate,0,plate|construct|dose_mM,construct,plate,construct=UPRE2,plate=20260728|construct=UPRE2|dose_mM=0.2,UPRE2,,20260728,0.2,20260728,train,3,20260804,d59c25f5fbc9e473e931c9124d4bed3543f85a1c53a1dc8d953c0655a02cb7aa
real_biosensor,heldout_replicate,0,plate|construct|dose_mM,construct,plate,construct=UPRE2,plate=20260728|construct=UPRE2|dose_mM=0.5,UPRE2,,20260728,0.5,20260728,train,3,20260804,d59c25f5fbc9e473e931c9124d4bed3543f85a1c53a1dc8d953c0655a02cb7aa
real_biosensor,heldout_replicate,0,plate|construct|dose_mM,construct,plate,construct=UPRE2,plate=20260728|construct=UPRE2|dose_mM=0.5,UPRE2,,20260728,0.5,20260728,train,3,20260804,d59c25f5fbc9e473e931c9124d4bed3543f85a1c53a1dc8d953c0655a02cb7aa
real_biosensor,heldout_replicate,0,plate|construct|dose_mM,construct,plate,construct=UPRE2,plate=20260728|construct=UPRE2|dose_mM=1,UPRE2,,20260728,1.0,20260728,train,3,20260804,d59c25f5fbc9e473e931c9124d4bed3543f85a1c53a1dc8d953c0655a02cb7aa
real_biosensor,heldout_replicate,0,plate|construct|dose_mM,construct,plate,construct=UPRE2,plate=20260728|construct=UPRE2|dose_mM=1,UPRE2,,20260728,1.0,20260728,train,3,20260804,d59c25f5fbc9e473e931c9124d4bed3543f85a1c53a1dc8d953c0655a02cb7aa
real_biosensor,heldout_replicate,0,plate|construct|dose_mM,construct,plate,construct=UPRE2,plate=20260728|construct=UPRE2|dose_mM=2,UPRE2,,20260728,2.0,20260728,train,3,20260804,d59c25f5fbc9e473e931c9124d4bed3543f85a1c53a1dc8d953c0655a02cb7aa
real_biosensor,heldout_replicate,0,plate|construct|dose_mM,construct,plate,construct=UPRE2,plate=20260728|construct=UPRE2|dose_mM=2,UPRE2,,20260728,2.0,20260728,train,3,20260804,d59c25f5fbc9e473e931c9124d4bed3543f85a1c53a1dc8d953c0655a02cb7aa
real_biosensor,heldout_replicate,0,plate|construct|dose_mM,construct,plate,construct=UPRE2,plate=20260728|construct=UPRE2|dose_mM=5,UPRE2,,20260728,5.0,20260728,train,3,20260804,d59c25f5fbc9e473e931c9124d4bed3543f85a1c53a1dc8d953c0655a02cb7aa
real_biosensor,heldout_replicate,0,plate|construct|dose_mM,construct,plate,construct=UPRE2,plate=20260728|construct=UPRE2|dose_mM=5,UPRE2,,20260728,5.0,20260728,train,3,20260804,d59c25f5fbc9e473e931c9124d4bed3543f85a1c53a1dc8d953c0655a02cb7aa
real_biosensor,heldout_replicate,0,plate|construct|dose_mM,construct,plate,construct=UPRE2,plate=20260803|construct=UPRE2|dose_mM=0,UPRE2,,20260803,0.0,20260803,train,3,20260804,d59c25f5fbc9e473e931c9124d4bed3543f85a1c53a1dc8d953c0655a02cb7aa
real_biosensor,heldout_replicate,0,plate|construct|dose_mM,construct,plate,construct=UPRE2,plate=20260803|construct=UPRE2|dose_mM=0,UPRE2,,20260803,0.0,20260803,train,3,20260804,d59c25f5fbc9e473e931c9124d4bed3543f85a1c53a1dc8d953c0655a02cb7aa
real_biosensor,heldout_replicate,0,plate|construct|dose_mM,construct,plate,construct=UPRE2,plate=20260803|construct=UPRE2|dose_mM=0.1,UPRE2,,20260803,0.1,20260803,train,3,20260804,d59c25f5fbc9e473e931c9124d4bed3543f85a1c53a1dc8d953c0655a02cb7aa
real_biosensor,heldout_replicate,0,plate|construct|dose_mM,construct,plate,construct=UPRE2,plate=20260803|construct=UPRE2|dose_mM=0.1,UPRE2,,20260803,0.1,20260803,train,3,20260804,d59c25f5fbc9e473e931c9124d4bed3543f85a1c53a1dc8d953c0655a02cb7aa
real_biosensor,heldout_replicate,0,plate|construct|dose_mM,construct,plate,construct=UPRE2,plate=20260803|construct=UPRE2|dose_mM=0.2,UPRE2,,20260803,0.2,20260803,train,3,20260804,d59c25f5fbc9e473e931c9124d4bed3543f85a1c53a1dc8d953c0655a02cb7aa
real_biosensor,heldout_replicate,0,plate|construct|dose_mM,construct,plate,construct=UPRE2,plate=20260803|construct=UPRE2|dose_mM=0.2,UPRE2,,20260803,0.2,20260803,train,3,20260804,d59c25f5fbc9e473e931c9124d4bed3543f85a1c53a1dc8d953c0655a02cb7aa
real_biosensor,heldout_replicate,0,plate|construct|dose_mM,construct,plate,construct=UPRE2,plate=20260803|construct=UPRE2|dose_mM=0.5,UPRE2,,20260803,0.5,20260803,train,3,20260804,d59c25f5fbc9e473e931c9124d4bed3543f85a1c53a1dc8d953c0655a02cb7aa
real_biosensor,heldout_replicate,0,plate|construct|dose_mM,construct,plate,construct=UPRE2,plate=20260803|construct=UPRE2|dose_mM=0.5,UPRE2,,20260803,0.5,20260803,train,3,20260804,d59c25f5fbc9e473e931c9124d4bed3543f85a1c53a1dc8d953c0655a02cb7aa
real_biosensor,heldout_replicate,0,plate|construct|dose_mM,construct,plate,construct=UPRE2,plate=20260803|construct=UPRE2|dose_mM=1,UPRE2,,20260803,1.0,20260803,train,3,20260804,d59c25f5fbc9e473e931c9124d4bed3543f85a1c53a1dc8d953c0655a02cb7aa
real_biosensor,heldout_replicate,0,plate|construct|dose_mM,construct,plate,construct=UPRE2,plate=20260803|construct=UPRE2|dose_mM=1,UPRE2,,20260803,1.0,20260803,train,3,20260804,d59c25f5fbc9e473e931c9124d4bed3543f85a1c53a1dc8d953c0655a02cb7aa
real_biosensor,heldout_replicate,0,plate|construct|dose_mM,construct,plate,construct=UPRE2,plate=20260803|construct=UPRE2|dose_mM=2,UPRE2,,20260803,2.0,20260803,train,3,20260804,d59c25f5fbc9e473e931c9124d4bed3543f85a1c53a1dc8d953c0655a02cb7aa
real_biosensor,heldout_replicate,0,plate|construct|dose_mM,construct,plate,construct=UPRE2,plate=20260803|construct=UPRE2|dose_mM=2,UPRE2,,20260803,2.0,20260803,train,3,20260804,d59c25f5fbc9e473e931c9124d4bed3543f85a1c53a1dc8d953c0655a02cb7aa
real_biosensor,heldout_replicate,0,plate|construct|dose_mM,construct,plate,construct=UPRE2,plate=20260803|construct=UPRE2|dose_mM=5,UPRE2,,20260803,5.0,20260803,train,3,20260804,d59c25f5fbc9e473e931c9124d4bed3543f85a1c53a1dc8d953c0655a02cb7aa
real_biosensor,heldout_replicate,0,plate|construct|dose_mM,construct,plate,construct=UPRE2,plate=20260803|construct=UPRE2|dose_mM=5,UPRE2,,20260803,5.0,20260803,train,3,20260804,d59c25f5fbc9e473e931c9124d4bed3543f85a1c53a1dc8d953c0655a02cb7aa
real_biosensor,heldout_replicate,1,plate|construct|dose_mM,construct,plate,construct=AlteredYap1,plate=20260728|construct=AlteredYap1|dose_mM=0,AlteredYap1,,20260728,0.0,20260728,test,3,20260728,a9f6629111957ed21ec198c30141f3a158a80e13a392659131287e0a8432a067
real_biosensor,heldout_replicate,1,plate|construct|dose_mM,construct,plate,construct=AlteredYap1,plate=20260728|construct=AlteredYap1|dose_mM=0,AlteredYap1,,20260728,0.0,20260728,test,3,20260728,a9f6629111957ed21ec198c30141f3a158a80e13a392659131287e0a8432a067
real_biosensor,heldout_replicate,1,plate|construct|dose_mM,construct,plate,construct=AlteredYap1,plate=20260728|construct=AlteredYap1|dose_mM=0.1,AlteredYap1,,20260728,0.1,20260728,test,3,20260728,a9f6629111957ed21ec198c30141f3a158a80e13a392659131287e0a8432a067
real_biosensor,heldout_replicate,1,plate|construct|dose_mM,construct,plate,construct=AlteredYap1,plate=20260728|construct=AlteredYap1|dose_mM=0.1,AlteredYap1,,20260728,0.1,20260728,test,3,20260728,a9f6629111957ed21ec198c30141f3a158a80e13a392659131287e0a8432a067
real_biosensor,heldout_replicate,1,plate|construct|dose_mM,construct,plate,construct=AlteredYap1,plate=20260728|construct=AlteredYap1|dose_mM=0.2,AlteredYap1,,20260728,0.2,20260728,test,3,20260728,a9f6629111957ed21ec198c30141f3a158a80e13a392659131287e0a8432a067
real_biosensor,heldout_replicate,1,plate|construct|dose_mM,construct,plate,construct=AlteredYap1,plate=20260728|construct=AlteredYap1|dose_mM=0.2,AlteredYap1,,20260728,0.2,20260728,test,3,20260728,a9f6629111957ed21ec198c30141f3a158a80e13a392659131287e0a8432a067
real_biosensor,heldout_replicate,1,plate|construct|dose_mM,construct,plate,construct=AlteredYap1,plate=20260728|construct=AlteredYap1|dose_mM=0.5,AlteredYap1,,20260728,0.5,20260728,test,3,20260728,a9f6629111957ed21ec198c30141f3a158a80e13a392659131287e0a8432a067
real_biosensor,heldout_replicate,1,plate|construct|dose_mM,construct,plate,construct=AlteredYap1,plate=20260728|construct=AlteredYap1|dose_mM=0.5,AlteredYap1,,20260728,0.5,20260728,test,3,20260728,a9f6629111957ed21ec198c30141f3a158a80e13a392659131287e0a8432a067
real_biosensor,heldout_replicate,1,plate|construct|dose_mM,construct,plate,construct=AlteredYap1,plate=20260728|construct=AlteredYap1|dose_mM=1,AlteredYap1,,20260728,1.0,20260728,test,3,20260728,a9f6629111957ed21ec198c30141f3a158a80e13a392659131287e0a8432a067
real_biosensor,heldout_replicate,1,plate|construct|dose_mM,construct,plate,construct=AlteredYap1,plate=20260728|construct=AlteredYap1|dose_mM=1,AlteredYap1,,20260728,1.0,20260728,test,3,20260728,a9f6629111957ed21ec198c30141f3a158a80e13a392659131287e0a8432a067
real_biosensor,heldout_replicate,1,plate|construct|dose_mM,construct,plate,construct=AlteredYap1,plate=20260728|construct=AlteredYap1|dose_mM=2,AlteredYap1,,20260728,2.0,20260728,test,3,20260728,a9f6629111957ed21ec198c30141f3a158a80e13a392659131287e0a8432a067
real_biosensor,heldout_replicate,1,plate|construct|dose_mM,construct,plate,construct=AlteredYap1,plate=20260728|construct=AlteredYap1|dose_mM=2,AlteredYap1,,20260728,2.0,20260728,test,3,20260728,a9f6629111957ed21ec198c30141f3a158a80e13a392659131287e0a8432a067
real_biosensor,heldout_replicate,1,plate|construct|dose_mM,construct,plate,construct=AlteredYap1,plate=20260728|construct=AlteredYap1|dose_mM=4,AlteredYap1,,20260728,4.0,20260728,test,3,20260728,a9f6629111957ed21ec198c30141f3a158a80e13a392659131287e0a8432a067
real_biosensor,heldout_replicate,1,plate|construct|dose_mM,construct,plate,construct=AlteredYap1,plate=20260728|construct=AlteredYap1|dose_mM=4,AlteredYap1,,20260728,4.0,20260728,test,3,20260728,a9f6629111957ed21ec198c30141f3a158a80e13a392659131287e0a8432a067
real_biosensor,heldout_replicate,1,plate|construct|dose_mM,construct,plate,construct=AlteredYap1,plate=20260722|construct=AlteredYap1|dose_mM=0,AlteredYap1,,20260722,0.0,20260722,train,3,20260728,a9f6629111957ed21ec198c30141f3a158a80e13a392659131287e0a8432a067
real_biosensor,heldout_replicate,1,plate|construct|dose_mM,construct,plate,construct=AlteredYap1,plate=20260722|construct=AlteredYap1|dose_mM=0,AlteredYap1,,20260722,0.0,20260722,train,3,20260728,a9f6629111957ed21ec198c30141f3a158a80e13a392659131287e0a8432a067
real_biosensor,heldout_replicate,1,plate|construct|dose_mM,construct,plate,construct=AlteredYap1,plate=20260722|construct=AlteredYap1|dose_mM=0.1,AlteredYap1,,20260722,0.1,20260722,train,3,20260728,a9f6629111957ed21ec198c30141f3a158a80e13a392659131287e0a8432a067
real_biosensor,heldout_replicate,1,plate|construct|dose_mM,construct,plate,construct=AlteredYap1,plate=20260722|construct=AlteredYap1|dose_mM=0.1,AlteredYap1,,20260722,0.1,20260722,train,3,20260728,a9f6629111957ed21ec198c30141f3a158a80e13a392659131287e0a8432a067
real_biosensor,heldout_replicate,1,plate|construct|dose_mM,construct,plate,construct=AlteredYap1,plate=20260722|construct=AlteredYap1|dose_mM=0.2,AlteredYap1,,20260722,0.2,20260722,train,3,20260728,a9f6629111957ed21ec198c30141f3a158a80e13a392659131287e0a8432a067
real_biosensor,heldout_replicate,1,plate|construct|dose_mM,construct,plate,construct=AlteredYap1,plate=20260722|construct=AlteredYap1|dose_mM=0.2,AlteredYap1,,20260722,0.2,20260722,train,3,20260728,a9f6629111957ed21ec198c30141f3a158a80e13a392659131287e0a8432a067
real_biosensor,heldout_replicate,1,plate|construct|dose_mM,construct,plate,construct=AlteredYap1,plate=20260722|construct=AlteredYap1|dose_mM=0.5,AlteredYap1,,20260722,0.5,20260722,train,3,20260728,a9f6629111957ed21ec198c30141f3a158a80e13a392659131287e0a8432a067
real_biosensor,heldout_replicate,1,plate|construct|dose_mM,construct,plate,construct=AlteredYap1,plate=20260722|construct=AlteredYap1|dose_mM=0.5,AlteredYap1,,20260722,0.5,20260722,train,3,20260728,a9f6629111957ed21ec198c30141f3a158a80e13a392659131287e0a8432a067
real_biosensor,heldout_replicate,1,plate|construct|dose_mM,construct,plate,construct=AlteredYap1,plate=20260722|construct=AlteredYap1|dose_mM=1,AlteredYap1,,20260722,1.0,20260722,train,3,20260728,a9f6629111957ed21ec198c30141f3a158a80e13a392659131287e0a8432a067
real_biosensor,heldout_replicate,1,plate|construct|dose_mM,construct,plate,construct=AlteredYap1,plate=20260722|construct=AlteredYap1|dose_mM=1,AlteredYap1,,20260722,1.0,20260722,train,3,20260728,a9f6629111957ed21ec198c30141f3a158a80e13a392659131287e0a8432a067
real_biosensor,heldout_replicate,1,plate|construct|dose_mM,construct,plate,construct=AlteredYap1,plate=20260722|construct=AlteredYap1|dose_mM=2,AlteredYap1,,20260722,2.0,20260722,train,3,20260728,a9f6629111957ed21ec198c30141f3a158a80e13a392659131287e0a8432a067
real_biosensor,heldout_replicate,1,plate|construct|dose_mM,construct,plate,construct=AlteredYap1,plate=20260722|construct=AlteredYap1|dose_mM=2,AlteredYap1,,20260722,2.0,20260722,train,3,20260728,a9f6629111957ed21ec198c30141f3a158a80e13a392659131287e0a8432a067
real_biosensor,heldout_replicate,1,plate|construct|dose_mM,construct,plate,construct=AlteredYap1,plate=20260722|construct=AlteredYap1|dose_mM=4,AlteredYap1,,20260722,4.0,20260722,train,3,20260728,a9f6629111957ed21ec198c30141f3a158a80e13a392659131287e0a8432a067
real_biosensor,heldout_replicate,1,plate|construct|dose_mM,construct,plate,construct=AlteredYap1,plate=20260722|construct=AlteredYap1|dose_mM=4,AlteredYap1,,20260722,4.0,20260722,train,3,20260728,a9f6629111957ed21ec198c30141f3a158a80e13a392659131287e0a8432a067
real_biosensor,heldout_replicate,1,plate|construct|dose_mM,construct,plate,construct=AlteredYap1,plate=20260803|construct=AlteredYap1|dose_mM=0,AlteredYap1,,20260803,0.0,20260803,train,3,20260728,a9f6629111957ed21ec198c30141f3a158a80e13a392659131287e0a8432a067
real_biosensor,heldout_replicate,1,plate|construct|dose_mM,construct,plate,construct=AlteredYap1,plate=20260803|construct=AlteredYap1|dose_mM=0,AlteredYap1,,20260803,0.0,20260803,train,3,20260728,a9f6629111957ed21ec198c30141f3a158a80e13a392659131287e0a8432a067
real_biosensor,heldout_replicate,1,plate|construct|dose_mM,construct,plate,construct=AlteredYap1,plate=20260803|construct=AlteredYap1|dose_mM=0.1,AlteredYap1,,20260803,0.1,20260803,train,3,20260728,a9f6629111957ed21ec198c30141f3a158a80e13a392659131287e0a8432a067
real_biosensor,heldout_replicate,1,plate|construct|dose_mM,construct,plate,construct=AlteredYap1,plate=20260803|construct=AlteredYap1|dose_mM=0.1,AlteredYap1,,20260803,0.1,20260803,train,3,20260728,a9f6629111957ed21ec198c30141f3a158a80e13a392659131287e0a8432a067
real_biosensor,heldout_replicate,1,plate|construct|dose_mM,construct,plate,construct=AlteredYap1,plate=20260803|construct=AlteredYap1|dose_mM=0.2,AlteredYap1,,20260803,0.2,20260803,train,3,20260728,a9f6629111957ed21ec198c30141f3a158a80e13a392659131287e0a8432a067
real_biosensor,heldout_replicate,1,plate|construct|dose_mM,construct,plate,construct=AlteredYap1,plate=20260803|construct=AlteredYap1|dose_mM=0.2,AlteredYap1,,20260803,0.2,20260803,train,3,20260728,a9f6629111957ed21ec198c30141f3a158a80e13a392659131287e0a8432a067
real_biosensor,heldout_replicate,1,plate|construct|dose_mM,construct,plate,construct=AlteredYap1,plate=20260803|construct=AlteredYap1|dose_mM=0.5,AlteredYap1,,20260803,0.5,20260803,train,3,20260728,a9f6629111957ed21ec198c30141f3a158a80e13a392659131287e0a8432a067
real_biosensor,heldout_replicate,1,plate|construct|dose_mM,construct,plate,construct=AlteredYap1,plate=20260803|construct=AlteredYap1|dose_mM=0.5,AlteredYap1,,20260803,0.5,20260803,train,3,20260728,a9f6629111957ed21ec198c30141f3a158a80e13a392659131287e0a8432a067
real_biosensor,heldout_replicate,1,plate|construct|dose_mM,construct,plate,construct=AlteredYap1,plate=20260803|construct=AlteredYap1|dose_mM=1,AlteredYap1,,20260803,1.0,20260803,train,3,20260728,a9f6629111957ed21ec198c30141f3a158a80e13a392659131287e0a8432a067
real_biosensor,heldout_replicate,1,plate|construct|dose_mM,construct,plate,construct=AlteredYap1,plate=20260803|construct=AlteredYap1|dose_mM=1,AlteredYap1,,20260803,1.0,20260803,train,3,20260728,a9f6629111957ed21ec198c30141f3a158a80e13a392659131287e0a8432a067
real_biosensor,heldout_replicate,1,plate|construct|dose_mM,construct,plate,construct=AlteredYap1,plate=20260803|construct=AlteredYap1|dose_mM=2,AlteredYap1,,20260803,2.0,20260803,train,3,20260728,a9f6629111957ed21ec198c30141f3a158a80e13a392659131287e0a8432a067
real_biosensor,heldout_replicate,1,plate|construct|dose_mM,construct,plate,construct=AlteredYap1,plate=20260803|construct=AlteredYap1|dose_mM=2,AlteredYap1,,20260803,2.0,20260803,train,3,20260728,a9f6629111957ed21ec198c30141f3a158a80e13a392659131287e0a8432a067
real_biosensor,heldout_replicate,1,plate|construct|dose_mM,construct,plate,construct=AlteredYap1,plate=20260803|construct=AlteredYap1|dose_mM=4,AlteredYap1,,20260803,4.0,20260803,train,3,20260728,a9f6629111957ed21ec198c30141f3a158a80e13a392659131287e0a8432a067
real_biosensor,heldout_replicate,1,plate|construct|dose_mM,construct,plate,construct=AlteredYap1,plate=20260803|construct=AlteredYap1|dose_mM=4,AlteredYap1,,20260803,4.0,20260803,train,3,20260728,a9f6629111957ed21ec198c30141f3a158a80e13a392659131287e0a8432a067
real_biosensor,heldout_replicate,1,plate|construct|dose_mM,construct,plate,construct=AlteredYap1,plate=20260804|construct=AlteredYap1|dose_mM=0,AlteredYap1,,20260804,0.0,20260804,train,3,20260728,a9f6629111957ed21ec198c30141f3a158a80e13a392659131287e0a8432a067
real_biosensor,heldout_replicate,1,plate|construct|dose_mM,construct,plate,construct=AlteredYap1,plate=20260804|construct=AlteredYap1|dose_mM=0,AlteredYap1,,20260804,0.0,20260804,train,3,20260728,a9f6629111957ed21ec198c30141f3a158a80e13a392659131287e0a8432a067
real_biosensor,heldout_replicate,1,plate|construct|dose_mM,construct,plate,construct=AlteredYap1,plate=20260804|construct=AlteredYap1|dose_mM=0.1,AlteredYap1,,20260804,0.1,20260804,train,3,20260728,a9f6629111957ed21ec198c30141f3a158a80e13a392659131287e0a8432a067
real_biosensor,heldout_replicate,1,plate|construct|dose_mM,construct,plate,construct=AlteredYap1,plate=20260804|construct=AlteredYap1|dose_mM=0.1,AlteredYap1,,20260804,0.1,20260804,train,3,20260728,a9f6629111957ed21ec198c30141f3a158a80e13a392659131287e0a8432a067
real_biosensor,heldout_replicate,1,plate|construct|dose_mM,construct,plate,construct=AlteredYap1,plate=20260804|construct=AlteredYap1|dose_mM=0.2,AlteredYap1,,20260804,0.2,20260804,train,3,20260728,a9f6629111957ed21ec198c30141f3a158a80e13a392659131287e0a8432a067
real_biosensor,heldout_replicate,1,plate|construct|dose_mM,construct,plate,construct=AlteredYap1,plate=20260804|construct=AlteredYap1|dose_mM=0.2,AlteredYap1,,20260804,0.2,20260804,train,3,20260728,a9f6629111957ed21ec198c30141f3a158a80e13a392659131287e0a8432a067
real_biosensor,heldout_replicate,1,plate|construct|dose_mM,construct,plate,construct=AlteredYap1,plate=20260804|construct=AlteredYap1|dose_mM=0.5,AlteredYap1,,20260804,0.5,20260804,train,3,20260728,a9f6629111957ed21ec198c30141f3a158a80e13a392659131287e0a8432a067
real_biosensor,heldout_replicate,1,plate|construct|dose_mM,construct,plate,construct=AlteredYap1,plate=20260804|construct=AlteredYap1|dose_mM=0.5,AlteredYap1,,20260804,0.5,20260804,train,3,20260728,a9f6629111957ed21ec198c30141f3a158a80e13a392659131287e0a8432a067
real_biosensor,heldout_replicate,1,plate|construct|dose_mM,construct,plate,construct=AlteredYap1,plate=20260804|construct=AlteredYap1|dose_mM=1,AlteredYap1,,20260804,1.0,20260804,train,3,20260728,a9f6629111957ed21ec198c30141f3a158a80e13a392659131287e0a8432a067
real_biosensor,heldout_replicate,1,plate|construct|dose_mM,construct,plate,construct=AlteredYap1,plate=20260804|construct=AlteredYap1|dose_mM=1,AlteredYap1,,20260804,1.0,20260804,train,3,20260728,a9f6629111957ed21ec198c30141f3a158a80e13a392659131287e0a8432a067
real_biosensor,heldout_replicate,1,plate|construct|dose_mM,construct,plate,construct=AlteredYap1,plate=20260804|construct=AlteredYap1|dose_mM=2,AlteredYap1,,20260804,2.0,20260804,train,3,20260728,a9f6629111957ed21ec198c30141f3a158a80e13a392659131287e0a8432a067
real_biosensor,heldout_replicate,1,plate|construct|dose_mM,construct,plate,construct=AlteredYap1,plate=20260804|construct=AlteredYap1|dose_mM=2,AlteredYap1,,20260804,2.0,20260804,train,3,20260728,a9f6629111957ed21ec198c30141f3a158a80e13a392659131287e0a8432a067
real_biosensor,heldout_replicate,1,plate|construct|dose_mM,construct,plate,construct=AlteredYap1,plate=20260804|construct=AlteredYap1|dose_mM=4,AlteredYap1,,20260804,4.0,20260804,train,3,20260728,a9f6629111957ed21ec198c30141f3a158a80e13a392659131287e0a8432a067
real_biosensor,heldout_replicate,1,plate|construct|dose_mM,construct,plate,construct=AlteredYap1,plate=20260804|construct=AlteredYap1|dose_mM=4,AlteredYap1,,20260804,4.0,20260804,train,3,20260728,a9f6629111957ed21ec198c30141f3a158a80e13a392659131287e0a8432a067
real_biosensor,heldout_replicate,1,plate|construct|dose_mM,construct,plate,construct=NativeYap1,plate=20260728|construct=NativeYap1|dose_mM=0,NativeYap1,,20260728,0.0,20260728,test,3,20260728,a9f6629111957ed21ec198c30141f3a158a80e13a392659131287e0a8432a067
real_biosensor,heldout_replicate,1,plate|construct|dose_mM,construct,plate,construct=NativeYap1,plate=20260728|construct=NativeYap1|dose_mM=0,NativeYap1,,20260728,0.0,20260728,test,3,20260728,a9f6629111957ed21ec198c30141f3a158a80e13a392659131287e0a8432a067
real_biosensor,heldout_replicate,1,plate|construct|dose_mM,construct,plate,construct=NativeYap1,plate=20260728|construct=NativeYap1|dose_mM=0.1,NativeYap1,,20260728,0.1,20260728,test,3,20260728,a9f6629111957ed21ec198c30141f3a158a80e13a392659131287e0a8432a067
real_biosensor,heldout_replicate,1,plate|construct|dose_mM,construct,plate,construct=NativeYap1,plate=20260728|construct=NativeYap1|dose_mM=0.1,NativeYap1,,20260728,0.1,20260728,test,3,20260728,a9f6629111957ed21ec198c30141f3a158a80e13a392659131287e0a8432a067
real_biosensor,heldout_replicate,1,plate|construct|dose_mM,construct,plate,construct=NativeYap1,plate=20260728|construct=NativeYap1|dose_mM=0.2,NativeYap1,,20260728,0.2,20260728,test,3,20260728,a9f6629111957ed21ec198c30141f3a158a80e13a392659131287e0a8432a067
real_biosensor,heldout_replicate,1,plate|construct|dose_mM,construct,plate,construct=NativeYap1,plate=20260728|construct=NativeYap1|dose_mM=0.2,NativeYap1,,20260728,0.2,20260728,test,3,20260728,a9f6629111957ed21ec198c30141f3a158a80e13a392659131287e0a8432a067
real_biosensor,heldout_replicate,1,plate|construct|dose_mM,construct,plate,construct=NativeYap1,plate=20260728|construct=NativeYap1|dose_mM=0.5,NativeYap1,,20260728,0.5,20260728,test,3,20260728,a9f6629111957ed21ec198c30141f3a158a80e13a392659131287e0a8432a067
real_biosensor,heldout_replicate,1,plate|construct|dose_mM,construct,plate,construct=NativeYap1,plate=20260728|construct=NativeYap1|dose_mM=0.5,NativeYap1,,20260728,0.5,20260728,test,3,20260728,a9f6629111957ed21ec198c30141f3a158a80e13a392659131287e0a8432a067
real_biosensor,heldout_replicate,1,plate|construct|dose_mM,construct,plate,construct=NativeYap1,plate=20260728|construct=NativeYap1|dose_mM=1,NativeYap1,,20260728,1.0,20260728,test,3,20260728,a9f6629111957ed21ec198c30141f3a158a80e13a392659131287e0a8432a067
real_biosensor,heldout_replicate,1,plate|construct|dose_mM,construct,plate,construct=NativeYap1,plate=20260728|construct=NativeYap1|dose_mM=1,NativeYap1,,20260728,1.0,20260728,test,3,20260728,a9f6629111957ed21ec198c30141f3a158a80e13a392659131287e0a8432a067
real_biosensor,heldout_replicate,1,plate|construct|dose_mM,construct,plate,construct=NativeYap1,plate=20260728|construct=NativeYap1|dose_mM=2,NativeYap1,,20260728,2.0,20260728,test,3,20260728,a9f6629111957ed21ec198c30141f3a158a80e13a392659131287e0a8432a067
real_biosensor,heldout_replicate,1,plate|construct|dose_mM,construct,plate,construct=NativeYap1,plate=20260728|construct=NativeYap1|dose_mM=2,NativeYap1,,20260728,2.0,20260728,test,3,20260728,a9f6629111957ed21ec198c30141f3a158a80e13a392659131287e0a8432a067
real_biosensor,heldout_replicate,1,plate|construct|dose_mM,construct,plate,construct=NativeYap1,plate=20260728|construct=NativeYap1|dose_mM=4,NativeYap1,,20260728,4.0,20260728,test,3,20260728,a9f6629111957ed21ec198c30141f3a158a80e13a392659131287e0a8432a067
real_biosensor,heldout_replicate,1,plate|construct|dose_mM,construct,plate,construct=NativeYap1,plate=20260728|construct=NativeYap1|dose_mM=4,NativeYap1,,20260728,4.0,20260728,test,3,20260728,a9f6629111957ed21ec198c30141f3a158a80e13a392659131287e0a8432a067
real_biosensor,heldout_replicate,1,plate|construct|dose_mM,construct,plate,construct=NativeYap1,plate=20260722|construct=NativeYap1|dose_mM=0,NativeYap1,,20260722,0.0,20260722,train,3,20260728,a9f6629111957ed21ec198c30141f3a158a80e13a392659131287e0a8432a067
real_biosensor,heldout_replicate,1,plate|construct|dose_mM,construct,plate,construct=NativeYap1,plate=20260722|construct=NativeYap1|dose_mM=0,NativeYap1,,20260722,0.0,20260722,train,3,20260728,a9f6629111957ed21ec198c30141f3a158a80e13a392659131287e0a8432a067
real_biosensor,heldout_replicate,1,plate|construct|dose_mM,construct,plate,construct=NativeYap1,plate=20260722|construct=NativeYap1|dose_mM=0.1,NativeYap1,,20260722,0.1,20260722,train,3,20260728,a9f6629111957ed21ec198c30141f3a158a80e13a392659131287e0a8432a067
real_biosensor,heldout_replicate,1,plate|construct|dose_mM,construct,plate,construct=NativeYap1,plate=20260722|construct=NativeYap1|dose_mM=0.1,NativeYap1,,20260722,0.1,20260722,train,3,20260728,a9f6629111957ed21ec198c30141f3a158a80e13a392659131287e0a8432a067
real_biosensor,heldout_replicate,1,plate|construct|dose_mM,construct,plate,construct=NativeYap1,plate=20260722|construct=NativeYap1|dose_mM=0.2,NativeYap1,,20260722,0.2,20260722,train,3,20260728,a9f6629111957ed21ec198c30141f3a158a80e13a392659131287e0a8432a067
real_biosensor,heldout_replicate,1,plate|construct|dose_mM,construct,plate,construct=NativeYap1,plate=20260722|construct=NativeYap1|dose_mM=0.2,NativeYap1,,20260722,0.2,20260722,train,3,20260728,a9f6629111957ed21ec198c30141f3a158a80e13a392659131287e0a8432a067
real_biosensor,heldout_replicate,1,plate|construct|dose_mM,construct,plate,construct=NativeYap1,plate=20260722|construct=NativeYap1|dose_mM=0.5,NativeYap1,,20260722,0.5,20260722,train,3,20260728,a9f6629111957ed21ec198c30141f3a158a80e13a392659131287e0a8432a067
real_biosensor,heldout_replicate,1,plate|construct|dose_mM,construct,plate,construct=NativeYap1,plate=20260722|construct=NativeYap1|dose_mM=0.5,NativeYap1,,20260722,0.5,20260722,train,3,20260728,a9f6629111957ed21ec198c30141f3a158a80e13a392659131287e0a8432a067
real_biosensor,heldout_replicate,1,plate|construct|dose_mM,construct,plate,construct=NativeYap1,plate=20260722|construct=NativeYap1|dose_mM=1,NativeYap1,,20260722,1.0,20260722,train,3,20260728,a9f6629111957ed21ec198c30141f3a158a80e13a392659131287e0a8432a067
real_biosensor,heldout_replicate,1,plate|construct|dose_mM,construct,plate,construct=NativeYap1,plate=20260722|construct=NativeYap1|dose_mM=1,NativeYap1,,20260722,1.0,20260722,train,3,20260728,a9f6629111957ed21ec198c30141f3a158a80e13a392659131287e0a8432a067
real_biosensor,heldout_replicate,1,plate|construct|dose_mM,construct,plate,construct=NativeYap1,plate=20260722|construct=NativeYap1|dose_mM=2,NativeYap1,,20260722,2.0,20260722,train,3,20260728,a9f6629111957ed21ec198c30141f3a158a80e13a392659131287e0a8432a067
real_biosensor,heldout_replicate,1,plate|construct|dose_mM,construct,plate,construct=NativeYap1,plate=20260722|construct=NativeYap1|dose_mM=2,NativeYap1,,20260722,2.0,20260722,train,3,20260728,a9f6629111957ed21ec198c30141f3a158a80e13a392659131287e0a8432a067
real_biosensor,heldout_replicate,1,plate|construct|dose_mM,construct,plate,construct=NativeYap1,plate=20260722|construct=NativeYap1|dose_mM=4,NativeYap1,,20260722,4.0,20260722,train,3,20260728,a9f6629111957ed21ec198c30141f3a158a80e13a392659131287e0a8432a067
real_biosensor,heldout_replicate,1,plate|construct|dose_mM,construct,plate,construct=NativeYap1,plate=20260722|construct=NativeYap1|dose_mM=4,NativeYap1,,20260722,4.0,20260722,train,3,20260728,a9f6629111957ed21ec198c30141f3a158a80e13a392659131287e0a8432a067
real_biosensor,heldout_replicate,1,plate|construct|dose_mM,construct,plate,construct=NativeYap1,plate=20260803|construct=NativeYap1|dose_mM=0,NativeYap1,,20260803,0.0,20260803,train,3,20260728,a9f6629111957ed21ec198c30141f3a158a80e13a392659131287e0a8432a067
real_biosensor,heldout_replicate,1,plate|construct|dose_mM,construct,plate,construct=NativeYap1,plate=20260803|construct=NativeYap1|dose_mM=0,NativeYap1,,20260803,0.0,20260803,train,3,20260728,a9f6629111957ed21ec198c30141f3a158a80e13a392659131287e0a8432a067
real_biosensor,heldout_replicate,1,plate|construct|dose_mM,construct,plate,construct=NativeYap1,plate=20260803|construct=NativeYap1|dose_mM=0.1,NativeYap1,,20260803,0.1,20260803,train,3,20260728,a9f6629111957ed21ec198c30141f3a158a80e13a392659131287e0a8432a067
real_biosensor,heldout_replicate,1,plate|construct|dose_mM,construct,plate,construct=NativeYap1,plate=20260803|construct=NativeYap1|dose_mM=0.1,NativeYap1,,20260803,0.1,20260803,train,3,20260728,a9f6629111957ed21ec198c30141f3a158a80e13a392659131287e0a8432a067
real_biosensor,heldout_replicate,1,plate|construct|dose_mM,construct,plate,construct=NativeYap1,plate=20260803|construct=NativeYap1|dose_mM=0.2,NativeYap1,,20260803,0.2,20260803,train,3,20260728,a9f6629111957ed21ec198c30141f3a158a80e13a392659131287e0a8432a067
real_biosensor,heldout_replicate,1,plate|construct|dose_mM,construct,plate,construct=NativeYap1,plate=20260803|construct=NativeYap1|dose_mM=0.2,NativeYap1,,20260803,0.2,20260803,train,3,20260728,a9f6629111957ed21ec198c30141f3a158a80e13a392659131287e0a8432a067
real_biosensor,heldout_replicate,1,plate|construct|dose_mM,construct,plate,construct=NativeYap1,plate=20260803|construct=NativeYap1|dose_mM=0.5,NativeYap1,,20260803,0.5,20260803,train,3,20260728,a9f6629111957ed21ec198c30141f3a158a80e13a392659131287e0a8432a067
real_biosensor,heldout_replicate,1,plate|construct|dose_mM,construct,plate,construct=NativeYap1,plate=20260803|construct=NativeYap1|dose_mM=0.5,NativeYap1,,20260803,0.5,20260803,train,3,20260728,a9f6629111957ed21ec198c30141f3a158a80e13a392659131287e0a8432a067
real_biosensor,heldout_replicate,1,plate|construct|dose_mM,construct,plate,construct=NativeYap1,plate=20260803|construct=NativeYap1|dose_mM=1,NativeYap1,,20260803,1.0,20260803,train,3,20260728,a9f6629111957ed21ec198c30141f3a158a80e13a392659131287e0a8432a067
real_biosensor,heldout_replicate,1,plate|construct|dose_mM,construct,plate,construct=NativeYap1,plate=20260803|construct=NativeYap1|dose_mM=1,NativeYap1,,20260803,1.0,20260803,train,3,20260728,a9f6629111957ed21ec198c30141f3a158a80e13a392659131287e0a8432a067
real_biosensor,heldout_replicate,1,plate|construct|dose_mM,construct,plate,construct=NativeYap1,plate=20260803|construct=NativeYap1|dose_mM=2,NativeYap1,,20260803,2.0,20260803,train,3,20260728,a9f6629111957ed21ec198c30141f3a158a80e13a392659131287e0a8432a067
real_biosensor,heldout_replicate,1,plate|construct|dose_mM,construct,plate,construct=NativeYap1,plate=20260803|construct=NativeYap1|dose_mM=2,NativeYap1,,20260803,2.0,20260803,train,3,20260728,a9f6629111957ed21ec198c30141f3a158a80e13a392659131287e0a8432a067
real_biosensor,heldout_replicate,1,plate|construct|dose_mM,construct,plate,construct=NativeYap1,plate=20260803|construct=NativeYap1|dose_mM=4,NativeYap1,,20260803,4.0,20260803,train,3,20260728,a9f6629111957ed21ec198c30141f3a158a80e13a392659131287e0a8432a067
real_biosensor,heldout_replicate,1,plate|construct|dose_mM,construct,plate,construct=NativeYap1,plate=20260803|construct=NativeYap1|dose_mM=4,NativeYap1,,20260803,4.0,20260803,train,3,20260728,a9f6629111957ed21ec198c30141f3a158a80e13a392659131287e0a8432a067
real_biosensor,heldout_replicate,1,plate|construct|dose_mM,construct,plate,construct=NativeYap1,plate=20260804|construct=NativeYap1|dose_mM=0,NativeYap1,,20260804,0.0,20260804,train,3,20260728,a9f6629111957ed21ec198c30141f3a158a80e13a392659131287e0a8432a067
real_biosensor,heldout_replicate,1,plate|construct|dose_mM,construct,plate,construct=NativeYap1,plate=20260804|construct=NativeYap1|dose_mM=0,NativeYap1,,20260804,0.0,20260804,train,3,20260728,a9f6629111957ed21ec198c30141f3a158a80e13a392659131287e0a8432a067
real_biosensor,heldout_replicate,1,plate|construct|dose_mM,construct,plate,construct=NativeYap1,plate=20260804|construct=NativeYap1|dose_mM=0.1,NativeYap1,,20260804,0.1,20260804,train,3,20260728,a9f6629111957ed21ec198c30141f3a158a80e13a392659131287e0a8432a067
real_biosensor,heldout_replicate,1,plate|construct|dose_mM,construct,plate,construct=NativeYap1,plate=20260804|construct=NativeYap1|dose_mM=0.1,NativeYap1,,20260804,0.1,20260804,train,3,20260728,a9f6629111957ed21ec198c30141f3a158a80e13a392659131287e0a8432a067
real_biosensor,heldout_replicate,1,plate|construct|dose_mM,construct,plate,construct=NativeYap1,plate=20260804|construct=NativeYap1|dose_mM=0.2,NativeYap1,,20260804,0.2,20260804,train,3,20260728,a9f6629111957ed21ec198c30141f3a158a80e13a392659131287e0a8432a067
real_biosensor,heldout_replicate,1,plate|construct|dose_mM,construct,plate,construct=NativeYap1,plate=20260804|construct=NativeYap1|dose_mM=0.2,NativeYap1,,20260804,0.2,20260804,train,3,20260728,a9f6629111957ed21ec198c30141f3a158a80e13a392659131287e0a8432a067
real_biosensor,heldout_replicate,1,plate|construct|dose_mM,construct,plate,construct=NativeYap1,plate=20260804|construct=NativeYap1|dose_mM=0.5,NativeYap1,,20260804,0.5,20260804,train,3,20260728,a9f6629111957ed21ec198c30141f3a158a80e13a392659131287e0a8432a067
real_biosensor,heldout_replicate,1,plate|construct|dose_mM,construct,plate,construct=NativeYap1,plate=20260804|construct=NativeYap1|dose_mM=0.5,NativeYap1,,20260804,0.5,20260804,train,3,20260728,a9f6629111957ed21ec198c30141f3a158a80e13a392659131287e0a8432a067
real_biosensor,heldout_replicate,1,plate|construct|dose_mM,construct,plate,construct=NativeYap1,plate=20260804|construct=NativeYap1|dose_mM=1,NativeYap1,,20260804,1.0,20260804,train,3,20260728,a9f6629111957ed21ec198c30141f3a158a80e13a392659131287e0a8432a067
real_biosensor,heldout_replicate,1,plate|construct|dose_mM,construct,plate,construct=NativeYap1,plate=20260804|construct=NativeYap1|dose_mM=1,NativeYap1,,20260804,1.0,20260804,train,3,20260728,a9f6629111957ed21ec198c30141f3a158a80e13a392659131287e0a8432a067
real_biosensor,heldout_replicate,1,plate|construct|dose_mM,construct,plate,construct=NativeYap1,plate=20260804|construct=NativeYap1|dose_mM=2,NativeYap1,,20260804,2.0,20260804,train,3,20260728,a9f6629111957ed21ec198c30141f3a158a80e13a392659131287e0a8432a067
real_biosensor,heldout_replicate,1,plate|construct|dose_mM,construct,plate,construct=NativeYap1,plate=20260804|construct=NativeYap1|dose_mM=2,NativeYap1,,20260804,2.0,20260804,train,3,20260728,a9f6629111957ed21ec198c30141f3a158a80e13a392659131287e0a8432a067
real_biosensor,heldout_replicate,1,plate|construct|dose_mM,construct,plate,construct=NativeYap1,plate=20260804|construct=NativeYap1|dose_mM=4,NativeYap1,,20260804,4.0,20260804,train,3,20260728,a9f6629111957ed21ec198c30141f3a158a80e13a392659131287e0a8432a067
real_biosensor,heldout_replicate,1,plate|construct|dose_mM,construct,plate,construct=NativeYap1,plate=20260804|construct=NativeYap1|dose_mM=4,NativeYap1,,20260804,4.0,20260804,train,3,20260728,a9f6629111957ed21ec198c30141f3a158a80e13a392659131287e0a8432a067
real_biosensor,heldout_replicate,1,plate|construct|dose_mM,construct,plate,construct=UPRE1,plate=20260803|construct=UPRE1|dose_mM=0,UPRE1,,20260803,0.0,20260803,test,3,20260803,a9f6629111957ed21ec198c30141f3a158a80e13a392659131287e0a8432a067
real_biosensor,heldout_replicate,1,plate|construct|dose_mM,construct,plate,construct=UPRE1,plate=20260803|construct=UPRE1|dose_mM=0,UPRE1,,20260803,0.0,20260803,test,3,20260803,a9f6629111957ed21ec198c30141f3a158a80e13a392659131287e0a8432a067
real_biosensor,heldout_replicate,1,plate|construct|dose_mM,construct,plate,construct=UPRE1,plate=20260803|construct=UPRE1|dose_mM=0.1,UPRE1,,20260803,0.1,20260803,test,3,20260803,a9f6629111957ed21ec198c30141f3a158a80e13a392659131287e0a8432a067
real_biosensor,heldout_replicate,1,plate|construct|dose_mM,construct,plate,construct=UPRE1,plate=20260803|construct=UPRE1|dose_mM=0.1,UPRE1,,20260803,0.1,20260803,test,3,20260803,a9f6629111957ed21ec198c30141f3a158a80e13a392659131287e0a8432a067
real_biosensor,heldout_replicate,1,plate|construct|dose_mM,construct,plate,construct=UPRE1,plate=20260803|construct=UPRE1|dose_mM=0.2,UPRE1,,20260803,0.2,20260803,test,3,20260803,a9f6629111957ed21ec198c30141f3a158a80e13a392659131287e0a8432a067
real_biosensor,heldout_replicate,1,plate|construct|dose_mM,construct,plate,construct=UPRE1,plate=20260803|construct=UPRE1|dose_mM=0.2,UPRE1,,20260803,0.2,20260803,test,3,20260803,a9f6629111957ed21ec198c30141f3a158a80e13a392659131287e0a8432a067
real_biosensor,heldout_replicate,1,plate|construct|dose_mM,construct,plate,construct=UPRE1,plate=20260803|construct=UPRE1|dose_mM=0.5,UPRE1,,20260803,0.5,20260803,test,3,20260803,a9f6629111957ed21ec198c30141f3a158a80e13a392659131287e0a8432a067
real_biosensor,heldout_replicate,1,plate|construct|dose_mM,construct,plate,construct=UPRE1,plate=20260803|construct=UPRE1|dose_mM=0.5,UPRE1,,20260803,0.5,20260803,test,3,20260803,a9f6629111957ed21ec198c30141f3a158a80e13a392659131287e0a8432a067
real_biosensor,heldout_replicate,1,plate|construct|dose_mM,construct,plate,construct=UPRE1,plate=20260803|construct=UPRE1|dose_mM=1,UPRE1,,20260803,1.0,20260803,test,3,20260803,a9f6629111957ed21ec198c30141f3a158a80e13a392659131287e0a8432a067
real_biosensor,heldout_replicate,1,plate|construct|dose_mM,construct,plate,construct=UPRE1,plate=20260803|construct=UPRE1|dose_mM=1,UPRE1,,20260803,1.0,20260803,test,3,20260803,a9f6629111957ed21ec198c30141f3a158a80e13a392659131287e0a8432a067
real_biosensor,heldout_replicate,1,plate|construct|dose_mM,construct,plate,construct=UPRE1,plate=20260803|construct=UPRE1|dose_mM=2,UPRE1,,20260803,2.0,20260803,test,3,20260803,a9f6629111957ed21ec198c30141f3a158a80e13a392659131287e0a8432a067
real_biosensor,heldout_replicate,1,plate|construct|dose_mM,construct,plate,construct=UPRE1,plate=20260803|construct=UPRE1|dose_mM=2,UPRE1,,20260803,2.0,20260803,test,3,20260803,a9f6629111957ed21ec198c30141f3a158a80e13a392659131287e0a8432a067
real_biosensor,heldout_replicate,1,plate|construct|dose_mM,construct,plate,construct=UPRE1,plate=20260803|construct=UPRE1|dose_mM=5,UPRE1,,20260803,5.0,20260803,test,3,20260803,a9f6629111957ed21ec198c30141f3a158a80e13a392659131287e0a8432a067
real_biosensor,heldout_replicate,1,plate|construct|dose_mM,construct,plate,construct=UPRE1,plate=20260803|construct=UPRE1|dose_mM=5,UPRE1,,20260803,5.0,20260803,test,3,20260803,a9f6629111957ed21ec198c30141f3a158a80e13a392659131287e0a8432a067
real_biosensor,heldout_replicate,1,plate|construct|dose_mM,construct,plate,construct=UPRE1,plate=20260722|construct=UPRE1|dose_mM=0,UPRE1,,20260722,0.0,20260722,train,3,20260803,a9f6629111957ed21ec198c30141f3a158a80e13a392659131287e0a8432a067
real_biosensor,heldout_replicate,1,plate|construct|dose_mM,construct,plate,construct=UPRE1,plate=20260722|construct=UPRE1|dose_mM=0,UPRE1,,20260722,0.0,20260722,train,3,20260803,a9f6629111957ed21ec198c30141f3a158a80e13a392659131287e0a8432a067
real_biosensor,heldout_replicate,1,plate|construct|dose_mM,construct,plate,construct=UPRE1,plate=20260722|construct=UPRE1|dose_mM=0.1,UPRE1,,20260722,0.1,20260722,train,3,20260803,a9f6629111957ed21ec198c30141f3a158a80e13a392659131287e0a8432a067
real_biosensor,heldout_replicate,1,plate|construct|dose_mM,construct,plate,construct=UPRE1,plate=20260722|construct=UPRE1|dose_mM=0.1,UPRE1,,20260722,0.1,20260722,train,3,20260803,a9f6629111957ed21ec198c30141f3a158a80e13a392659131287e0a8432a067
real_biosensor,heldout_replicate,1,plate|construct|dose_mM,construct,plate,construct=UPRE1,plate=20260722|construct=UPRE1|dose_mM=0.2,UPRE1,,20260722,0.2,20260722,train,3,20260803,a9f6629111957ed21ec198c30141f3a158a80e13a392659131287e0a8432a067
real_biosensor,heldout_replicate,1,plate|construct|dose_mM,construct,plate,construct=UPRE1,plate=20260722|construct=UPRE1|dose_mM=0.2,UPRE1,,20260722,0.2,20260722,train,3,20260803,a9f6629111957ed21ec198c30141f3a158a80e13a392659131287e0a8432a067
real_biosensor,heldout_replicate,1,plate|construct|dose_mM,construct,plate,construct=UPRE1,plate=20260722|construct=UPRE1|dose_mM=0.5,UPRE1,,20260722,0.5,20260722,train,3,20260803,a9f6629111957ed21ec198c30141f3a158a80e13a392659131287e0a8432a067
real_biosensor,heldout_replicate,1,plate|construct|dose_mM,construct,plate,construct=UPRE1,plate=20260722|construct=UPRE1|dose_mM=0.5,UPRE1,,20260722,0.5,20260722,train,3,20260803,a9f6629111957ed21ec198c30141f3a158a80e13a392659131287e0a8432a067
real_biosensor,heldout_replicate,1,plate|construct|dose_mM,construct,plate,construct=UPRE1,plate=20260722|construct=UPRE1|dose_mM=1,UPRE1,,20260722,1.0,20260722,train,3,20260803,a9f6629111957ed21ec198c30141f3a158a80e13a392659131287e0a8432a067
real_biosensor,heldout_replicate,1,plate|construct|dose_mM,construct,plate,construct=UPRE1,plate=20260722|construct=UPRE1|dose_mM=1,UPRE1,,20260722,1.0,20260722,train,3,20260803,a9f6629111957ed21ec198c30141f3a158a80e13a392659131287e0a8432a067
real_biosensor,heldout_replicate,1,plate|construct|dose_mM,construct,plate,construct=UPRE1,plate=20260722|construct=UPRE1|dose_mM=2,UPRE1,,20260722,2.0,20260722,train,3,20260803,a9f6629111957ed21ec198c30141f3a158a80e13a392659131287e0a8432a067
real_biosensor,heldout_replicate,1,plate|construct|dose_mM,construct,plate,construct=UPRE1,plate=20260722|construct=UPRE1|dose_mM=2,UPRE1,,20260722,2.0,20260722,train,3,20260803,a9f6629111957ed21ec198c30141f3a158a80e13a392659131287e0a8432a067
real_biosensor,heldout_replicate,1,plate|construct|dose_mM,construct,plate,construct=UPRE1,plate=20260722|construct=UPRE1|dose_mM=5,UPRE1,,20260722,5.0,20260722,train,3,20260803,a9f6629111957ed21ec198c30141f3a158a80e13a392659131287e0a8432a067
real_biosensor,heldout_replicate,1,plate|construct|dose_mM,construct,plate,construct=UPRE1,plate=20260722|construct=UPRE1|dose_mM=5,UPRE1,,20260722,5.0,20260722,train,3,20260803,a9f6629111957ed21ec198c30141f3a158a80e13a392659131287e0a8432a067
real_biosensor,heldout_replicate,1,plate|construct|dose_mM,construct,plate,construct=UPRE1,plate=20260728|construct=UPRE1|dose_mM=0,UPRE1,,20260728,0.0,20260728,train,3,20260803,a9f6629111957ed21ec198c30141f3a158a80e13a392659131287e0a8432a067
real_biosensor,heldout_replicate,1,plate|construct|dose_mM,construct,plate,construct=UPRE1,plate=20260728|construct=UPRE1|dose_mM=0,UPRE1,,20260728,0.0,20260728,train,3,20260803,a9f6629111957ed21ec198c30141f3a158a80e13a392659131287e0a8432a067
real_biosensor,heldout_replicate,1,plate|construct|dose_mM,construct,plate,construct=UPRE1,plate=20260728|construct=UPRE1|dose_mM=0.1,UPRE1,,20260728,0.1,20260728,train,3,20260803,a9f6629111957ed21ec198c30141f3a158a80e13a392659131287e0a8432a067
real_biosensor,heldout_replicate,1,plate|construct|dose_mM,construct,plate,construct=UPRE1,plate=20260728|construct=UPRE1|dose_mM=0.1,UPRE1,,20260728,0.1,20260728,train,3,20260803,a9f6629111957ed21ec198c30141f3a158a80e13a392659131287e0a8432a067
real_biosensor,heldout_replicate,1,plate|construct|dose_mM,construct,plate,construct=UPRE1,plate=20260728|construct=UPRE1|dose_mM=0.2,UPRE1,,20260728,0.2,20260728,train,3,20260803,a9f6629111957ed21ec198c30141f3a158a80e13a392659131287e0a8432a067
real_biosensor,heldout_replicate,1,plate|construct|dose_mM,construct,plate,construct=UPRE1,plate=20260728|construct=UPRE1|dose_mM=0.2,UPRE1,,20260728,0.2,20260728,train,3,20260803,a9f6629111957ed21ec198c30141f3a158a80e13a392659131287e0a8432a067
real_biosensor,heldout_replicate,1,plate|construct|dose_mM,construct,plate,construct=UPRE1,plate=20260728|construct=UPRE1|dose_mM=0.5,UPRE1,,20260728,0.5,20260728,train,3,20260803,a9f6629111957ed21ec198c30141f3a158a80e13a392659131287e0a8432a067
real_biosensor,heldout_replicate,1,plate|construct|dose_mM,construct,plate,construct=UPRE1,plate=20260728|construct=UPRE1|dose_mM=0.5,UPRE1,,20260728,0.5,20260728,train,3,20260803,a9f6629111957ed21ec198c30141f3a158a80e13a392659131287e0a8432a067
real_biosensor,heldout_replicate,1,plate|construct|dose_mM,construct,plate,construct=UPRE1,plate=20260728|construct=UPRE1|dose_mM=1,UPRE1,,20260728,1.0,20260728,train,3,20260803,a9f6629111957ed21ec198c30141f3a158a80e13a392659131287e0a8432a067
real_biosensor,heldout_replicate,1,plate|construct|dose_mM,construct,plate,construct=UPRE1,plate=20260728|construct=UPRE1|dose_mM=1,UPRE1,,20260728,1.0,20260728,train,3,20260803,a9f6629111957ed21ec198c30141f3a158a80e13a392659131287e0a8432a067
real_biosensor,heldout_replicate,1,plate|construct|dose_mM,construct,plate,construct=UPRE1,plate=20260728|construct=UPRE1|dose_mM=2,UPRE1,,20260728,2.0,20260728,train,3,20260803,a9f6629111957ed21ec198c30141f3a158a80e13a392659131287e0a8432a067
real_biosensor,heldout_replicate,1,plate|construct|dose_mM,construct,plate,construct=UPRE1,plate=20260728|construct=UPRE1|dose_mM=2,UPRE1,,20260728,2.0,20260728,train,3,20260803,a9f6629111957ed21ec198c30141f3a158a80e13a392659131287e0a8432a067
real_biosensor,heldout_replicate,1,plate|construct|dose_mM,construct,plate,construct=UPRE1,plate=20260728|construct=UPRE1|dose_mM=5,UPRE1,,20260728,5.0,20260728,train,3,20260803,a9f6629111957ed21ec198c30141f3a158a80e13a392659131287e0a8432a067
real_biosensor,heldout_replicate,1,plate|construct|dose_mM,construct,plate,construct=UPRE1,plate=20260728|construct=UPRE1|dose_mM=5,UPRE1,,20260728,5.0,20260728,train,3,20260803,a9f6629111957ed21ec198c30141f3a158a80e13a392659131287e0a8432a067
real_biosensor,heldout_replicate,1,plate|construct|dose_mM,construct,plate,construct=UPRE1,plate=20260804|construct=UPRE1|dose_mM=0,UPRE1,,20260804,0.0,20260804,train,3,20260803,a9f6629111957ed21ec198c30141f3a158a80e13a392659131287e0a8432a067
real_biosensor,heldout_replicate,1,plate|construct|dose_mM,construct,plate,construct=UPRE1,plate=20260804|construct=UPRE1|dose_mM=0,UPRE1,,20260804,0.0,20260804,train,3,20260803,a9f6629111957ed21ec198c30141f3a158a80e13a392659131287e0a8432a067
real_biosensor,heldout_replicate,1,plate|construct|dose_mM,construct,plate,construct=UPRE1,plate=20260804|construct=UPRE1|dose_mM=0.1,UPRE1,,20260804,0.1,20260804,train,3,20260803,a9f6629111957ed21ec198c30141f3a158a80e13a392659131287e0a8432a067
real_biosensor,heldout_replicate,1,plate|construct|dose_mM,construct,plate,construct=UPRE1,plate=20260804|construct=UPRE1|dose_mM=0.1,UPRE1,,20260804,0.1,20260804,train,3,20260803,a9f6629111957ed21ec198c30141f3a158a80e13a392659131287e0a8432a067
real_biosensor,heldout_replicate,1,plate|construct|dose_mM,construct,plate,construct=UPRE1,plate=20260804|construct=UPRE1|dose_mM=0.2,UPRE1,,20260804,0.2,20260804,train,3,20260803,a9f6629111957ed21ec198c30141f3a158a80e13a392659131287e0a8432a067
real_biosensor,heldout_replicate,1,plate|construct|dose_mM,construct,plate,construct=UPRE1,plate=20260804|construct=UPRE1|dose_mM=0.2,UPRE1,,20260804,0.2,20260804,train,3,20260803,a9f6629111957ed21ec198c30141f3a158a80e13a392659131287e0a8432a067
real_biosensor,heldout_replicate,1,plate|construct|dose_mM,construct,plate,construct=UPRE1,plate=20260804|construct=UPRE1|dose_mM=0.5,UPRE1,,20260804,0.5,20260804,train,3,20260803,a9f6629111957ed21ec198c30141f3a158a80e13a392659131287e0a8432a067
real_biosensor,heldout_replicate,1,plate|construct|dose_mM,construct,plate,construct=UPRE1,plate=20260804|construct=UPRE1|dose_mM=0.5,UPRE1,,20260804,0.5,20260804,train,3,20260803,a9f6629111957ed21ec198c30141f3a158a80e13a392659131287e0a8432a067
real_biosensor,heldout_replicate,1,plate|construct|dose_mM,construct,plate,construct=UPRE1,plate=20260804|construct=UPRE1|dose_mM=1,UPRE1,,20260804,1.0,20260804,train,3,20260803,a9f6629111957ed21ec198c30141f3a158a80e13a392659131287e0a8432a067
real_biosensor,heldout_replicate,1,plate|construct|dose_mM,construct,plate,construct=UPRE1,plate=20260804|construct=UPRE1|dose_mM=1,UPRE1,,20260804,1.0,20260804,train,3,20260803,a9f6629111957ed21ec198c30141f3a158a80e13a392659131287e0a8432a067
real_biosensor,heldout_replicate,1,plate|construct|dose_mM,construct,plate,construct=UPRE1,plate=20260804|construct=UPRE1|dose_mM=2,UPRE1,,20260804,2.0,20260804,train,3,20260803,a9f6629111957ed21ec198c30141f3a158a80e13a392659131287e0a8432a067
real_biosensor,heldout_replicate,1,plate|construct|dose_mM,construct,plate,construct=UPRE1,plate=20260804|construct=UPRE1|dose_mM=2,UPRE1,,20260804,2.0,20260804,train,3,20260803,a9f6629111957ed21ec198c30141f3a158a80e13a392659131287e0a8432a067
real_biosensor,heldout_replicate,1,plate|construct|dose_mM,construct,plate,construct=UPRE1,plate=20260804|construct=UPRE1|dose_mM=5,UPRE1,,20260804,5.0,20260804,train,3,20260803,a9f6629111957ed21ec198c30141f3a158a80e13a392659131287e0a8432a067
real_biosensor,heldout_replicate,1,plate|construct|dose_mM,construct,plate,construct=UPRE1,plate=20260804|construct=UPRE1|dose_mM=5,UPRE1,,20260804,5.0,20260804,train,3,20260803,a9f6629111957ed21ec198c30141f3a158a80e13a392659131287e0a8432a067
real_biosensor,heldout_replicate,1,plate|construct|dose_mM,construct,plate,construct=UPRE2,plate=20260728|construct=UPRE2|dose_mM=0,UPRE2,,20260728,0.0,20260728,test,3,20260728,a9f6629111957ed21ec198c30141f3a158a80e13a392659131287e0a8432a067
real_biosensor,heldout_replicate,1,plate|construct|dose_mM,construct,plate,construct=UPRE2,plate=20260728|construct=UPRE2|dose_mM=0,UPRE2,,20260728,0.0,20260728,test,3,20260728,a9f6629111957ed21ec198c30141f3a158a80e13a392659131287e0a8432a067
real_biosensor,heldout_replicate,1,plate|construct|dose_mM,construct,plate,construct=UPRE2,plate=20260728|construct=UPRE2|dose_mM=0.1,UPRE2,,20260728,0.1,20260728,test,3,20260728,a9f6629111957ed21ec198c30141f3a158a80e13a392659131287e0a8432a067
real_biosensor,heldout_replicate,1,plate|construct|dose_mM,construct,plate,construct=UPRE2,plate=20260728|construct=UPRE2|dose_mM=0.1,UPRE2,,20260728,0.1,20260728,test,3,20260728,a9f6629111957ed21ec198c30141f3a158a80e13a392659131287e0a8432a067
real_biosensor,heldout_replicate,1,plate|construct|dose_mM,construct,plate,construct=UPRE2,plate=20260728|construct=UPRE2|dose_mM=0.2,UPRE2,,20260728,0.2,20260728,test,3,20260728,a9f6629111957ed21ec198c30141f3a158a80e13a392659131287e0a8432a067
real_biosensor,heldout_replicate,1,plate|construct|dose_mM,construct,plate,construct=UPRE2,plate=20260728|construct=UPRE2|dose_mM=0.2,UPRE2,,20260728,0.2,20260728,test,3,20260728,a9f6629111957ed21ec198c30141f3a158a80e13a392659131287e0a8432a067
real_biosensor,heldout_replicate,1,plate|construct|dose_mM,construct,plate,construct=UPRE2,plate=20260728|construct=UPRE2|dose_mM=0.5,UPRE2,,20260728,0.5,20260728,test,3,20260728,a9f6629111957ed21ec198c30141f3a158a80e13a392659131287e0a8432a067
real_biosensor,heldout_replicate,1,plate|construct|dose_mM,construct,plate,construct=UPRE2,plate=20260728|construct=UPRE2|dose_mM=0.5,UPRE2,,20260728,0.5,20260728,test,3,20260728,a9f6629111957ed21ec198c30141f3a158a80e13a392659131287e0a8432a067
real_biosensor,heldout_replicate,1,plate|construct|dose_mM,construct,plate,construct=UPRE2,plate=20260728|construct=UPRE2|dose_mM=1,UPRE2,,20260728,1.0,20260728,test,3,20260728,a9f6629111957ed21ec198c30141f3a158a80e13a392659131287e0a8432a067
real_biosensor,heldout_replicate,1,plate|construct|dose_mM,construct,plate,construct=UPRE2,plate=20260728|construct=UPRE2|dose_mM=1,UPRE2,,20260728,1.0,20260728,test,3,20260728,a9f6629111957ed21ec198c30141f3a158a80e13a392659131287e0a8432a067
real_biosensor,heldout_replicate,1,plate|construct|dose_mM,construct,plate,construct=UPRE2,plate=20260728|construct=UPRE2|dose_mM=2,UPRE2,,20260728,2.0,20260728,test,3,20260728,a9f6629111957ed21ec198c30141f3a158a80e13a392659131287e0a8432a067
real_biosensor,heldout_replicate,1,plate|construct|dose_mM,construct,plate,construct=UPRE2,plate=20260728|construct=UPRE2|dose_mM=2,UPRE2,,20260728,2.0,20260728,test,3,20260728,a9f6629111957ed21ec198c30141f3a158a80e13a392659131287e0a8432a067
real_biosensor,heldout_replicate,1,plate|construct|dose_mM,construct,plate,construct=UPRE2,plate=20260728|construct=UPRE2|dose_mM=5,UPRE2,,20260728,5.0,20260728,test,3,20260728,a9f6629111957ed21ec198c30141f3a158a80e13a392659131287e0a8432a067
real_biosensor,heldout_replicate,1,plate|construct|dose_mM,construct,plate,construct=UPRE2,plate=20260728|construct=UPRE2|dose_mM=5,UPRE2,,20260728,5.0,20260728,test,3,20260728,a9f6629111957ed21ec198c30141f3a158a80e13a392659131287e0a8432a067
real_biosensor,heldout_replicate,1,plate|construct|dose_mM,construct,plate,construct=UPRE2,plate=20260722|construct=UPRE2|dose_mM=0,UPRE2,,20260722,0.0,20260722,train,3,20260728,a9f6629111957ed21ec198c30141f3a158a80e13a392659131287e0a8432a067
real_biosensor,heldout_replicate,1,plate|construct|dose_mM,construct,plate,construct=UPRE2,plate=20260722|construct=UPRE2|dose_mM=0,UPRE2,,20260722,0.0,20260722,train,3,20260728,a9f6629111957ed21ec198c30141f3a158a80e13a392659131287e0a8432a067
real_biosensor,heldout_replicate,1,plate|construct|dose_mM,construct,plate,construct=UPRE2,plate=20260722|construct=UPRE2|dose_mM=0.1,UPRE2,,20260722,0.1,20260722,train,3,20260728,a9f6629111957ed21ec198c30141f3a158a80e13a392659131287e0a8432a067
real_biosensor,heldout_replicate,1,plate|construct|dose_mM,construct,plate,construct=UPRE2,plate=20260722|construct=UPRE2|dose_mM=0.1,UPRE2,,20260722,0.1,20260722,train,3,20260728,a9f6629111957ed21ec198c30141f3a158a80e13a392659131287e0a8432a067
real_biosensor,heldout_replicate,1,plate|construct|dose_mM,construct,plate,construct=UPRE2,plate=20260722|construct=UPRE2|dose_mM=0.2,UPRE2,,20260722,0.2,20260722,train,3,20260728,a9f6629111957ed21ec198c30141f3a158a80e13a392659131287e0a8432a067
real_biosensor,heldout_replicate,1,plate|construct|dose_mM,construct,plate,construct=UPRE2,plate=20260722|construct=UPRE2|dose_mM=0.2,UPRE2,,20260722,0.2,20260722,train,3,20260728,a9f6629111957ed21ec198c30141f3a158a80e13a392659131287e0a8432a067
real_biosensor,heldout_replicate,1,plate|construct|dose_mM,construct,plate,construct=UPRE2,plate=20260722|construct=UPRE2|dose_mM=0.5,UPRE2,,20260722,0.5,20260722,train,3,20260728,a9f6629111957ed21ec198c30141f3a158a80e13a392659131287e0a8432a067
real_biosensor,heldout_replicate,1,plate|construct|dose_mM,construct,plate,construct=UPRE2,plate=20260722|construct=UPRE2|dose_mM=0.5,UPRE2,,20260722,0.5,20260722,train,3,20260728,a9f6629111957ed21ec198c30141f3a158a80e13a392659131287e0a8432a067
real_biosensor,heldout_replicate,1,plate|construct|dose_mM,construct,plate,construct=UPRE2,plate=20260722|construct=UPRE2|dose_mM=1,UPRE2,,20260722,1.0,20260722,train,3,20260728,a9f6629111957ed21ec198c30141f3a158a80e13a392659131287e0a8432a067
real_biosensor,heldout_replicate,1,plate|construct|dose_mM,construct,plate,construct=UPRE2,plate=20260722|construct=UPRE2|dose_mM=1,UPRE2,,20260722,1.0,20260722,train,3,20260728,a9f6629111957ed21ec198c30141f3a158a80e13a392659131287e0a8432a067
real_biosensor,heldout_replicate,1,plate|construct|dose_mM,construct,plate,construct=UPRE2,plate=20260722|construct=UPRE2|dose_mM=2,UPRE2,,20260722,2.0,20260722,train,3,20260728,a9f6629111957ed21ec198c30141f3a158a80e13a392659131287e0a8432a067
real_biosensor,heldout_replicate,1,plate|construct|dose_mM,construct,plate,construct=UPRE2,plate=20260722|construct=UPRE2|dose_mM=2,UPRE2,,20260722,2.0,20260722,train,3,20260728,a9f6629111957ed21ec198c30141f3a158a80e13a392659131287e0a8432a067
real_biosensor,heldout_replicate,1,plate|construct|dose_mM,construct,plate,construct=UPRE2,plate=20260722|construct=UPRE2|dose_mM=5,UPRE2,,20260722,5.0,20260722,train,3,20260728,a9f6629111957ed21ec198c30141f3a158a80e13a392659131287e0a8432a067
real_biosensor,heldout_replicate,1,plate|construct|dose_mM,construct,plate,construct=UPRE2,plate=20260722|construct=UPRE2|dose_mM=5,UPRE2,,20260722,5.0,20260722,train,3,20260728,a9f6629111957ed21ec198c30141f3a158a80e13a392659131287e0a8432a067
real_biosensor,heldout_replicate,1,plate|construct|dose_mM,construct,plate,construct=UPRE2,plate=20260803|construct=UPRE2|dose_mM=0,UPRE2,,20260803,0.0,20260803,train,3,20260728,a9f6629111957ed21ec198c30141f3a158a80e13a392659131287e0a8432a067
real_biosensor,heldout_replicate,1,plate|construct|dose_mM,construct,plate,construct=UPRE2,plate=20260803|construct=UPRE2|dose_mM=0,UPRE2,,20260803,0.0,20260803,train,3,20260728,a9f6629111957ed21ec198c30141f3a158a80e13a392659131287e0a8432a067
real_biosensor,heldout_replicate,1,plate|construct|dose_mM,construct,plate,construct=UPRE2,plate=20260803|construct=UPRE2|dose_mM=0.1,UPRE2,,20260803,0.1,20260803,train,3,20260728,a9f6629111957ed21ec198c30141f3a158a80e13a392659131287e0a8432a067
real_biosensor,heldout_replicate,1,plate|construct|dose_mM,construct,plate,construct=UPRE2,plate=20260803|construct=UPRE2|dose_mM=0.1,UPRE2,,20260803,0.1,20260803,train,3,20260728,a9f6629111957ed21ec198c30141f3a158a80e13a392659131287e0a8432a067
real_biosensor,heldout_replicate,1,plate|construct|dose_mM,construct,plate,construct=UPRE2,plate=20260803|construct=UPRE2|dose_mM=0.2,UPRE2,,20260803,0.2,20260803,train,3,20260728,a9f6629111957ed21ec198c30141f3a158a80e13a392659131287e0a8432a067
real_biosensor,heldout_replicate,1,plate|construct|dose_mM,construct,plate,construct=UPRE2,plate=20260803|construct=UPRE2|dose_mM=0.2,UPRE2,,20260803,0.2,20260803,train,3,20260728,a9f6629111957ed21ec198c30141f3a158a80e13a392659131287e0a8432a067
real_biosensor,heldout_replicate,1,plate|construct|dose_mM,construct,plate,construct=UPRE2,plate=20260803|construct=UPRE2|dose_mM=0.5,UPRE2,,20260803,0.5,20260803,train,3,20260728,a9f6629111957ed21ec198c30141f3a158a80e13a392659131287e0a8432a067
real_biosensor,heldout_replicate,1,plate|construct|dose_mM,construct,plate,construct=UPRE2,plate=20260803|construct=UPRE2|dose_mM=0.5,UPRE2,,20260803,0.5,20260803,train,3,20260728,a9f6629111957ed21ec198c30141f3a158a80e13a392659131287e0a8432a067
real_biosensor,heldout_replicate,1,plate|construct|dose_mM,construct,plate,construct=UPRE2,plate=20260803|construct=UPRE2|dose_mM=1,UPRE2,,20260803,1.0,20260803,train,3,20260728,a9f6629111957ed21ec198c30141f3a158a80e13a392659131287e0a8432a067
real_biosensor,heldout_replicate,1,plate|construct|dose_mM,construct,plate,construct=UPRE2,plate=20260803|construct=UPRE2|dose_mM=1,UPRE2,,20260803,1.0,20260803,train,3,20260728,a9f6629111957ed21ec198c30141f3a158a80e13a392659131287e0a8432a067
real_biosensor,heldout_replicate,1,plate|construct|dose_mM,construct,plate,construct=UPRE2,plate=20260803|construct=UPRE2|dose_mM=2,UPRE2,,20260803,2.0,20260803,train,3,20260728,a9f6629111957ed21ec198c30141f3a158a80e13a392659131287e0a8432a067
real_biosensor,heldout_replicate,1,plate|construct|dose_mM,construct,plate,construct=UPRE2,plate=20260803|construct=UPRE2|dose_mM=2,UPRE2,,20260803,2.0,20260803,train,3,20260728,a9f6629111957ed21ec198c30141f3a158a80e13a392659131287e0a8432a067
real_biosensor,heldout_replicate,1,plate|construct|dose_mM,construct,plate,construct=UPRE2,plate=20260803|construct=UPRE2|dose_mM=5,UPRE2,,20260803,5.0,20260803,train,3,20260728,a9f6629111957ed21ec198c30141f3a158a80e13a392659131287e0a8432a067
real_biosensor,heldout_replicate,1,plate|construct|dose_mM,construct,plate,construct=UPRE2,plate=20260803|construct=UPRE2|dose_mM=5,UPRE2,,20260803,5.0,20260803,train,3,20260728,a9f6629111957ed21ec198c30141f3a158a80e13a392659131287e0a8432a067
real_biosensor,heldout_replicate,1,plate|construct|dose_mM,construct,plate,construct=UPRE2,plate=20260804|construct=UPRE2|dose_mM=0,UPRE2,,20260804,0.0,20260804,train,3,20260728,a9f6629111957ed21ec198c30141f3a158a80e13a392659131287e0a8432a067
real_biosensor,heldout_replicate,1,plate|construct|dose_mM,construct,plate,construct=UPRE2,plate=20260804|construct=UPRE2|dose_mM=0,UPRE2,,20260804,0.0,20260804,train,3,20260728,a9f6629111957ed21ec198c30141f3a158a80e13a392659131287e0a8432a067
real_biosensor,heldout_replicate,1,plate|construct|dose_mM,construct,plate,construct=UPRE2,plate=20260804|construct=UPRE2|dose_mM=0.1,UPRE2,,20260804,0.1,20260804,train,3,20260728,a9f6629111957ed21ec198c30141f3a158a80e13a392659131287e0a8432a067
real_biosensor,heldout_replicate,1,plate|construct|dose_mM,construct,plate,construct=UPRE2,plate=20260804|construct=UPRE2|dose_mM=0.1,UPRE2,,20260804,0.1,20260804,train,3,20260728,a9f6629111957ed21ec198c30141f3a158a80e13a392659131287e0a8432a067
real_biosensor,heldout_replicate,1,plate|construct|dose_mM,construct,plate,construct=UPRE2,plate=20260804|construct=UPRE2|dose_mM=0.2,UPRE2,,20260804,0.2,20260804,train,3,20260728,a9f6629111957ed21ec198c30141f3a158a80e13a392659131287e0a8432a067
real_biosensor,heldout_replicate,1,plate|construct|dose_mM,construct,plate,construct=UPRE2,plate=20260804|construct=UPRE2|dose_mM=0.2,UPRE2,,20260804,0.2,20260804,train,3,20260728,a9f6629111957ed21ec198c30141f3a158a80e13a392659131287e0a8432a067
real_biosensor,heldout_replicate,1,plate|construct|dose_mM,construct,plate,construct=UPRE2,plate=20260804|construct=UPRE2|dose_mM=0.5,UPRE2,,20260804,0.5,20260804,train,3,20260728,a9f6629111957ed21ec198c30141f3a158a80e13a392659131287e0a8432a067
real_biosensor,heldout_replicate,1,plate|construct|dose_mM,construct,plate,construct=UPRE2,plate=20260804|construct=UPRE2|dose_mM=0.5,UPRE2,,20260804,0.5,20260804,train,3,20260728,a9f6629111957ed21ec198c30141f3a158a80e13a392659131287e0a8432a067
real_biosensor,heldout_replicate,1,plate|construct|dose_mM,construct,plate,construct=UPRE2,plate=20260804|construct=UPRE2|dose_mM=1,UPRE2,,20260804,1.0,20260804,train,3,20260728,a9f6629111957ed21ec198c30141f3a158a80e13a392659131287e0a8432a067
real_biosensor,heldout_replicate,1,plate|construct|dose_mM,construct,plate,construct=UPRE2,plate=20260804|construct=UPRE2|dose_mM=1,UPRE2,,20260804,1.0,20260804,train,3,20260728,a9f6629111957ed21ec198c30141f3a158a80e13a392659131287e0a8432a067
real_biosensor,heldout_replicate,1,plate|construct|dose_mM,construct,plate,construct=UPRE2,plate=20260804|construct=UPRE2|dose_mM=2,UPRE2,,20260804,2.0,20260804,train,3,20260728,a9f6629111957ed21ec198c30141f3a158a80e13a392659131287e0a8432a067
real_biosensor,heldout_replicate,1,plate|construct|dose_mM,construct,plate,construct=UPRE2,plate=20260804|construct=UPRE2|dose_mM=2,UPRE2,,20260804,2.0,20260804,train,3,20260728,a9f6629111957ed21ec198c30141f3a158a80e13a392659131287e0a8432a067
real_biosensor,heldout_replicate,1,plate|construct|dose_mM,construct,plate,construct=UPRE2,plate=20260804|construct=UPRE2|dose_mM=5,UPRE2,,20260804,5.0,20260804,train,3,20260728,a9f6629111957ed21ec198c30141f3a158a80e13a392659131287e0a8432a067
real_biosensor,heldout_replicate,1,plate|construct|dose_mM,construct,plate,construct=UPRE2,plate=20260804|construct=UPRE2|dose_mM=5,UPRE2,,20260804,5.0,20260804,train,3,20260728,a9f6629111957ed21ec198c30141f3a158a80e13a392659131287e0a8432a067
real_biosensor,heldout_replicate,2,plate|construct|dose_mM,construct,plate,construct=AlteredYap1,plate=20260722|construct=AlteredYap1|dose_mM=0,AlteredYap1,,20260722,0.0,20260722,test,3,20260722,327bd2afe062a71bd6c4da2c55ac93ee8decde3217e63e792ed085bd95791cb5
real_biosensor,heldout_replicate,2,plate|construct|dose_mM,construct,plate,construct=AlteredYap1,plate=20260722|construct=AlteredYap1|dose_mM=0,AlteredYap1,,20260722,0.0,20260722,test,3,20260722,327bd2afe062a71bd6c4da2c55ac93ee8decde3217e63e792ed085bd95791cb5
real_biosensor,heldout_replicate,2,plate|construct|dose_mM,construct,plate,construct=AlteredYap1,plate=20260722|construct=AlteredYap1|dose_mM=0.1,AlteredYap1,,20260722,0.1,20260722,test,3,20260722,327bd2afe062a71bd6c4da2c55ac93ee8decde3217e63e792ed085bd95791cb5
real_biosensor,heldout_replicate,2,plate|construct|dose_mM,construct,plate,construct=AlteredYap1,plate=20260722|construct=AlteredYap1|dose_mM=0.1,AlteredYap1,,20260722,0.1,20260722,test,3,20260722,327bd2afe062a71bd6c4da2c55ac93ee8decde3217e63e792ed085bd95791cb5
real_biosensor,heldout_replicate,2,plate|construct|dose_mM,construct,plate,construct=AlteredYap1,plate=20260722|construct=AlteredYap1|dose_mM=0.2,AlteredYap1,,20260722,0.2,20260722,test,3,20260722,327bd2afe062a71bd6c4da2c55ac93ee8decde3217e63e792ed085bd95791cb5
real_biosensor,heldout_replicate,2,plate|construct|dose_mM,construct,plate,construct=AlteredYap1,plate=20260722|construct=AlteredYap1|dose_mM=0.2,AlteredYap1,,20260722,0.2,20260722,test,3,20260722,327bd2afe062a71bd6c4da2c55ac93ee8decde3217e63e792ed085bd95791cb5
real_biosensor,heldout_replicate,2,plate|construct|dose_mM,construct,plate,construct=AlteredYap1,plate=20260722|construct=AlteredYap1|dose_mM=0.5,AlteredYap1,,20260722,0.5,20260722,test,3,20260722,327bd2afe062a71bd6c4da2c55ac93ee8decde3217e63e792ed085bd95791cb5
real_biosensor,heldout_replicate,2,plate|construct|dose_mM,construct,plate,construct=AlteredYap1,plate=20260722|construct=AlteredYap1|dose_mM=0.5,AlteredYap1,,20260722,0.5,20260722,test,3,20260722,327bd2afe062a71bd6c4da2c55ac93ee8decde3217e63e792ed085bd95791cb5
real_biosensor,heldout_replicate,2,plate|construct|dose_mM,construct,plate,construct=AlteredYap1,plate=20260722|construct=AlteredYap1|dose_mM=1,AlteredYap1,,20260722,1.0,20260722,test,3,20260722,327bd2afe062a71bd6c4da2c55ac93ee8decde3217e63e792ed085bd95791cb5
real_biosensor,heldout_replicate,2,plate|construct|dose_mM,construct,plate,construct=AlteredYap1,plate=20260722|construct=AlteredYap1|dose_mM=1,AlteredYap1,,20260722,1.0,20260722,test,3,20260722,327bd2afe062a71bd6c4da2c55ac93ee8decde3217e63e792ed085bd95791cb5
real_biosensor,heldout_replicate,2,plate|construct|dose_mM,construct,plate,construct=AlteredYap1,plate=20260722|construct=AlteredYap1|dose_mM=2,AlteredYap1,,20260722,2.0,20260722,test,3,20260722,327bd2afe062a71bd6c4da2c55ac93ee8decde3217e63e792ed085bd95791cb5
real_biosensor,heldout_replicate,2,plate|construct|dose_mM,construct,plate,construct=AlteredYap1,plate=20260722|construct=AlteredYap1|dose_mM=2,AlteredYap1,,20260722,2.0,20260722,test,3,20260722,327bd2afe062a71bd6c4da2c55ac93ee8decde3217e63e792ed085bd95791cb5
real_biosensor,heldout_replicate,2,plate|construct|dose_mM,construct,plate,construct=AlteredYap1,plate=20260722|construct=AlteredYap1|dose_mM=4,AlteredYap1,,20260722,4.0,20260722,test,3,20260722,327bd2afe062a71bd6c4da2c55ac93ee8decde3217e63e792ed085bd95791cb5
real_biosensor,heldout_replicate,2,plate|construct|dose_mM,construct,plate,construct=AlteredYap1,plate=20260722|construct=AlteredYap1|dose_mM=4,AlteredYap1,,20260722,4.0,20260722,test,3,20260722,327bd2afe062a71bd6c4da2c55ac93ee8decde3217e63e792ed085bd95791cb5
real_biosensor,heldout_replicate,2,plate|construct|dose_mM,construct,plate,construct=AlteredYap1,plate=20260728|construct=AlteredYap1|dose_mM=0,AlteredYap1,,20260728,0.0,20260728,train,3,20260722,327bd2afe062a71bd6c4da2c55ac93ee8decde3217e63e792ed085bd95791cb5
real_biosensor,heldout_replicate,2,plate|construct|dose_mM,construct,plate,construct=AlteredYap1,plate=20260728|construct=AlteredYap1|dose_mM=0,AlteredYap1,,20260728,0.0,20260728,train,3,20260722,327bd2afe062a71bd6c4da2c55ac93ee8decde3217e63e792ed085bd95791cb5
real_biosensor,heldout_replicate,2,plate|construct|dose_mM,construct,plate,construct=AlteredYap1,plate=20260728|construct=AlteredYap1|dose_mM=0.1,AlteredYap1,,20260728,0.1,20260728,train,3,20260722,327bd2afe062a71bd6c4da2c55ac93ee8decde3217e63e792ed085bd95791cb5
real_biosensor,heldout_replicate,2,plate|construct|dose_mM,construct,plate,construct=AlteredYap1,plate=20260728|construct=AlteredYap1|dose_mM=0.1,AlteredYap1,,20260728,0.1,20260728,train,3,20260722,327bd2afe062a71bd6c4da2c55ac93ee8decde3217e63e792ed085bd95791cb5
real_biosensor,heldout_replicate,2,plate|construct|dose_mM,construct,plate,construct=AlteredYap1,plate=20260728|construct=AlteredYap1|dose_mM=0.2,AlteredYap1,,20260728,0.2,20260728,train,3,20260722,327bd2afe062a71bd6c4da2c55ac93ee8decde3217e63e792ed085bd95791cb5
real_biosensor,heldout_replicate,2,plate|construct|dose_mM,construct,plate,construct=AlteredYap1,plate=20260728|construct=AlteredYap1|dose_mM=0.2,AlteredYap1,,20260728,0.2,20260728,train,3,20260722,327bd2afe062a71bd6c4da2c55ac93ee8decde3217e63e792ed085bd95791cb5
real_biosensor,heldout_replicate,2,plate|construct|dose_mM,construct,plate,construct=AlteredYap1,plate=20260728|construct=AlteredYap1|dose_mM=0.5,AlteredYap1,,20260728,0.5,20260728,train,3,20260722,327bd2afe062a71bd6c4da2c55ac93ee8decde3217e63e792ed085bd95791cb5
real_biosensor,heldout_replicate,2,plate|construct|dose_mM,construct,plate,construct=AlteredYap1,plate=20260728|construct=AlteredYap1|dose_mM=0.5,AlteredYap1,,20260728,0.5,20260728,train,3,20260722,327bd2afe062a71bd6c4da2c55ac93ee8decde3217e63e792ed085bd95791cb5
real_biosensor,heldout_replicate,2,plate|construct|dose_mM,construct,plate,construct=AlteredYap1,plate=20260728|construct=AlteredYap1|dose_mM=1,AlteredYap1,,20260728,1.0,20260728,train,3,20260722,327bd2afe062a71bd6c4da2c55ac93ee8decde3217e63e792ed085bd95791cb5
real_biosensor,heldout_replicate,2,plate|construct|dose_mM,construct,plate,construct=AlteredYap1,plate=20260728|construct=AlteredYap1|dose_mM=1,AlteredYap1,,20260728,1.0,20260728,train,3,20260722,327bd2afe062a71bd6c4da2c55ac93ee8decde3217e63e792ed085bd95791cb5
real_biosensor,heldout_replicate,2,plate|construct|dose_mM,construct,plate,construct=AlteredYap1,plate=20260728|construct=AlteredYap1|dose_mM=2,AlteredYap1,,20260728,2.0,20260728,train,3,20260722,327bd2afe062a71bd6c4da2c55ac93ee8decde3217e63e792ed085bd95791cb5
real_biosensor,heldout_replicate,2,plate|construct|dose_mM,construct,plate,construct=AlteredYap1,plate=20260728|construct=AlteredYap1|dose_mM=2,AlteredYap1,,20260728,2.0,20260728,train,3,20260722,327bd2afe062a71bd6c4da2c55ac93ee8decde3217e63e792ed085bd95791cb5
real_biosensor,heldout_replicate,2,plate|construct|dose_mM,construct,plate,construct=AlteredYap1,plate=20260728|construct=AlteredYap1|dose_mM=4,AlteredYap1,,20260728,4.0,20260728,train,3,20260722,327bd2afe062a71bd6c4da2c55ac93ee8decde3217e63e792ed085bd95791cb5
real_biosensor,heldout_replicate,2,plate|construct|dose_mM,construct,plate,construct=AlteredYap1,plate=20260728|construct=AlteredYap1|dose_mM=4,AlteredYap1,,20260728,4.0,20260728,train,3,20260722,327bd2afe062a71bd6c4da2c55ac93ee8decde3217e63e792ed085bd95791cb5
real_biosensor,heldout_replicate,2,plate|construct|dose_mM,construct,plate,construct=AlteredYap1,plate=20260803|construct=AlteredYap1|dose_mM=0,AlteredYap1,,20260803,0.0,20260803,train,3,20260722,327bd2afe062a71bd6c4da2c55ac93ee8decde3217e63e792ed085bd95791cb5
real_biosensor,heldout_replicate,2,plate|construct|dose_mM,construct,plate,construct=AlteredYap1,plate=20260803|construct=AlteredYap1|dose_mM=0,AlteredYap1,,20260803,0.0,20260803,train,3,20260722,327bd2afe062a71bd6c4da2c55ac93ee8decde3217e63e792ed085bd95791cb5
real_biosensor,heldout_replicate,2,plate|construct|dose_mM,construct,plate,construct=AlteredYap1,plate=20260803|construct=AlteredYap1|dose_mM=0.1,AlteredYap1,,20260803,0.1,20260803,train,3,20260722,327bd2afe062a71bd6c4da2c55ac93ee8decde3217e63e792ed085bd95791cb5
real_biosensor,heldout_replicate,2,plate|construct|dose_mM,construct,plate,construct=AlteredYap1,plate=20260803|construct=AlteredYap1|dose_mM=0.1,AlteredYap1,,20260803,0.1,20260803,train,3,20260722,327bd2afe062a71bd6c4da2c55ac93ee8decde3217e63e792ed085bd95791cb5
real_biosensor,heldout_replicate,2,plate|construct|dose_mM,construct,plate,construct=AlteredYap1,plate=20260803|construct=AlteredYap1|dose_mM=0.2,AlteredYap1,,20260803,0.2,20260803,train,3,20260722,327bd2afe062a71bd6c4da2c55ac93ee8decde3217e63e792ed085bd95791cb5
real_biosensor,heldout_replicate,2,plate|construct|dose_mM,construct,plate,construct=AlteredYap1,plate=20260803|construct=AlteredYap1|dose_mM=0.2,AlteredYap1,,20260803,0.2,20260803,train,3,20260722,327bd2afe062a71bd6c4da2c55ac93ee8decde3217e63e792ed085bd95791cb5
real_biosensor,heldout_replicate,2,plate|construct|dose_mM,construct,plate,construct=AlteredYap1,plate=20260803|construct=AlteredYap1|dose_mM=0.5,AlteredYap1,,20260803,0.5,20260803,train,3,20260722,327bd2afe062a71bd6c4da2c55ac93ee8decde3217e63e792ed085bd95791cb5
real_biosensor,heldout_replicate,2,plate|construct|dose_mM,construct,plate,construct=AlteredYap1,plate=20260803|construct=AlteredYap1|dose_mM=0.5,AlteredYap1,,20260803,0.5,20260803,train,3,20260722,327bd2afe062a71bd6c4da2c55ac93ee8decde3217e63e792ed085bd95791cb5
real_biosensor,heldout_replicate,2,plate|construct|dose_mM,construct,plate,construct=AlteredYap1,plate=20260803|construct=AlteredYap1|dose_mM=1,AlteredYap1,,20260803,1.0,20260803,train,3,20260722,327bd2afe062a71bd6c4da2c55ac93ee8decde3217e63e792ed085bd95791cb5
real_biosensor,heldout_replicate,2,plate|construct|dose_mM,construct,plate,construct=AlteredYap1,plate=20260803|construct=AlteredYap1|dose_mM=1,AlteredYap1,,20260803,1.0,20260803,train,3,20260722,327bd2afe062a71bd6c4da2c55ac93ee8decde3217e63e792ed085bd95791cb5
real_biosensor,heldout_replicate,2,plate|construct|dose_mM,construct,plate,construct=AlteredYap1,plate=20260803|construct=AlteredYap1|dose_mM=2,AlteredYap1,,20260803,2.0,20260803,train,3,20260722,327bd2afe062a71bd6c4da2c55ac93ee8decde3217e63e792ed085bd95791cb5
real_biosensor,heldout_replicate,2,plate|construct|dose_mM,construct,plate,construct=AlteredYap1,plate=20260803|construct=AlteredYap1|dose_mM=2,AlteredYap1,,20260803,2.0,20260803,train,3,20260722,327bd2afe062a71bd6c4da2c55ac93ee8decde3217e63e792ed085bd95791cb5
real_biosensor,heldout_replicate,2,plate|construct|dose_mM,construct,plate,construct=AlteredYap1,plate=20260803|construct=AlteredYap1|dose_mM=4,AlteredYap1,,20260803,4.0,20260803,train,3,20260722,327bd2afe062a71bd6c4da2c55ac93ee8decde3217e63e792ed085bd95791cb5
real_biosensor,heldout_replicate,2,plate|construct|dose_mM,construct,plate,construct=AlteredYap1,plate=20260803|construct=AlteredYap1|dose_mM=4,AlteredYap1,,20260803,4.0,20260803,train,3,20260722,327bd2afe062a71bd6c4da2c55ac93ee8decde3217e63e792ed085bd95791cb5
real_biosensor,heldout_replicate,2,plate|construct|dose_mM,construct,plate,construct=AlteredYap1,plate=20260804|construct=AlteredYap1|dose_mM=0,AlteredYap1,,20260804,0.0,20260804,train,3,20260722,327bd2afe062a71bd6c4da2c55ac93ee8decde3217e63e792ed085bd95791cb5
real_biosensor,heldout_replicate,2,plate|construct|dose_mM,construct,plate,construct=AlteredYap1,plate=20260804|construct=AlteredYap1|dose_mM=0,AlteredYap1,,20260804,0.0,20260804,train,3,20260722,327bd2afe062a71bd6c4da2c55ac93ee8decde3217e63e792ed085bd95791cb5
real_biosensor,heldout_replicate,2,plate|construct|dose_mM,construct,plate,construct=AlteredYap1,plate=20260804|construct=AlteredYap1|dose_mM=0.1,AlteredYap1,,20260804,0.1,20260804,train,3,20260722,327bd2afe062a71bd6c4da2c55ac93ee8decde3217e63e792ed085bd95791cb5
real_biosensor,heldout_replicate,2,plate|construct|dose_mM,construct,plate,construct=AlteredYap1,plate=20260804|construct=AlteredYap1|dose_mM=0.1,AlteredYap1,,20260804,0.1,20260804,train,3,20260722,327bd2afe062a71bd6c4da2c55ac93ee8decde3217e63e792ed085bd95791cb5
real_biosensor,heldout_replicate,2,plate|construct|dose_mM,construct,plate,construct=AlteredYap1,plate=20260804|construct=AlteredYap1|dose_mM=0.2,AlteredYap1,,20260804,0.2,20260804,train,3,20260722,327bd2afe062a71bd6c4da2c55ac93ee8decde3217e63e792ed085bd95791cb5
real_biosensor,heldout_replicate,2,plate|construct|dose_mM,construct,plate,construct=AlteredYap1,plate=20260804|construct=AlteredYap1|dose_mM=0.2,AlteredYap1,,20260804,0.2,20260804,train,3,20260722,327bd2afe062a71bd6c4da2c55ac93ee8decde3217e63e792ed085bd95791cb5
real_biosensor,heldout_replicate,2,plate|construct|dose_mM,construct,plate,construct=AlteredYap1,plate=20260804|construct=AlteredYap1|dose_mM=0.5,AlteredYap1,,20260804,0.5,20260804,train,3,20260722,327bd2afe062a71bd6c4da2c55ac93ee8decde3217e63e792ed085bd95791cb5
real_biosensor,heldout_replicate,2,plate|construct|dose_mM,construct,plate,construct=AlteredYap1,plate=20260804|construct=AlteredYap1|dose_mM=0.5,AlteredYap1,,20260804,0.5,20260804,train,3,20260722,327bd2afe062a71bd6c4da2c55ac93ee8decde3217e63e792ed085bd95791cb5
real_biosensor,heldout_replicate,2,plate|construct|dose_mM,construct,plate,construct=AlteredYap1,plate=20260804|construct=AlteredYap1|dose_mM=1,AlteredYap1,,20260804,1.0,20260804,train,3,20260722,327bd2afe062a71bd6c4da2c55ac93ee8decde3217e63e792ed085bd95791cb5
real_biosensor,heldout_replicate,2,plate|construct|dose_mM,construct,plate,construct=AlteredYap1,plate=20260804|construct=AlteredYap1|dose_mM=1,AlteredYap1,,20260804,1.0,20260804,train,3,20260722,327bd2afe062a71bd6c4da2c55ac93ee8decde3217e63e792ed085bd95791cb5
real_biosensor,heldout_replicate,2,plate|construct|dose_mM,construct,plate,construct=AlteredYap1,plate=20260804|construct=AlteredYap1|dose_mM=2,AlteredYap1,,20260804,2.0,20260804,train,3,20260722,327bd2afe062a71bd6c4da2c55ac93ee8decde3217e63e792ed085bd95791cb5
real_biosensor,heldout_replicate,2,plate|construct|dose_mM,construct,plate,construct=AlteredYap1,plate=20260804|construct=AlteredYap1|dose_mM=2,AlteredYap1,,20260804,2.0,20260804,train,3,20260722,327bd2afe062a71bd6c4da2c55ac93ee8decde3217e63e792ed085bd95791cb5
real_biosensor,heldout_replicate,2,plate|construct|dose_mM,construct,plate,construct=AlteredYap1,plate=20260804|construct=AlteredYap1|dose_mM=4,AlteredYap1,,20260804,4.0,20260804,train,3,20260722,327bd2afe062a71bd6c4da2c55ac93ee8decde3217e63e792ed085bd95791cb5
real_biosensor,heldout_replicate,2,plate|construct|dose_mM,construct,plate,construct=AlteredYap1,plate=20260804|construct=AlteredYap1|dose_mM=4,AlteredYap1,,20260804,4.0,20260804,train,3,20260722,327bd2afe062a71bd6c4da2c55ac93ee8decde3217e63e792ed085bd95791cb5
real_biosensor,heldout_replicate,2,plate|construct|dose_mM,construct,plate,construct=NativeYap1,plate=20260722|construct=NativeYap1|dose_mM=0,NativeYap1,,20260722,0.0,20260722,test,3,20260722,327bd2afe062a71bd6c4da2c55ac93ee8decde3217e63e792ed085bd95791cb5
real_biosensor,heldout_replicate,2,plate|construct|dose_mM,construct,plate,construct=NativeYap1,plate=20260722|construct=NativeYap1|dose_mM=0,NativeYap1,,20260722,0.0,20260722,test,3,20260722,327bd2afe062a71bd6c4da2c55ac93ee8decde3217e63e792ed085bd95791cb5
real_biosensor,heldout_replicate,2,plate|construct|dose_mM,construct,plate,construct=NativeYap1,plate=20260722|construct=NativeYap1|dose_mM=0.1,NativeYap1,,20260722,0.1,20260722,test,3,20260722,327bd2afe062a71bd6c4da2c55ac93ee8decde3217e63e792ed085bd95791cb5
real_biosensor,heldout_replicate,2,plate|construct|dose_mM,construct,plate,construct=NativeYap1,plate=20260722|construct=NativeYap1|dose_mM=0.1,NativeYap1,,20260722,0.1,20260722,test,3,20260722,327bd2afe062a71bd6c4da2c55ac93ee8decde3217e63e792ed085bd95791cb5
real_biosensor,heldout_replicate,2,plate|construct|dose_mM,construct,plate,construct=NativeYap1,plate=20260722|construct=NativeYap1|dose_mM=0.2,NativeYap1,,20260722,0.2,20260722,test,3,20260722,327bd2afe062a71bd6c4da2c55ac93ee8decde3217e63e792ed085bd95791cb5
real_biosensor,heldout_replicate,2,plate|construct|dose_mM,construct,plate,construct=NativeYap1,plate=20260722|construct=NativeYap1|dose_mM=0.2,NativeYap1,,20260722,0.2,20260722,test,3,20260722,327bd2afe062a71bd6c4da2c55ac93ee8decde3217e63e792ed085bd95791cb5
real_biosensor,heldout_replicate,2,plate|construct|dose_mM,construct,plate,construct=NativeYap1,plate=20260722|construct=NativeYap1|dose_mM=0.5,NativeYap1,,20260722,0.5,20260722,test,3,20260722,327bd2afe062a71bd6c4da2c55ac93ee8decde3217e63e792ed085bd95791cb5
real_biosensor,heldout_replicate,2,plate|construct|dose_mM,construct,plate,construct=NativeYap1,plate=20260722|construct=NativeYap1|dose_mM=0.5,NativeYap1,,20260722,0.5,20260722,test,3,20260722,327bd2afe062a71bd6c4da2c55ac93ee8decde3217e63e792ed085bd95791cb5
real_biosensor,heldout_replicate,2,plate|construct|dose_mM,construct,plate,construct=NativeYap1,plate=20260722|construct=NativeYap1|dose_mM=1,NativeYap1,,20260722,1.0,20260722,test,3,20260722,327bd2afe062a71bd6c4da2c55ac93ee8decde3217e63e792ed085bd95791cb5
real_biosensor,heldout_replicate,2,plate|construct|dose_mM,construct,plate,construct=NativeYap1,plate=20260722|construct=NativeYap1|dose_mM=1,NativeYap1,,20260722,1.0,20260722,test,3,20260722,327bd2afe062a71bd6c4da2c55ac93ee8decde3217e63e792ed085bd95791cb5
real_biosensor,heldout_replicate,2,plate|construct|dose_mM,construct,plate,construct=NativeYap1,plate=20260722|construct=NativeYap1|dose_mM=2,NativeYap1,,20260722,2.0,20260722,test,3,20260722,327bd2afe062a71bd6c4da2c55ac93ee8decde3217e63e792ed085bd95791cb5
real_biosensor,heldout_replicate,2,plate|construct|dose_mM,construct,plate,construct=NativeYap1,plate=20260722|construct=NativeYap1|dose_mM=2,NativeYap1,,20260722,2.0,20260722,test,3,20260722,327bd2afe062a71bd6c4da2c55ac93ee8decde3217e63e792ed085bd95791cb5
real_biosensor,heldout_replicate,2,plate|construct|dose_mM,construct,plate,construct=NativeYap1,plate=20260722|construct=NativeYap1|dose_mM=4,NativeYap1,,20260722,4.0,20260722,test,3,20260722,327bd2afe062a71bd6c4da2c55ac93ee8decde3217e63e792ed085bd95791cb5
real_biosensor,heldout_replicate,2,plate|construct|dose_mM,construct,plate,construct=NativeYap1,plate=20260722|construct=NativeYap1|dose_mM=4,NativeYap1,,20260722,4.0,20260722,test,3,20260722,327bd2afe062a71bd6c4da2c55ac93ee8decde3217e63e792ed085bd95791cb5
real_biosensor,heldout_replicate,2,plate|construct|dose_mM,construct,plate,construct=NativeYap1,plate=20260728|construct=NativeYap1|dose_mM=0,NativeYap1,,20260728,0.0,20260728,train,3,20260722,327bd2afe062a71bd6c4da2c55ac93ee8decde3217e63e792ed085bd95791cb5
real_biosensor,heldout_replicate,2,plate|construct|dose_mM,construct,plate,construct=NativeYap1,plate=20260728|construct=NativeYap1|dose_mM=0,NativeYap1,,20260728,0.0,20260728,train,3,20260722,327bd2afe062a71bd6c4da2c55ac93ee8decde3217e63e792ed085bd95791cb5
real_biosensor,heldout_replicate,2,plate|construct|dose_mM,construct,plate,construct=NativeYap1,plate=20260728|construct=NativeYap1|dose_mM=0.1,NativeYap1,,20260728,0.1,20260728,train,3,20260722,327bd2afe062a71bd6c4da2c55ac93ee8decde3217e63e792ed085bd95791cb5
real_biosensor,heldout_replicate,2,plate|construct|dose_mM,construct,plate,construct=NativeYap1,plate=20260728|construct=NativeYap1|dose_mM=0.1,NativeYap1,,20260728,0.1,20260728,train,3,20260722,327bd2afe062a71bd6c4da2c55ac93ee8decde3217e63e792ed085bd95791cb5
real_biosensor,heldout_replicate,2,plate|construct|dose_mM,construct,plate,construct=NativeYap1,plate=20260728|construct=NativeYap1|dose_mM=0.2,NativeYap1,,20260728,0.2,20260728,train,3,20260722,327bd2afe062a71bd6c4da2c55ac93ee8decde3217e63e792ed085bd95791cb5
real_biosensor,heldout_replicate,2,plate|construct|dose_mM,construct,plate,construct=NativeYap1,plate=20260728|construct=NativeYap1|dose_mM=0.2,NativeYap1,,20260728,0.2,20260728,train,3,20260722,327bd2afe062a71bd6c4da2c55ac93ee8decde3217e63e792ed085bd95791cb5
real_biosensor,heldout_replicate,2,plate|construct|dose_mM,construct,plate,construct=NativeYap1,plate=20260728|construct=NativeYap1|dose_mM=0.5,NativeYap1,,20260728,0.5,20260728,train,3,20260722,327bd2afe062a71bd6c4da2c55ac93ee8decde3217e63e792ed085bd95791cb5
real_biosensor,heldout_replicate,2,plate|construct|dose_mM,construct,plate,construct=NativeYap1,plate=20260728|construct=NativeYap1|dose_mM=0.5,NativeYap1,,20260728,0.5,20260728,train,3,20260722,327bd2afe062a71bd6c4da2c55ac93ee8decde3217e63e792ed085bd95791cb5
real_biosensor,heldout_replicate,2,plate|construct|dose_mM,construct,plate,construct=NativeYap1,plate=20260728|construct=NativeYap1|dose_mM=1,NativeYap1,,20260728,1.0,20260728,train,3,20260722,327bd2afe062a71bd6c4da2c55ac93ee8decde3217e63e792ed085bd95791cb5
real_biosensor,heldout_replicate,2,plate|construct|dose_mM,construct,plate,construct=NativeYap1,plate=20260728|construct=NativeYap1|dose_mM=1,NativeYap1,,20260728,1.0,20260728,train,3,20260722,327bd2afe062a71bd6c4da2c55ac93ee8decde3217e63e792ed085bd95791cb5
real_biosensor,heldout_replicate,2,plate|construct|dose_mM,construct,plate,construct=NativeYap1,plate=20260728|construct=NativeYap1|dose_mM=2,NativeYap1,,20260728,2.0,20260728,train,3,20260722,327bd2afe062a71bd6c4da2c55ac93ee8decde3217e63e792ed085bd95791cb5
real_biosensor,heldout_replicate,2,plate|construct|dose_mM,construct,plate,construct=NativeYap1,plate=20260728|construct=NativeYap1|dose_mM=2,NativeYap1,,20260728,2.0,20260728,train,3,20260722,327bd2afe062a71bd6c4da2c55ac93ee8decde3217e63e792ed085bd95791cb5
real_biosensor,heldout_replicate,2,plate|construct|dose_mM,construct,plate,construct=NativeYap1,plate=20260728|construct=NativeYap1|dose_mM=4,NativeYap1,,20260728,4.0,20260728,train,3,20260722,327bd2afe062a71bd6c4da2c55ac93ee8decde3217e63e792ed085bd95791cb5
real_biosensor,heldout_replicate,2,plate|construct|dose_mM,construct,plate,construct=NativeYap1,plate=20260728|construct=NativeYap1|dose_mM=4,NativeYap1,,20260728,4.0,20260728,train,3,20260722,327bd2afe062a71bd6c4da2c55ac93ee8decde3217e63e792ed085bd95791cb5
real_biosensor,heldout_replicate,2,plate|construct|dose_mM,construct,plate,construct=NativeYap1,plate=20260803|construct=NativeYap1|dose_mM=0,NativeYap1,,20260803,0.0,20260803,train,3,20260722,327bd2afe062a71bd6c4da2c55ac93ee8decde3217e63e792ed085bd95791cb5
real_biosensor,heldout_replicate,2,plate|construct|dose_mM,construct,plate,construct=NativeYap1,plate=20260803|construct=NativeYap1|dose_mM=0,NativeYap1,,20260803,0.0,20260803,train,3,20260722,327bd2afe062a71bd6c4da2c55ac93ee8decde3217e63e792ed085bd95791cb5
real_biosensor,heldout_replicate,2,plate|construct|dose_mM,construct,plate,construct=NativeYap1,plate=20260803|construct=NativeYap1|dose_mM=0.1,NativeYap1,,20260803,0.1,20260803,train,3,20260722,327bd2afe062a71bd6c4da2c55ac93ee8decde3217e63e792ed085bd95791cb5
real_biosensor,heldout_replicate,2,plate|construct|dose_mM,construct,plate,construct=NativeYap1,plate=20260803|construct=NativeYap1|dose_mM=0.1,NativeYap1,,20260803,0.1,20260803,train,3,20260722,327bd2afe062a71bd6c4da2c55ac93ee8decde3217e63e792ed085bd95791cb5
real_biosensor,heldout_replicate,2,plate|construct|dose_mM,construct,plate,construct=NativeYap1,plate=20260803|construct=NativeYap1|dose_mM=0.2,NativeYap1,,20260803,0.2,20260803,train,3,20260722,327bd2afe062a71bd6c4da2c55ac93ee8decde3217e63e792ed085bd95791cb5
real_biosensor,heldout_replicate,2,plate|construct|dose_mM,construct,plate,construct=NativeYap1,plate=20260803|construct=NativeYap1|dose_mM=0.2,NativeYap1,,20260803,0.2,20260803,train,3,20260722,327bd2afe062a71bd6c4da2c55ac93ee8decde3217e63e792ed085bd95791cb5
real_biosensor,heldout_replicate,2,plate|construct|dose_mM,construct,plate,construct=NativeYap1,plate=20260803|construct=NativeYap1|dose_mM=0.5,NativeYap1,,20260803,0.5,20260803,train,3,20260722,327bd2afe062a71bd6c4da2c55ac93ee8decde3217e63e792ed085bd95791cb5
real_biosensor,heldout_replicate,2,plate|construct|dose_mM,construct,plate,construct=NativeYap1,plate=20260803|construct=NativeYap1|dose_mM=0.5,NativeYap1,,20260803,0.5,20260803,train,3,20260722,327bd2afe062a71bd6c4da2c55ac93ee8decde3217e63e792ed085bd95791cb5
real_biosensor,heldout_replicate,2,plate|construct|dose_mM,construct,plate,construct=NativeYap1,plate=20260803|construct=NativeYap1|dose_mM=1,NativeYap1,,20260803,1.0,20260803,train,3,20260722,327bd2afe062a71bd6c4da2c55ac93ee8decde3217e63e792ed085bd95791cb5
real_biosensor,heldout_replicate,2,plate|construct|dose_mM,construct,plate,construct=NativeYap1,plate=20260803|construct=NativeYap1|dose_mM=1,NativeYap1,,20260803,1.0,20260803,train,3,20260722,327bd2afe062a71bd6c4da2c55ac93ee8decde3217e63e792ed085bd95791cb5
real_biosensor,heldout_replicate,2,plate|construct|dose_mM,construct,plate,construct=NativeYap1,plate=20260803|construct=NativeYap1|dose_mM=2,NativeYap1,,20260803,2.0,20260803,train,3,20260722,327bd2afe062a71bd6c4da2c55ac93ee8decde3217e63e792ed085bd95791cb5
real_biosensor,heldout_replicate,2,plate|construct|dose_mM,construct,plate,construct=NativeYap1,plate=20260803|construct=NativeYap1|dose_mM=2,NativeYap1,,20260803,2.0,20260803,train,3,20260722,327bd2afe062a71bd6c4da2c55ac93ee8decde3217e63e792ed085bd95791cb5
real_biosensor,heldout_replicate,2,plate|construct|dose_mM,construct,plate,construct=NativeYap1,plate=20260803|construct=NativeYap1|dose_mM=4,NativeYap1,,20260803,4.0,20260803,train,3,20260722,327bd2afe062a71bd6c4da2c55ac93ee8decde3217e63e792ed085bd95791cb5
real_biosensor,heldout_replicate,2,plate|construct|dose_mM,construct,plate,construct=NativeYap1,plate=20260803|construct=NativeYap1|dose_mM=4,NativeYap1,,20260803,4.0,20260803,train,3,20260722,327bd2afe062a71bd6c4da2c55ac93ee8decde3217e63e792ed085bd95791cb5
real_biosensor,heldout_replicate,2,plate|construct|dose_mM,construct,plate,construct=NativeYap1,plate=20260804|construct=NativeYap1|dose_mM=0,NativeYap1,,20260804,0.0,20260804,train,3,20260722,327bd2afe062a71bd6c4da2c55ac93ee8decde3217e63e792ed085bd95791cb5
real_biosensor,heldout_replicate,2,plate|construct|dose_mM,construct,plate,construct=NativeYap1,plate=20260804|construct=NativeYap1|dose_mM=0,NativeYap1,,20260804,0.0,20260804,train,3,20260722,327bd2afe062a71bd6c4da2c55ac93ee8decde3217e63e792ed085bd95791cb5
real_biosensor,heldout_replicate,2,plate|construct|dose_mM,construct,plate,construct=NativeYap1,plate=20260804|construct=NativeYap1|dose_mM=0.1,NativeYap1,,20260804,0.1,20260804,train,3,20260722,327bd2afe062a71bd6c4da2c55ac93ee8decde3217e63e792ed085bd95791cb5
real_biosensor,heldout_replicate,2,plate|construct|dose_mM,construct,plate,construct=NativeYap1,plate=20260804|construct=NativeYap1|dose_mM=0.1,NativeYap1,,20260804,0.1,20260804,train,3,20260722,327bd2afe062a71bd6c4da2c55ac93ee8decde3217e63e792ed085bd95791cb5
real_biosensor,heldout_replicate,2,plate|construct|dose_mM,construct,plate,construct=NativeYap1,plate=20260804|construct=NativeYap1|dose_mM=0.2,NativeYap1,,20260804,0.2,20260804,train,3,20260722,327bd2afe062a71bd6c4da2c55ac93ee8decde3217e63e792ed085bd95791cb5
real_biosensor,heldout_replicate,2,plate|construct|dose_mM,construct,plate,construct=NativeYap1,plate=20260804|construct=NativeYap1|dose_mM=0.2,NativeYap1,,20260804,0.2,20260804,train,3,20260722,327bd2afe062a71bd6c4da2c55ac93ee8decde3217e63e792ed085bd95791cb5
real_biosensor,heldout_replicate,2,plate|construct|dose_mM,construct,plate,construct=NativeYap1,plate=20260804|construct=NativeYap1|dose_mM=0.5,NativeYap1,,20260804,0.5,20260804,train,3,20260722,327bd2afe062a71bd6c4da2c55ac93ee8decde3217e63e792ed085bd95791cb5
real_biosensor,heldout_replicate,2,plate|construct|dose_mM,construct,plate,construct=NativeYap1,plate=20260804|construct=NativeYap1|dose_mM=0.5,NativeYap1,,20260804,0.5,20260804,train,3,20260722,327bd2afe062a71bd6c4da2c55ac93ee8decde3217e63e792ed085bd95791cb5
real_biosensor,heldout_replicate,2,plate|construct|dose_mM,construct,plate,construct=NativeYap1,plate=20260804|construct=NativeYap1|dose_mM=1,NativeYap1,,20260804,1.0,20260804,train,3,20260722,327bd2afe062a71bd6c4da2c55ac93ee8decde3217e63e792ed085bd95791cb5
real_biosensor,heldout_replicate,2,plate|construct|dose_mM,construct,plate,construct=NativeYap1,plate=20260804|construct=NativeYap1|dose_mM=1,NativeYap1,,20260804,1.0,20260804,train,3,20260722,327bd2afe062a71bd6c4da2c55ac93ee8decde3217e63e792ed085bd95791cb5
real_biosensor,heldout_replicate,2,plate|construct|dose_mM,construct,plate,construct=NativeYap1,plate=20260804|construct=NativeYap1|dose_mM=2,NativeYap1,,20260804,2.0,20260804,train,3,20260722,327bd2afe062a71bd6c4da2c55ac93ee8decde3217e63e792ed085bd95791cb5
real_biosensor,heldout_replicate,2,plate|construct|dose_mM,construct,plate,construct=NativeYap1,plate=20260804|construct=NativeYap1|dose_mM=2,NativeYap1,,20260804,2.0,20260804,train,3,20260722,327bd2afe062a71bd6c4da2c55ac93ee8decde3217e63e792ed085bd95791cb5
real_biosensor,heldout_replicate,2,plate|construct|dose_mM,construct,plate,construct=NativeYap1,plate=20260804|construct=NativeYap1|dose_mM=4,NativeYap1,,20260804,4.0,20260804,train,3,20260722,327bd2afe062a71bd6c4da2c55ac93ee8decde3217e63e792ed085bd95791cb5
real_biosensor,heldout_replicate,2,plate|construct|dose_mM,construct,plate,construct=NativeYap1,plate=20260804|construct=NativeYap1|dose_mM=4,NativeYap1,,20260804,4.0,20260804,train,3,20260722,327bd2afe062a71bd6c4da2c55ac93ee8decde3217e63e792ed085bd95791cb5
real_biosensor,heldout_replicate,2,plate|construct|dose_mM,construct,plate,construct=UPRE1,plate=20260804|construct=UPRE1|dose_mM=0,UPRE1,,20260804,0.0,20260804,test,3,20260804,327bd2afe062a71bd6c4da2c55ac93ee8decde3217e63e792ed085bd95791cb5
real_biosensor,heldout_replicate,2,plate|construct|dose_mM,construct,plate,construct=UPRE1,plate=20260804|construct=UPRE1|dose_mM=0,UPRE1,,20260804,0.0,20260804,test,3,20260804,327bd2afe062a71bd6c4da2c55ac93ee8decde3217e63e792ed085bd95791cb5
real_biosensor,heldout_replicate,2,plate|construct|dose_mM,construct,plate,construct=UPRE1,plate=20260804|construct=UPRE1|dose_mM=0.1,UPRE1,,20260804,0.1,20260804,test,3,20260804,327bd2afe062a71bd6c4da2c55ac93ee8decde3217e63e792ed085bd95791cb5
real_biosensor,heldout_replicate,2,plate|construct|dose_mM,construct,plate,construct=UPRE1,plate=20260804|construct=UPRE1|dose_mM=0.1,UPRE1,,20260804,0.1,20260804,test,3,20260804,327bd2afe062a71bd6c4da2c55ac93ee8decde3217e63e792ed085bd95791cb5
real_biosensor,heldout_replicate,2,plate|construct|dose_mM,construct,plate,construct=UPRE1,plate=20260804|construct=UPRE1|dose_mM=0.2,UPRE1,,20260804,0.2,20260804,test,3,20260804,327bd2afe062a71bd6c4da2c55ac93ee8decde3217e63e792ed085bd95791cb5
real_biosensor,heldout_replicate,2,plate|construct|dose_mM,construct,plate,construct=UPRE1,plate=20260804|construct=UPRE1|dose_mM=0.2,UPRE1,,20260804,0.2,20260804,test,3,20260804,327bd2afe062a71bd6c4da2c55ac93ee8decde3217e63e792ed085bd95791cb5
real_biosensor,heldout_replicate,2,plate|construct|dose_mM,construct,plate,construct=UPRE1,plate=20260804|construct=UPRE1|dose_mM=0.5,UPRE1,,20260804,0.5,20260804,test,3,20260804,327bd2afe062a71bd6c4da2c55ac93ee8decde3217e63e792ed085bd95791cb5
real_biosensor,heldout_replicate,2,plate|construct|dose_mM,construct,plate,construct=UPRE1,plate=20260804|construct=UPRE1|dose_mM=0.5,UPRE1,,20260804,0.5,20260804,test,3,20260804,327bd2afe062a71bd6c4da2c55ac93ee8decde3217e63e792ed085bd95791cb5
real_biosensor,heldout_replicate,2,plate|construct|dose_mM,construct,plate,construct=UPRE1,plate=20260804|construct=UPRE1|dose_mM=1,UPRE1,,20260804,1.0,20260804,test,3,20260804,327bd2afe062a71bd6c4da2c55ac93ee8decde3217e63e792ed085bd95791cb5
real_biosensor,heldout_replicate,2,plate|construct|dose_mM,construct,plate,construct=UPRE1,plate=20260804|construct=UPRE1|dose_mM=1,UPRE1,,20260804,1.0,20260804,test,3,20260804,327bd2afe062a71bd6c4da2c55ac93ee8decde3217e63e792ed085bd95791cb5
real_biosensor,heldout_replicate,2,plate|construct|dose_mM,construct,plate,construct=UPRE1,plate=20260804|construct=UPRE1|dose_mM=2,UPRE1,,20260804,2.0,20260804,test,3,20260804,327bd2afe062a71bd6c4da2c55ac93ee8decde3217e63e792ed085bd95791cb5
real_biosensor,heldout_replicate,2,plate|construct|dose_mM,construct,plate,construct=UPRE1,plate=20260804|construct=UPRE1|dose_mM=2,UPRE1,,20260804,2.0,20260804,test,3,20260804,327bd2afe062a71bd6c4da2c55ac93ee8decde3217e63e792ed085bd95791cb5
real_biosensor,heldout_replicate,2,plate|construct|dose_mM,construct,plate,construct=UPRE1,plate=20260804|construct=UPRE1|dose_mM=5,UPRE1,,20260804,5.0,20260804,test,3,20260804,327bd2afe062a71bd6c4da2c55ac93ee8decde3217e63e792ed085bd95791cb5
real_biosensor,heldout_replicate,2,plate|construct|dose_mM,construct,plate,construct=UPRE1,plate=20260804|construct=UPRE1|dose_mM=5,UPRE1,,20260804,5.0,20260804,test,3,20260804,327bd2afe062a71bd6c4da2c55ac93ee8decde3217e63e792ed085bd95791cb5
real_biosensor,heldout_replicate,2,plate|construct|dose_mM,construct,plate,construct=UPRE1,plate=20260722|construct=UPRE1|dose_mM=0,UPRE1,,20260722,0.0,20260722,train,3,20260804,327bd2afe062a71bd6c4da2c55ac93ee8decde3217e63e792ed085bd95791cb5
real_biosensor,heldout_replicate,2,plate|construct|dose_mM,construct,plate,construct=UPRE1,plate=20260722|construct=UPRE1|dose_mM=0,UPRE1,,20260722,0.0,20260722,train,3,20260804,327bd2afe062a71bd6c4da2c55ac93ee8decde3217e63e792ed085bd95791cb5
real_biosensor,heldout_replicate,2,plate|construct|dose_mM,construct,plate,construct=UPRE1,plate=20260722|construct=UPRE1|dose_mM=0.1,UPRE1,,20260722,0.1,20260722,train,3,20260804,327bd2afe062a71bd6c4da2c55ac93ee8decde3217e63e792ed085bd95791cb5
real_biosensor,heldout_replicate,2,plate|construct|dose_mM,construct,plate,construct=UPRE1,plate=20260722|construct=UPRE1|dose_mM=0.1,UPRE1,,20260722,0.1,20260722,train,3,20260804,327bd2afe062a71bd6c4da2c55ac93ee8decde3217e63e792ed085bd95791cb5
real_biosensor,heldout_replicate,2,plate|construct|dose_mM,construct,plate,construct=UPRE1,plate=20260722|construct=UPRE1|dose_mM=0.2,UPRE1,,20260722,0.2,20260722,train,3,20260804,327bd2afe062a71bd6c4da2c55ac93ee8decde3217e63e792ed085bd95791cb5
real_biosensor,heldout_replicate,2,plate|construct|dose_mM,construct,plate,construct=UPRE1,plate=20260722|construct=UPRE1|dose_mM=0.2,UPRE1,,20260722,0.2,20260722,train,3,20260804,327bd2afe062a71bd6c4da2c55ac93ee8decde3217e63e792ed085bd95791cb5
real_biosensor,heldout_replicate,2,plate|construct|dose_mM,construct,plate,construct=UPRE1,plate=20260722|construct=UPRE1|dose_mM=0.5,UPRE1,,20260722,0.5,20260722,train,3,20260804,327bd2afe062a71bd6c4da2c55ac93ee8decde3217e63e792ed085bd95791cb5
real_biosensor,heldout_replicate,2,plate|construct|dose_mM,construct,plate,construct=UPRE1,plate=20260722|construct=UPRE1|dose_mM=0.5,UPRE1,,20260722,0.5,20260722,train,3,20260804,327bd2afe062a71bd6c4da2c55ac93ee8decde3217e63e792ed085bd95791cb5
real_biosensor,heldout_replicate,2,plate|construct|dose_mM,construct,plate,construct=UPRE1,plate=20260722|construct=UPRE1|dose_mM=1,UPRE1,,20260722,1.0,20260722,train,3,20260804,327bd2afe062a71bd6c4da2c55ac93ee8decde3217e63e792ed085bd95791cb5
real_biosensor,heldout_replicate,2,plate|construct|dose_mM,construct,plate,construct=UPRE1,plate=20260722|construct=UPRE1|dose_mM=1,UPRE1,,20260722,1.0,20260722,train,3,20260804,327bd2afe062a71bd6c4da2c55ac93ee8decde3217e63e792ed085bd95791cb5
real_biosensor,heldout_replicate,2,plate|construct|dose_mM,construct,plate,construct=UPRE1,plate=20260722|construct=UPRE1|dose_mM=2,UPRE1,,20260722,2.0,20260722,train,3,20260804,327bd2afe062a71bd6c4da2c55ac93ee8decde3217e63e792ed085bd95791cb5
real_biosensor,heldout_replicate,2,plate|construct|dose_mM,construct,plate,construct=UPRE1,plate=20260722|construct=UPRE1|dose_mM=2,UPRE1,,20260722,2.0,20260722,train,3,20260804,327bd2afe062a71bd6c4da2c55ac93ee8decde3217e63e792ed085bd95791cb5
real_biosensor,heldout_replicate,2,plate|construct|dose_mM,construct,plate,construct=UPRE1,plate=20260722|construct=UPRE1|dose_mM=5,UPRE1,,20260722,5.0,20260722,train,3,20260804,327bd2afe062a71bd6c4da2c55ac93ee8decde3217e63e792ed085bd95791cb5
real_biosensor,heldout_replicate,2,plate|construct|dose_mM,construct,plate,construct=UPRE1,plate=20260722|construct=UPRE1|dose_mM=5,UPRE1,,20260722,5.0,20260722,train,3,20260804,327bd2afe062a71bd6c4da2c55ac93ee8decde3217e63e792ed085bd95791cb5
real_biosensor,heldout_replicate,2,plate|construct|dose_mM,construct,plate,construct=UPRE1,plate=20260728|construct=UPRE1|dose_mM=0,UPRE1,,20260728,0.0,20260728,train,3,20260804,327bd2afe062a71bd6c4da2c55ac93ee8decde3217e63e792ed085bd95791cb5
real_biosensor,heldout_replicate,2,plate|construct|dose_mM,construct,plate,construct=UPRE1,plate=20260728|construct=UPRE1|dose_mM=0,UPRE1,,20260728,0.0,20260728,train,3,20260804,327bd2afe062a71bd6c4da2c55ac93ee8decde3217e63e792ed085bd95791cb5
real_biosensor,heldout_replicate,2,plate|construct|dose_mM,construct,plate,construct=UPRE1,plate=20260728|construct=UPRE1|dose_mM=0.1,UPRE1,,20260728,0.1,20260728,train,3,20260804,327bd2afe062a71bd6c4da2c55ac93ee8decde3217e63e792ed085bd95791cb5
real_biosensor,heldout_replicate,2,plate|construct|dose_mM,construct,plate,construct=UPRE1,plate=20260728|construct=UPRE1|dose_mM=0.1,UPRE1,,20260728,0.1,20260728,train,3,20260804,327bd2afe062a71bd6c4da2c55ac93ee8decde3217e63e792ed085bd95791cb5
real_biosensor,heldout_replicate,2,plate|construct|dose_mM,construct,plate,construct=UPRE1,plate=20260728|construct=UPRE1|dose_mM=0.2,UPRE1,,20260728,0.2,20260728,train,3,20260804,327bd2afe062a71bd6c4da2c55ac93ee8decde3217e63e792ed085bd95791cb5
real_biosensor,heldout_replicate,2,plate|construct|dose_mM,construct,plate,construct=UPRE1,plate=20260728|construct=UPRE1|dose_mM=0.2,UPRE1,,20260728,0.2,20260728,train,3,20260804,327bd2afe062a71bd6c4da2c55ac93ee8decde3217e63e792ed085bd95791cb5
real_biosensor,heldout_replicate,2,plate|construct|dose_mM,construct,plate,construct=UPRE1,plate=20260728|construct=UPRE1|dose_mM=0.5,UPRE1,,20260728,0.5,20260728,train,3,20260804,327bd2afe062a71bd6c4da2c55ac93ee8decde3217e63e792ed085bd95791cb5
real_biosensor,heldout_replicate,2,plate|construct|dose_mM,construct,plate,construct=UPRE1,plate=20260728|construct=UPRE1|dose_mM=0.5,UPRE1,,20260728,0.5,20260728,train,3,20260804,327bd2afe062a71bd6c4da2c55ac93ee8decde3217e63e792ed085bd95791cb5
real_biosensor,heldout_replicate,2,plate|construct|dose_mM,construct,plate,construct=UPRE1,plate=20260728|construct=UPRE1|dose_mM=1,UPRE1,,20260728,1.0,20260728,train,3,20260804,327bd2afe062a71bd6c4da2c55ac93ee8decde3217e63e792ed085bd95791cb5
real_biosensor,heldout_replicate,2,plate|construct|dose_mM,construct,plate,construct=UPRE1,plate=20260728|construct=UPRE1|dose_mM=1,UPRE1,,20260728,1.0,20260728,train,3,20260804,327bd2afe062a71bd6c4da2c55ac93ee8decde3217e63e792ed085bd95791cb5
real_biosensor,heldout_replicate,2,plate|construct|dose_mM,construct,plate,construct=UPRE1,plate=20260728|construct=UPRE1|dose_mM=2,UPRE1,,20260728,2.0,20260728,train,3,20260804,327bd2afe062a71bd6c4da2c55ac93ee8decde3217e63e792ed085bd95791cb5
real_biosensor,heldout_replicate,2,plate|construct|dose_mM,construct,plate,construct=UPRE1,plate=20260728|construct=UPRE1|dose_mM=2,UPRE1,,20260728,2.0,20260728,train,3,20260804,327bd2afe062a71bd6c4da2c55ac93ee8decde3217e63e792ed085bd95791cb5
real_biosensor,heldout_replicate,2,plate|construct|dose_mM,construct,plate,construct=UPRE1,plate=20260728|construct=UPRE1|dose_mM=5,UPRE1,,20260728,5.0,20260728,train,3,20260804,327bd2afe062a71bd6c4da2c55ac93ee8decde3217e63e792ed085bd95791cb5
real_biosensor,heldout_replicate,2,plate|construct|dose_mM,construct,plate,construct=UPRE1,plate=20260728|construct=UPRE1|dose_mM=5,UPRE1,,20260728,5.0,20260728,train,3,20260804,327bd2afe062a71bd6c4da2c55ac93ee8decde3217e63e792ed085bd95791cb5
real_biosensor,heldout_replicate,2,plate|construct|dose_mM,construct,plate,construct=UPRE1,plate=20260803|construct=UPRE1|dose_mM=0,UPRE1,,20260803,0.0,20260803,train,3,20260804,327bd2afe062a71bd6c4da2c55ac93ee8decde3217e63e792ed085bd95791cb5
real_biosensor,heldout_replicate,2,plate|construct|dose_mM,construct,plate,construct=UPRE1,plate=20260803|construct=UPRE1|dose_mM=0,UPRE1,,20260803,0.0,20260803,train,3,20260804,327bd2afe062a71bd6c4da2c55ac93ee8decde3217e63e792ed085bd95791cb5
real_biosensor,heldout_replicate,2,plate|construct|dose_mM,construct,plate,construct=UPRE1,plate=20260803|construct=UPRE1|dose_mM=0.1,UPRE1,,20260803,0.1,20260803,train,3,20260804,327bd2afe062a71bd6c4da2c55ac93ee8decde3217e63e792ed085bd95791cb5
real_biosensor,heldout_replicate,2,plate|construct|dose_mM,construct,plate,construct=UPRE1,plate=20260803|construct=UPRE1|dose_mM=0.1,UPRE1,,20260803,0.1,20260803,train,3,20260804,327bd2afe062a71bd6c4da2c55ac93ee8decde3217e63e792ed085bd95791cb5
real_biosensor,heldout_replicate,2,plate|construct|dose_mM,construct,plate,construct=UPRE1,plate=20260803|construct=UPRE1|dose_mM=0.2,UPRE1,,20260803,0.2,20260803,train,3,20260804,327bd2afe062a71bd6c4da2c55ac93ee8decde3217e63e792ed085bd95791cb5
real_biosensor,heldout_replicate,2,plate|construct|dose_mM,construct,plate,construct=UPRE1,plate=20260803|construct=UPRE1|dose_mM=0.2,UPRE1,,20260803,0.2,20260803,train,3,20260804,327bd2afe062a71bd6c4da2c55ac93ee8decde3217e63e792ed085bd95791cb5
real_biosensor,heldout_replicate,2,plate|construct|dose_mM,construct,plate,construct=UPRE1,plate=20260803|construct=UPRE1|dose_mM=0.5,UPRE1,,20260803,0.5,20260803,train,3,20260804,327bd2afe062a71bd6c4da2c55ac93ee8decde3217e63e792ed085bd95791cb5
real_biosensor,heldout_replicate,2,plate|construct|dose_mM,construct,plate,construct=UPRE1,plate=20260803|construct=UPRE1|dose_mM=0.5,UPRE1,,20260803,0.5,20260803,train,3,20260804,327bd2afe062a71bd6c4da2c55ac93ee8decde3217e63e792ed085bd95791cb5
real_biosensor,heldout_replicate,2,plate|construct|dose_mM,construct,plate,construct=UPRE1,plate=20260803|construct=UPRE1|dose_mM=1,UPRE1,,20260803,1.0,20260803,train,3,20260804,327bd2afe062a71bd6c4da2c55ac93ee8decde3217e63e792ed085bd95791cb5
real_biosensor,heldout_replicate,2,plate|construct|dose_mM,construct,plate,construct=UPRE1,plate=20260803|construct=UPRE1|dose_mM=1,UPRE1,,20260803,1.0,20260803,train,3,20260804,327bd2afe062a71bd6c4da2c55ac93ee8decde3217e63e792ed085bd95791cb5
real_biosensor,heldout_replicate,2,plate|construct|dose_mM,construct,plate,construct=UPRE1,plate=20260803|construct=UPRE1|dose_mM=2,UPRE1,,20260803,2.0,20260803,train,3,20260804,327bd2afe062a71bd6c4da2c55ac93ee8decde3217e63e792ed085bd95791cb5
real_biosensor,heldout_replicate,2,plate|construct|dose_mM,construct,plate,construct=UPRE1,plate=20260803|construct=UPRE1|dose_mM=2,UPRE1,,20260803,2.0,20260803,train,3,20260804,327bd2afe062a71bd6c4da2c55ac93ee8decde3217e63e792ed085bd95791cb5
real_biosensor,heldout_replicate,2,plate|construct|dose_mM,construct,plate,construct=UPRE1,plate=20260803|construct=UPRE1|dose_mM=5,UPRE1,,20260803,5.0,20260803,train,3,20260804,327bd2afe062a71bd6c4da2c55ac93ee8decde3217e63e792ed085bd95791cb5
real_biosensor,heldout_replicate,2,plate|construct|dose_mM,construct,plate,construct=UPRE1,plate=20260803|construct=UPRE1|dose_mM=5,UPRE1,,20260803,5.0,20260803,train,3,20260804,327bd2afe062a71bd6c4da2c55ac93ee8decde3217e63e792ed085bd95791cb5
real_biosensor,heldout_replicate,2,plate|construct|dose_mM,construct,plate,construct=UPRE2,plate=20260804|construct=UPRE2|dose_mM=0,UPRE2,,20260804,0.0,20260804,test,3,20260804,327bd2afe062a71bd6c4da2c55ac93ee8decde3217e63e792ed085bd95791cb5
real_biosensor,heldout_replicate,2,plate|construct|dose_mM,construct,plate,construct=UPRE2,plate=20260804|construct=UPRE2|dose_mM=0,UPRE2,,20260804,0.0,20260804,test,3,20260804,327bd2afe062a71bd6c4da2c55ac93ee8decde3217e63e792ed085bd95791cb5
real_biosensor,heldout_replicate,2,plate|construct|dose_mM,construct,plate,construct=UPRE2,plate=20260804|construct=UPRE2|dose_mM=0.1,UPRE2,,20260804,0.1,20260804,test,3,20260804,327bd2afe062a71bd6c4da2c55ac93ee8decde3217e63e792ed085bd95791cb5
real_biosensor,heldout_replicate,2,plate|construct|dose_mM,construct,plate,construct=UPRE2,plate=20260804|construct=UPRE2|dose_mM=0.1,UPRE2,,20260804,0.1,20260804,test,3,20260804,327bd2afe062a71bd6c4da2c55ac93ee8decde3217e63e792ed085bd95791cb5
real_biosensor,heldout_replicate,2,plate|construct|dose_mM,construct,plate,construct=UPRE2,plate=20260804|construct=UPRE2|dose_mM=0.2,UPRE2,,20260804,0.2,20260804,test,3,20260804,327bd2afe062a71bd6c4da2c55ac93ee8decde3217e63e792ed085bd95791cb5
real_biosensor,heldout_replicate,2,plate|construct|dose_mM,construct,plate,construct=UPRE2,plate=20260804|construct=UPRE2|dose_mM=0.2,UPRE2,,20260804,0.2,20260804,test,3,20260804,327bd2afe062a71bd6c4da2c55ac93ee8decde3217e63e792ed085bd95791cb5
real_biosensor,heldout_replicate,2,plate|construct|dose_mM,construct,plate,construct=UPRE2,plate=20260804|construct=UPRE2|dose_mM=0.5,UPRE2,,20260804,0.5,20260804,test,3,20260804,327bd2afe062a71bd6c4da2c55ac93ee8decde3217e63e792ed085bd95791cb5
real_biosensor,heldout_replicate,2,plate|construct|dose_mM,construct,plate,construct=UPRE2,plate=20260804|construct=UPRE2|dose_mM=0.5,UPRE2,,20260804,0.5,20260804,test,3,20260804,327bd2afe062a71bd6c4da2c55ac93ee8decde3217e63e792ed085bd95791cb5
real_biosensor,heldout_replicate,2,plate|construct|dose_mM,construct,plate,construct=UPRE2,plate=20260804|construct=UPRE2|dose_mM=1,UPRE2,,20260804,1.0,20260804,test,3,20260804,327bd2afe062a71bd6c4da2c55ac93ee8decde3217e63e792ed085bd95791cb5
real_biosensor,heldout_replicate,2,plate|construct|dose_mM,construct,plate,construct=UPRE2,plate=20260804|construct=UPRE2|dose_mM=1,UPRE2,,20260804,1.0,20260804,test,3,20260804,327bd2afe062a71bd6c4da2c55ac93ee8decde3217e63e792ed085bd95791cb5
real_biosensor,heldout_replicate,2,plate|construct|dose_mM,construct,plate,construct=UPRE2,plate=20260804|construct=UPRE2|dose_mM=2,UPRE2,,20260804,2.0,20260804,test,3,20260804,327bd2afe062a71bd6c4da2c55ac93ee8decde3217e63e792ed085bd95791cb5
real_biosensor,heldout_replicate,2,plate|construct|dose_mM,construct,plate,construct=UPRE2,plate=20260804|construct=UPRE2|dose_mM=2,UPRE2,,20260804,2.0,20260804,test,3,20260804,327bd2afe062a71bd6c4da2c55ac93ee8decde3217e63e792ed085bd95791cb5
real_biosensor,heldout_replicate,2,plate|construct|dose_mM,construct,plate,construct=UPRE2,plate=20260804|construct=UPRE2|dose_mM=5,UPRE2,,20260804,5.0,20260804,test,3,20260804,327bd2afe062a71bd6c4da2c55ac93ee8decde3217e63e792ed085bd95791cb5
real_biosensor,heldout_replicate,2,plate|construct|dose_mM,construct,plate,construct=UPRE2,plate=20260804|construct=UPRE2|dose_mM=5,UPRE2,,20260804,5.0,20260804,test,3,20260804,327bd2afe062a71bd6c4da2c55ac93ee8decde3217e63e792ed085bd95791cb5
real_biosensor,heldout_replicate,2,plate|construct|dose_mM,construct,plate,construct=UPRE2,plate=20260722|construct=UPRE2|dose_mM=0,UPRE2,,20260722,0.0,20260722,train,3,20260804,327bd2afe062a71bd6c4da2c55ac93ee8decde3217e63e792ed085bd95791cb5
real_biosensor,heldout_replicate,2,plate|construct|dose_mM,construct,plate,construct=UPRE2,plate=20260722|construct=UPRE2|dose_mM=0,UPRE2,,20260722,0.0,20260722,train,3,20260804,327bd2afe062a71bd6c4da2c55ac93ee8decde3217e63e792ed085bd95791cb5
real_biosensor,heldout_replicate,2,plate|construct|dose_mM,construct,plate,construct=UPRE2,plate=20260722|construct=UPRE2|dose_mM=0.1,UPRE2,,20260722,0.1,20260722,train,3,20260804,327bd2afe062a71bd6c4da2c55ac93ee8decde3217e63e792ed085bd95791cb5
real_biosensor,heldout_replicate,2,plate|construct|dose_mM,construct,plate,construct=UPRE2,plate=20260722|construct=UPRE2|dose_mM=0.1,UPRE2,,20260722,0.1,20260722,train,3,20260804,327bd2afe062a71bd6c4da2c55ac93ee8decde3217e63e792ed085bd95791cb5
real_biosensor,heldout_replicate,2,plate|construct|dose_mM,construct,plate,construct=UPRE2,plate=20260722|construct=UPRE2|dose_mM=0.2,UPRE2,,20260722,0.2,20260722,train,3,20260804,327bd2afe062a71bd6c4da2c55ac93ee8decde3217e63e792ed085bd95791cb5
real_biosensor,heldout_replicate,2,plate|construct|dose_mM,construct,plate,construct=UPRE2,plate=20260722|construct=UPRE2|dose_mM=0.2,UPRE2,,20260722,0.2,20260722,train,3,20260804,327bd2afe062a71bd6c4da2c55ac93ee8decde3217e63e792ed085bd95791cb5
real_biosensor,heldout_replicate,2,plate|construct|dose_mM,construct,plate,construct=UPRE2,plate=20260722|construct=UPRE2|dose_mM=0.5,UPRE2,,20260722,0.5,20260722,train,3,20260804,327bd2afe062a71bd6c4da2c55ac93ee8decde3217e63e792ed085bd95791cb5
real_biosensor,heldout_replicate,2,plate|construct|dose_mM,construct,plate,construct=UPRE2,plate=20260722|construct=UPRE2|dose_mM=0.5,UPRE2,,20260722,0.5,20260722,train,3,20260804,327bd2afe062a71bd6c4da2c55ac93ee8decde3217e63e792ed085bd95791cb5
real_biosensor,heldout_replicate,2,plate|construct|dose_mM,construct,plate,construct=UPRE2,plate=20260722|construct=UPRE2|dose_mM=1,UPRE2,,20260722,1.0,20260722,train,3,20260804,327bd2afe062a71bd6c4da2c55ac93ee8decde3217e63e792ed085bd95791cb5
real_biosensor,heldout_replicate,2,plate|construct|dose_mM,construct,plate,construct=UPRE2,plate=20260722|construct=UPRE2|dose_mM=1,UPRE2,,20260722,1.0,20260722,train,3,20260804,327bd2afe062a71bd6c4da2c55ac93ee8decde3217e63e792ed085bd95791cb5
real_biosensor,heldout_replicate,2,plate|construct|dose_mM,construct,plate,construct=UPRE2,plate=20260722|construct=UPRE2|dose_mM=2,UPRE2,,20260722,2.0,20260722,train,3,20260804,327bd2afe062a71bd6c4da2c55ac93ee8decde3217e63e792ed085bd95791cb5
real_biosensor,heldout_replicate,2,plate|construct|dose_mM,construct,plate,construct=UPRE2,plate=20260722|construct=UPRE2|dose_mM=2,UPRE2,,20260722,2.0,20260722,train,3,20260804,327bd2afe062a71bd6c4da2c55ac93ee8decde3217e63e792ed085bd95791cb5
real_biosensor,heldout_replicate,2,plate|construct|dose_mM,construct,plate,construct=UPRE2,plate=20260722|construct=UPRE2|dose_mM=5,UPRE2,,20260722,5.0,20260722,train,3,20260804,327bd2afe062a71bd6c4da2c55ac93ee8decde3217e63e792ed085bd95791cb5
real_biosensor,heldout_replicate,2,plate|construct|dose_mM,construct,plate,construct=UPRE2,plate=20260722|construct=UPRE2|dose_mM=5,UPRE2,,20260722,5.0,20260722,train,3,20260804,327bd2afe062a71bd6c4da2c55ac93ee8decde3217e63e792ed085bd95791cb5
real_biosensor,heldout_replicate,2,plate|construct|dose_mM,construct,plate,construct=UPRE2,plate=20260728|construct=UPRE2|dose_mM=0,UPRE2,,20260728,0.0,20260728,train,3,20260804,327bd2afe062a71bd6c4da2c55ac93ee8decde3217e63e792ed085bd95791cb5
real_biosensor,heldout_replicate,2,plate|construct|dose_mM,construct,plate,construct=UPRE2,plate=20260728|construct=UPRE2|dose_mM=0,UPRE2,,20260728,0.0,20260728,train,3,20260804,327bd2afe062a71bd6c4da2c55ac93ee8decde3217e63e792ed085bd95791cb5
real_biosensor,heldout_replicate,2,plate|construct|dose_mM,construct,plate,construct=UPRE2,plate=20260728|construct=UPRE2|dose_mM=0.1,UPRE2,,20260728,0.1,20260728,train,3,20260804,327bd2afe062a71bd6c4da2c55ac93ee8decde3217e63e792ed085bd95791cb5
real_biosensor,heldout_replicate,2,plate|construct|dose_mM,construct,plate,construct=UPRE2,plate=20260728|construct=UPRE2|dose_mM=0.1,UPRE2,,20260728,0.1,20260728,train,3,20260804,327bd2afe062a71bd6c4da2c55ac93ee8decde3217e63e792ed085bd95791cb5
real_biosensor,heldout_replicate,2,plate|construct|dose_mM,construct,plate,construct=UPRE2,plate=20260728|construct=UPRE2|dose_mM=0.2,UPRE2,,20260728,0.2,20260728,train,3,20260804,327bd2afe062a71bd6c4da2c55ac93ee8decde3217e63e792ed085bd95791cb5
real_biosensor,heldout_replicate,2,plate|construct|dose_mM,construct,plate,construct=UPRE2,plate=20260728|construct=UPRE2|dose_mM=0.2,UPRE2,,20260728,0.2,20260728,train,3,20260804,327bd2afe062a71bd6c4da2c55ac93ee8decde3217e63e792ed085bd95791cb5
real_biosensor,heldout_replicate,2,plate|construct|dose_mM,construct,plate,construct=UPRE2,plate=20260728|construct=UPRE2|dose_mM=0.5,UPRE2,,20260728,0.5,20260728,train,3,20260804,327bd2afe062a71bd6c4da2c55ac93ee8decde3217e63e792ed085bd95791cb5
real_biosensor,heldout_replicate,2,plate|construct|dose_mM,construct,plate,construct=UPRE2,plate=20260728|construct=UPRE2|dose_mM=0.5,UPRE2,,20260728,0.5,20260728,train,3,20260804,327bd2afe062a71bd6c4da2c55ac93ee8decde3217e63e792ed085bd95791cb5
real_biosensor,heldout_replicate,2,plate|construct|dose_mM,construct,plate,construct=UPRE2,plate=20260728|construct=UPRE2|dose_mM=1,UPRE2,,20260728,1.0,20260728,train,3,20260804,327bd2afe062a71bd6c4da2c55ac93ee8decde3217e63e792ed085bd95791cb5
real_biosensor,heldout_replicate,2,plate|construct|dose_mM,construct,plate,construct=UPRE2,plate=20260728|construct=UPRE2|dose_mM=1,UPRE2,,20260728,1.0,20260728,train,3,20260804,327bd2afe062a71bd6c4da2c55ac93ee8decde3217e63e792ed085bd95791cb5
real_biosensor,heldout_replicate,2,plate|construct|dose_mM,construct,plate,construct=UPRE2,plate=20260728|construct=UPRE2|dose_mM=2,UPRE2,,20260728,2.0,20260728,train,3,20260804,327bd2afe062a71bd6c4da2c55ac93ee8decde3217e63e792ed085bd95791cb5
real_biosensor,heldout_replicate,2,plate|construct|dose_mM,construct,plate,construct=UPRE2,plate=20260728|construct=UPRE2|dose_mM=2,UPRE2,,20260728,2.0,20260728,train,3,20260804,327bd2afe062a71bd6c4da2c55ac93ee8decde3217e63e792ed085bd95791cb5
real_biosensor,heldout_replicate,2,plate|construct|dose_mM,construct,plate,construct=UPRE2,plate=20260728|construct=UPRE2|dose_mM=5,UPRE2,,20260728,5.0,20260728,train,3,20260804,327bd2afe062a71bd6c4da2c55ac93ee8decde3217e63e792ed085bd95791cb5
real_biosensor,heldout_replicate,2,plate|construct|dose_mM,construct,plate,construct=UPRE2,plate=20260728|construct=UPRE2|dose_mM=5,UPRE2,,20260728,5.0,20260728,train,3,20260804,327bd2afe062a71bd6c4da2c55ac93ee8decde3217e63e792ed085bd95791cb5
real_biosensor,heldout_replicate,2,plate|construct|dose_mM,construct,plate,construct=UPRE2,plate=20260803|construct=UPRE2|dose_mM=0,UPRE2,,20260803,0.0,20260803,train,3,20260804,327bd2afe062a71bd6c4da2c55ac93ee8decde3217e63e792ed085bd95791cb5
real_biosensor,heldout_replicate,2,plate|construct|dose_mM,construct,plate,construct=UPRE2,plate=20260803|construct=UPRE2|dose_mM=0,UPRE2,,20260803,0.0,20260803,train,3,20260804,327bd2afe062a71bd6c4da2c55ac93ee8decde3217e63e792ed085bd95791cb5
real_biosensor,heldout_replicate,2,plate|construct|dose_mM,construct,plate,construct=UPRE2,plate=20260803|construct=UPRE2|dose_mM=0.1,UPRE2,,20260803,0.1,20260803,train,3,20260804,327bd2afe062a71bd6c4da2c55ac93ee8decde3217e63e792ed085bd95791cb5
real_biosensor,heldout_replicate,2,plate|construct|dose_mM,construct,plate,construct=UPRE2,plate=20260803|construct=UPRE2|dose_mM=0.1,UPRE2,,20260803,0.1,20260803,train,3,20260804,327bd2afe062a71bd6c4da2c55ac93ee8decde3217e63e792ed085bd95791cb5
real_biosensor,heldout_replicate,2,plate|construct|dose_mM,construct,plate,construct=UPRE2,plate=20260803|construct=UPRE2|dose_mM=0.2,UPRE2,,20260803,0.2,20260803,train,3,20260804,327bd2afe062a71bd6c4da2c55ac93ee8decde3217e63e792ed085bd95791cb5
real_biosensor,heldout_replicate,2,plate|construct|dose_mM,construct,plate,construct=UPRE2,plate=20260803|construct=UPRE2|dose_mM=0.2,UPRE2,,20260803,0.2,20260803,train,3,20260804,327bd2afe062a71bd6c4da2c55ac93ee8decde3217e63e792ed085bd95791cb5
real_biosensor,heldout_replicate,2,plate|construct|dose_mM,construct,plate,construct=UPRE2,plate=20260803|construct=UPRE2|dose_mM=0.5,UPRE2,,20260803,0.5,20260803,train,3,20260804,327bd2afe062a71bd6c4da2c55ac93ee8decde3217e63e792ed085bd95791cb5
real_biosensor,heldout_replicate,2,plate|construct|dose_mM,construct,plate,construct=UPRE2,plate=20260803|construct=UPRE2|dose_mM=0.5,UPRE2,,20260803,0.5,20260803,train,3,20260804,327bd2afe062a71bd6c4da2c55ac93ee8decde3217e63e792ed085bd95791cb5
real_biosensor,heldout_replicate,2,plate|construct|dose_mM,construct,plate,construct=UPRE2,plate=20260803|construct=UPRE2|dose_mM=1,UPRE2,,20260803,1.0,20260803,train,3,20260804,327bd2afe062a71bd6c4da2c55ac93ee8decde3217e63e792ed085bd95791cb5
real_biosensor,heldout_replicate,2,plate|construct|dose_mM,construct,plate,construct=UPRE2,plate=20260803|construct=UPRE2|dose_mM=1,UPRE2,,20260803,1.0,20260803,train,3,20260804,327bd2afe062a71bd6c4da2c55ac93ee8decde3217e63e792ed085bd95791cb5
real_biosensor,heldout_replicate,2,plate|construct|dose_mM,construct,plate,construct=UPRE2,plate=20260803|construct=UPRE2|dose_mM=2,UPRE2,,20260803,2.0,20260803,train,3,20260804,327bd2afe062a71bd6c4da2c55ac93ee8decde3217e63e792ed085bd95791cb5
real_biosensor,heldout_replicate,2,plate|construct|dose_mM,construct,plate,construct=UPRE2,plate=20260803|construct=UPRE2|dose_mM=2,UPRE2,,20260803,2.0,20260803,train,3,20260804,327bd2afe062a71bd6c4da2c55ac93ee8decde3217e63e792ed085bd95791cb5
real_biosensor,heldout_replicate,2,plate|construct|dose_mM,construct,plate,construct=UPRE2,plate=20260803|construct=UPRE2|dose_mM=5,UPRE2,,20260803,5.0,20260803,train,3,20260804,327bd2afe062a71bd6c4da2c55ac93ee8decde3217e63e792ed085bd95791cb5
real_biosensor,heldout_replicate,2,plate|construct|dose_mM,construct,plate,construct=UPRE2,plate=20260803|construct=UPRE2|dose_mM=5,UPRE2,,20260803,5.0,20260803,train,3,20260804,327bd2afe062a71bd6c4da2c55ac93ee8decde3217e63e792ed085bd95791cb5
real_biosensor,interpolation,0,plate|construct|dose_mM,construct,dose_mM,construct=AlteredYap1,plate=20260722|construct=AlteredYap1|dose_mM=0.2,AlteredYap1,,20260722,0.2,0.2,test,3,0.2,88d8effa67b9704d759aeb5ef1310eb0bd926d0aa6111fc8d62c708852cbce4e
real_biosensor,interpolation,0,plate|construct|dose_mM,construct,dose_mM,construct=AlteredYap1,plate=20260728|construct=AlteredYap1|dose_mM=0.2,AlteredYap1,,20260728,0.2,0.2,test,3,0.2,88d8effa67b9704d759aeb5ef1310eb0bd926d0aa6111fc8d62c708852cbce4e
real_biosensor,interpolation,0,plate|construct|dose_mM,construct,dose_mM,construct=AlteredYap1,plate=20260803|construct=AlteredYap1|dose_mM=0.2,AlteredYap1,,20260803,0.2,0.2,test,3,0.2,88d8effa67b9704d759aeb5ef1310eb0bd926d0aa6111fc8d62c708852cbce4e
real_biosensor,interpolation,0,plate|construct|dose_mM,construct,dose_mM,construct=AlteredYap1,plate=20260804|construct=AlteredYap1|dose_mM=0.2,AlteredYap1,,20260804,0.2,0.2,test,3,0.2,88d8effa67b9704d759aeb5ef1310eb0bd926d0aa6111fc8d62c708852cbce4e
real_biosensor,interpolation,0,plate|construct|dose_mM,construct,dose_mM,construct=AlteredYap1,plate=20260722|construct=AlteredYap1|dose_mM=0,AlteredYap1,,20260722,0.0,0,train,3,0.2,88d8effa67b9704d759aeb5ef1310eb0bd926d0aa6111fc8d62c708852cbce4e
real_biosensor,interpolation,0,plate|construct|dose_mM,construct,dose_mM,construct=AlteredYap1,plate=20260722|construct=AlteredYap1|dose_mM=0.1,AlteredYap1,,20260722,0.1,0.1,train,3,0.2,88d8effa67b9704d759aeb5ef1310eb0bd926d0aa6111fc8d62c708852cbce4e
real_biosensor,interpolation,0,plate|construct|dose_mM,construct,dose_mM,construct=AlteredYap1,plate=20260722|construct=AlteredYap1|dose_mM=0.5,AlteredYap1,,20260722,0.5,0.5,train,3,0.2,88d8effa67b9704d759aeb5ef1310eb0bd926d0aa6111fc8d62c708852cbce4e
real_biosensor,interpolation,0,plate|construct|dose_mM,construct,dose_mM,construct=AlteredYap1,plate=20260722|construct=AlteredYap1|dose_mM=1,AlteredYap1,,20260722,1.0,1,train,3,0.2,88d8effa67b9704d759aeb5ef1310eb0bd926d0aa6111fc8d62c708852cbce4e
real_biosensor,interpolation,0,plate|construct|dose_mM,construct,dose_mM,construct=AlteredYap1,plate=20260722|construct=AlteredYap1|dose_mM=2,AlteredYap1,,20260722,2.0,2,train,3,0.2,88d8effa67b9704d759aeb5ef1310eb0bd926d0aa6111fc8d62c708852cbce4e
real_biosensor,interpolation,0,plate|construct|dose_mM,construct,dose_mM,construct=AlteredYap1,plate=20260722|construct=AlteredYap1|dose_mM=4,AlteredYap1,,20260722,4.0,4,train,3,0.2,88d8effa67b9704d759aeb5ef1310eb0bd926d0aa6111fc8d62c708852cbce4e
real_biosensor,interpolation,0,plate|construct|dose_mM,construct,dose_mM,construct=AlteredYap1,plate=20260728|construct=AlteredYap1|dose_mM=0,AlteredYap1,,20260728,0.0,0,train,3,0.2,88d8effa67b9704d759aeb5ef1310eb0bd926d0aa6111fc8d62c708852cbce4e
real_biosensor,interpolation,0,plate|construct|dose_mM,construct,dose_mM,construct=AlteredYap1,plate=20260728|construct=AlteredYap1|dose_mM=0.1,AlteredYap1,,20260728,0.1,0.1,train,3,0.2,88d8effa67b9704d759aeb5ef1310eb0bd926d0aa6111fc8d62c708852cbce4e
real_biosensor,interpolation,0,plate|construct|dose_mM,construct,dose_mM,construct=AlteredYap1,plate=20260728|construct=AlteredYap1|dose_mM=0.5,AlteredYap1,,20260728,0.5,0.5,train,3,0.2,88d8effa67b9704d759aeb5ef1310eb0bd926d0aa6111fc8d62c708852cbce4e
real_biosensor,interpolation,0,plate|construct|dose_mM,construct,dose_mM,construct=AlteredYap1,plate=20260728|construct=AlteredYap1|dose_mM=1,AlteredYap1,,20260728,1.0,1,train,3,0.2,88d8effa67b9704d759aeb5ef1310eb0bd926d0aa6111fc8d62c708852cbce4e
real_biosensor,interpolation,0,plate|construct|dose_mM,construct,dose_mM,construct=AlteredYap1,plate=20260728|construct=AlteredYap1|dose_mM=2,AlteredYap1,,20260728,2.0,2,train,3,0.2,88d8effa67b9704d759aeb5ef1310eb0bd926d0aa6111fc8d62c708852cbce4e
real_biosensor,interpolation,0,plate|construct|dose_mM,construct,dose_mM,construct=AlteredYap1,plate=20260728|construct=AlteredYap1|dose_mM=4,AlteredYap1,,20260728,4.0,4,train,3,0.2,88d8effa67b9704d759aeb5ef1310eb0bd926d0aa6111fc8d62c708852cbce4e
real_biosensor,interpolation,0,plate|construct|dose_mM,construct,dose_mM,construct=AlteredYap1,plate=20260803|construct=AlteredYap1|dose_mM=0,AlteredYap1,,20260803,0.0,0,train,3,0.2,88d8effa67b9704d759aeb5ef1310eb0bd926d0aa6111fc8d62c708852cbce4e
real_biosensor,interpolation,0,plate|construct|dose_mM,construct,dose_mM,construct=AlteredYap1,plate=20260803|construct=AlteredYap1|dose_mM=0.1,AlteredYap1,,20260803,0.1,0.1,train,3,0.2,88d8effa67b9704d759aeb5ef1310eb0bd926d0aa6111fc8d62c708852cbce4e
real_biosensor,interpolation,0,plate|construct|dose_mM,construct,dose_mM,construct=AlteredYap1,plate=20260803|construct=AlteredYap1|dose_mM=0.5,AlteredYap1,,20260803,0.5,0.5,train,3,0.2,88d8effa67b9704d759aeb5ef1310eb0bd926d0aa6111fc8d62c708852cbce4e
real_biosensor,interpolation,0,plate|construct|dose_mM,construct,dose_mM,construct=AlteredYap1,plate=20260803|construct=AlteredYap1|dose_mM=1,AlteredYap1,,20260803,1.0,1,train,3,0.2,88d8effa67b9704d759aeb5ef1310eb0bd926d0aa6111fc8d62c708852cbce4e
real_biosensor,interpolation,0,plate|construct|dose_mM,construct,dose_mM,construct=AlteredYap1,plate=20260803|construct=AlteredYap1|dose_mM=2,AlteredYap1,,20260803,2.0,2,train,3,0.2,88d8effa67b9704d759aeb5ef1310eb0bd926d0aa6111fc8d62c708852cbce4e
real_biosensor,interpolation,0,plate|construct|dose_mM,construct,dose_mM,construct=AlteredYap1,plate=20260803|construct=AlteredYap1|dose_mM=4,AlteredYap1,,20260803,4.0,4,train,3,0.2,88d8effa67b9704d759aeb5ef1310eb0bd926d0aa6111fc8d62c708852cbce4e
real_biosensor,interpolation,0,plate|construct|dose_mM,construct,dose_mM,construct=AlteredYap1,plate=20260804|construct=AlteredYap1|dose_mM=0,AlteredYap1,,20260804,0.0,0,train,3,0.2,88d8effa67b9704d759aeb5ef1310eb0bd926d0aa6111fc8d62c708852cbce4e
real_biosensor,interpolation,0,plate|construct|dose_mM,construct,dose_mM,construct=AlteredYap1,plate=20260804|construct=AlteredYap1|dose_mM=0.1,AlteredYap1,,20260804,0.1,0.1,train,3,0.2,88d8effa67b9704d759aeb5ef1310eb0bd926d0aa6111fc8d62c708852cbce4e
real_biosensor,interpolation,0,plate|construct|dose_mM,construct,dose_mM,construct=AlteredYap1,plate=20260804|construct=AlteredYap1|dose_mM=0.5,AlteredYap1,,20260804,0.5,0.5,train,3,0.2,88d8effa67b9704d759aeb5ef1310eb0bd926d0aa6111fc8d62c708852cbce4e
real_biosensor,interpolation,0,plate|construct|dose_mM,construct,dose_mM,construct=AlteredYap1,plate=20260804|construct=AlteredYap1|dose_mM=1,AlteredYap1,,20260804,1.0,1,train,3,0.2,88d8effa67b9704d759aeb5ef1310eb0bd926d0aa6111fc8d62c708852cbce4e
real_biosensor,interpolation,0,plate|construct|dose_mM,construct,dose_mM,construct=AlteredYap1,plate=20260804|construct=AlteredYap1|dose_mM=2,AlteredYap1,,20260804,2.0,2,train,3,0.2,88d8effa67b9704d759aeb5ef1310eb0bd926d0aa6111fc8d62c708852cbce4e
real_biosensor,interpolation,0,plate|construct|dose_mM,construct,dose_mM,construct=AlteredYap1,plate=20260804|construct=AlteredYap1|dose_mM=4,AlteredYap1,,20260804,4.0,4,train,3,0.2,88d8effa67b9704d759aeb5ef1310eb0bd926d0aa6111fc8d62c708852cbce4e
real_biosensor,interpolation,0,plate|construct|dose_mM,construct,dose_mM,construct=NativeYap1,plate=20260722|construct=NativeYap1|dose_mM=0.5,NativeYap1,,20260722,0.5,0.5,test,3,0.5,88d8effa67b9704d759aeb5ef1310eb0bd926d0aa6111fc8d62c708852cbce4e
real_biosensor,interpolation,0,plate|construct|dose_mM,construct,dose_mM,construct=NativeYap1,plate=20260728|construct=NativeYap1|dose_mM=0.5,NativeYap1,,20260728,0.5,0.5,test,3,0.5,88d8effa67b9704d759aeb5ef1310eb0bd926d0aa6111fc8d62c708852cbce4e
real_biosensor,interpolation,0,plate|construct|dose_mM,construct,dose_mM,construct=NativeYap1,plate=20260803|construct=NativeYap1|dose_mM=0.5,NativeYap1,,20260803,0.5,0.5,test,3,0.5,88d8effa67b9704d759aeb5ef1310eb0bd926d0aa6111fc8d62c708852cbce4e
real_biosensor,interpolation,0,plate|construct|dose_mM,construct,dose_mM,construct=NativeYap1,plate=20260804|construct=NativeYap1|dose_mM=0.5,NativeYap1,,20260804,0.5,0.5,test,3,0.5,88d8effa67b9704d759aeb5ef1310eb0bd926d0aa6111fc8d62c708852cbce4e
real_biosensor,interpolation,0,plate|construct|dose_mM,construct,dose_mM,construct=NativeYap1,plate=20260722|construct=NativeYap1|dose_mM=0,NativeYap1,,20260722,0.0,0,train,3,0.5,88d8effa67b9704d759aeb5ef1310eb0bd926d0aa6111fc8d62c708852cbce4e
real_biosensor,interpolation,0,plate|construct|dose_mM,construct,dose_mM,construct=NativeYap1,plate=20260722|construct=NativeYap1|dose_mM=0.1,NativeYap1,,20260722,0.1,0.1,train,3,0.5,88d8effa67b9704d759aeb5ef1310eb0bd926d0aa6111fc8d62c708852cbce4e
real_biosensor,interpolation,0,plate|construct|dose_mM,construct,dose_mM,construct=NativeYap1,plate=20260722|construct=NativeYap1|dose_mM=0.2,NativeYap1,,20260722,0.2,0.2,train,3,0.5,88d8effa67b9704d759aeb5ef1310eb0bd926d0aa6111fc8d62c708852cbce4e
real_biosensor,interpolation,0,plate|construct|dose_mM,construct,dose_mM,construct=NativeYap1,plate=20260722|construct=NativeYap1|dose_mM=1,NativeYap1,,20260722,1.0,1,train,3,0.5,88d8effa67b9704d759aeb5ef1310eb0bd926d0aa6111fc8d62c708852cbce4e
real_biosensor,interpolation,0,plate|construct|dose_mM,construct,dose_mM,construct=NativeYap1,plate=20260722|construct=NativeYap1|dose_mM=2,NativeYap1,,20260722,2.0,2,train,3,0.5,88d8effa67b9704d759aeb5ef1310eb0bd926d0aa6111fc8d62c708852cbce4e
real_biosensor,interpolation,0,plate|construct|dose_mM,construct,dose_mM,construct=NativeYap1,plate=20260722|construct=NativeYap1|dose_mM=4,NativeYap1,,20260722,4.0,4,train,3,0.5,88d8effa67b9704d759aeb5ef1310eb0bd926d0aa6111fc8d62c708852cbce4e
real_biosensor,interpolation,0,plate|construct|dose_mM,construct,dose_mM,construct=NativeYap1,plate=20260728|construct=NativeYap1|dose_mM=0,NativeYap1,,20260728,0.0,0,train,3,0.5,88d8effa67b9704d759aeb5ef1310eb0bd926d0aa6111fc8d62c708852cbce4e
real_biosensor,interpolation,0,plate|construct|dose_mM,construct,dose_mM,construct=NativeYap1,plate=20260728|construct=NativeYap1|dose_mM=0.1,NativeYap1,,20260728,0.1,0.1,train,3,0.5,88d8effa67b9704d759aeb5ef1310eb0bd926d0aa6111fc8d62c708852cbce4e
real_biosensor,interpolation,0,plate|construct|dose_mM,construct,dose_mM,construct=NativeYap1,plate=20260728|construct=NativeYap1|dose_mM=0.2,NativeYap1,,20260728,0.2,0.2,train,3,0.5,88d8effa67b9704d759aeb5ef1310eb0bd926d0aa6111fc8d62c708852cbce4e
real_biosensor,interpolation,0,plate|construct|dose_mM,construct,dose_mM,construct=NativeYap1,plate=20260728|construct=NativeYap1|dose_mM=1,NativeYap1,,20260728,1.0,1,train,3,0.5,88d8effa67b9704d759aeb5ef1310eb0bd926d0aa6111fc8d62c708852cbce4e
real_biosensor,interpolation,0,plate|construct|dose_mM,construct,dose_mM,construct=NativeYap1,plate=20260728|construct=NativeYap1|dose_mM=2,NativeYap1,,20260728,2.0,2,train,3,0.5,88d8effa67b9704d759aeb5ef1310eb0bd926d0aa6111fc8d62c708852cbce4e
real_biosensor,interpolation,0,plate|construct|dose_mM,construct,dose_mM,construct=NativeYap1,plate=20260728|construct=NativeYap1|dose_mM=4,NativeYap1,,20260728,4.0,4,train,3,0.5,88d8effa67b9704d759aeb5ef1310eb0bd926d0aa6111fc8d62c708852cbce4e
real_biosensor,interpolation,0,plate|construct|dose_mM,construct,dose_mM,construct=NativeYap1,plate=20260803|construct=NativeYap1|dose_mM=0,NativeYap1,,20260803,0.0,0,train,3,0.5,88d8effa67b9704d759aeb5ef1310eb0bd926d0aa6111fc8d62c708852cbce4e
real_biosensor,interpolation,0,plate|construct|dose_mM,construct,dose_mM,construct=NativeYap1,plate=20260803|construct=NativeYap1|dose_mM=0.1,NativeYap1,,20260803,0.1,0.1,train,3,0.5,88d8effa67b9704d759aeb5ef1310eb0bd926d0aa6111fc8d62c708852cbce4e
real_biosensor,interpolation,0,plate|construct|dose_mM,construct,dose_mM,construct=NativeYap1,plate=20260803|construct=NativeYap1|dose_mM=0.2,NativeYap1,,20260803,0.2,0.2,train,3,0.5,88d8effa67b9704d759aeb5ef1310eb0bd926d0aa6111fc8d62c708852cbce4e
real_biosensor,interpolation,0,plate|construct|dose_mM,construct,dose_mM,construct=NativeYap1,plate=20260803|construct=NativeYap1|dose_mM=1,NativeYap1,,20260803,1.0,1,train,3,0.5,88d8effa67b9704d759aeb5ef1310eb0bd926d0aa6111fc8d62c708852cbce4e
real_biosensor,interpolation,0,plate|construct|dose_mM,construct,dose_mM,construct=NativeYap1,plate=20260803|construct=NativeYap1|dose_mM=2,NativeYap1,,20260803,2.0,2,train,3,0.5,88d8effa67b9704d759aeb5ef1310eb0bd926d0aa6111fc8d62c708852cbce4e
real_biosensor,interpolation,0,plate|construct|dose_mM,construct,dose_mM,construct=NativeYap1,plate=20260803|construct=NativeYap1|dose_mM=4,NativeYap1,,20260803,4.0,4,train,3,0.5,88d8effa67b9704d759aeb5ef1310eb0bd926d0aa6111fc8d62c708852cbce4e
real_biosensor,interpolation,0,plate|construct|dose_mM,construct,dose_mM,construct=NativeYap1,plate=20260804|construct=NativeYap1|dose_mM=0,NativeYap1,,20260804,0.0,0,train,3,0.5,88d8effa67b9704d759aeb5ef1310eb0bd926d0aa6111fc8d62c708852cbce4e
real_biosensor,interpolation,0,plate|construct|dose_mM,construct,dose_mM,construct=NativeYap1,plate=20260804|construct=NativeYap1|dose_mM=0.1,NativeYap1,,20260804,0.1,0.1,train,3,0.5,88d8effa67b9704d759aeb5ef1310eb0bd926d0aa6111fc8d62c708852cbce4e
real_biosensor,interpolation,0,plate|construct|dose_mM,construct,dose_mM,construct=NativeYap1,plate=20260804|construct=NativeYap1|dose_mM=0.2,NativeYap1,,20260804,0.2,0.2,train,3,0.5,88d8effa67b9704d759aeb5ef1310eb0bd926d0aa6111fc8d62c708852cbce4e
real_biosensor,interpolation,0,plate|construct|dose_mM,construct,dose_mM,construct=NativeYap1,plate=20260804|construct=NativeYap1|dose_mM=1,NativeYap1,,20260804,1.0,1,train,3,0.5,88d8effa67b9704d759aeb5ef1310eb0bd926d0aa6111fc8d62c708852cbce4e
real_biosensor,interpolation,0,plate|construct|dose_mM,construct,dose_mM,construct=NativeYap1,plate=20260804|construct=NativeYap1|dose_mM=2,NativeYap1,,20260804,2.0,2,train,3,0.5,88d8effa67b9704d759aeb5ef1310eb0bd926d0aa6111fc8d62c708852cbce4e
real_biosensor,interpolation,0,plate|construct|dose_mM,construct,dose_mM,construct=NativeYap1,plate=20260804|construct=NativeYap1|dose_mM=4,NativeYap1,,20260804,4.0,4,train,3,0.5,88d8effa67b9704d759aeb5ef1310eb0bd926d0aa6111fc8d62c708852cbce4e
real_biosensor,interpolation,0,plate|construct|dose_mM,construct,dose_mM,construct=UPRE1,plate=20260722|construct=UPRE1|dose_mM=0.2,UPRE1,,20260722,0.2,0.2,test,3,0.2,88d8effa67b9704d759aeb5ef1310eb0bd926d0aa6111fc8d62c708852cbce4e
real_biosensor,interpolation,0,plate|construct|dose_mM,construct,dose_mM,construct=UPRE1,plate=20260728|construct=UPRE1|dose_mM=0.2,UPRE1,,20260728,0.2,0.2,test,3,0.2,88d8effa67b9704d759aeb5ef1310eb0bd926d0aa6111fc8d62c708852cbce4e
real_biosensor,interpolation,0,plate|construct|dose_mM,construct,dose_mM,construct=UPRE1,plate=20260803|construct=UPRE1|dose_mM=0.2,UPRE1,,20260803,0.2,0.2,test,3,0.2,88d8effa67b9704d759aeb5ef1310eb0bd926d0aa6111fc8d62c708852cbce4e
real_biosensor,interpolation,0,plate|construct|dose_mM,construct,dose_mM,construct=UPRE1,plate=20260804|construct=UPRE1|dose_mM=0.2,UPRE1,,20260804,0.2,0.2,test,3,0.2,88d8effa67b9704d759aeb5ef1310eb0bd926d0aa6111fc8d62c708852cbce4e
real_biosensor,interpolation,0,plate|construct|dose_mM,construct,dose_mM,construct=UPRE1,plate=20260722|construct=UPRE1|dose_mM=0,UPRE1,,20260722,0.0,0,train,3,0.2,88d8effa67b9704d759aeb5ef1310eb0bd926d0aa6111fc8d62c708852cbce4e
real_biosensor,interpolation,0,plate|construct|dose_mM,construct,dose_mM,construct=UPRE1,plate=20260722|construct=UPRE1|dose_mM=0.1,UPRE1,,20260722,0.1,0.1,train,3,0.2,88d8effa67b9704d759aeb5ef1310eb0bd926d0aa6111fc8d62c708852cbce4e
real_biosensor,interpolation,0,plate|construct|dose_mM,construct,dose_mM,construct=UPRE1,plate=20260722|construct=UPRE1|dose_mM=0.5,UPRE1,,20260722,0.5,0.5,train,3,0.2,88d8effa67b9704d759aeb5ef1310eb0bd926d0aa6111fc8d62c708852cbce4e
real_biosensor,interpolation,0,plate|construct|dose_mM,construct,dose_mM,construct=UPRE1,plate=20260722|construct=UPRE1|dose_mM=1,UPRE1,,20260722,1.0,1,train,3,0.2,88d8effa67b9704d759aeb5ef1310eb0bd926d0aa6111fc8d62c708852cbce4e
real_biosensor,interpolation,0,plate|construct|dose_mM,construct,dose_mM,construct=UPRE1,plate=20260722|construct=UPRE1|dose_mM=2,UPRE1,,20260722,2.0,2,train,3,0.2,88d8effa67b9704d759aeb5ef1310eb0bd926d0aa6111fc8d62c708852cbce4e
real_biosensor,interpolation,0,plate|construct|dose_mM,construct,dose_mM,construct=UPRE1,plate=20260722|construct=UPRE1|dose_mM=5,UPRE1,,20260722,5.0,5,train,3,0.2,88d8effa67b9704d759aeb5ef1310eb0bd926d0aa6111fc8d62c708852cbce4e
real_biosensor,interpolation,0,plate|construct|dose_mM,construct,dose_mM,construct=UPRE1,plate=20260728|construct=UPRE1|dose_mM=0,UPRE1,,20260728,0.0,0,train,3,0.2,88d8effa67b9704d759aeb5ef1310eb0bd926d0aa6111fc8d62c708852cbce4e
real_biosensor,interpolation,0,plate|construct|dose_mM,construct,dose_mM,construct=UPRE1,plate=20260728|construct=UPRE1|dose_mM=0.1,UPRE1,,20260728,0.1,0.1,train,3,0.2,88d8effa67b9704d759aeb5ef1310eb0bd926d0aa6111fc8d62c708852cbce4e
real_biosensor,interpolation,0,plate|construct|dose_mM,construct,dose_mM,construct=UPRE1,plate=20260728|construct=UPRE1|dose_mM=0.5,UPRE1,,20260728,0.5,0.5,train,3,0.2,88d8effa67b9704d759aeb5ef1310eb0bd926d0aa6111fc8d62c708852cbce4e
real_biosensor,interpolation,0,plate|construct|dose_mM,construct,dose_mM,construct=UPRE1,plate=20260728|construct=UPRE1|dose_mM=1,UPRE1,,20260728,1.0,1,train,3,0.2,88d8effa67b9704d759aeb5ef1310eb0bd926d0aa6111fc8d62c708852cbce4e
real_biosensor,interpolation,0,plate|construct|dose_mM,construct,dose_mM,construct=UPRE1,plate=20260728|construct=UPRE1|dose_mM=2,UPRE1,,20260728,2.0,2,train,3,0.2,88d8effa67b9704d759aeb5ef1310eb0bd926d0aa6111fc8d62c708852cbce4e
real_biosensor,interpolation,0,plate|construct|dose_mM,construct,dose_mM,construct=UPRE1,plate=20260728|construct=UPRE1|dose_mM=5,UPRE1,,20260728,5.0,5,train,3,0.2,88d8effa67b9704d759aeb5ef1310eb0bd926d0aa6111fc8d62c708852cbce4e
real_biosensor,interpolation,0,plate|construct|dose_mM,construct,dose_mM,construct=UPRE1,plate=20260803|construct=UPRE1|dose_mM=0,UPRE1,,20260803,0.0,0,train,3,0.2,88d8effa67b9704d759aeb5ef1310eb0bd926d0aa6111fc8d62c708852cbce4e
real_biosensor,interpolation,0,plate|construct|dose_mM,construct,dose_mM,construct=UPRE1,plate=20260803|construct=UPRE1|dose_mM=0.1,UPRE1,,20260803,0.1,0.1,train,3,0.2,88d8effa67b9704d759aeb5ef1310eb0bd926d0aa6111fc8d62c708852cbce4e
real_biosensor,interpolation,0,plate|construct|dose_mM,construct,dose_mM,construct=UPRE1,plate=20260803|construct=UPRE1|dose_mM=0.5,UPRE1,,20260803,0.5,0.5,train,3,0.2,88d8effa67b9704d759aeb5ef1310eb0bd926d0aa6111fc8d62c708852cbce4e
real_biosensor,interpolation,0,plate|construct|dose_mM,construct,dose_mM,construct=UPRE1,plate=20260803|construct=UPRE1|dose_mM=1,UPRE1,,20260803,1.0,1,train,3,0.2,88d8effa67b9704d759aeb5ef1310eb0bd926d0aa6111fc8d62c708852cbce4e
real_biosensor,interpolation,0,plate|construct|dose_mM,construct,dose_mM,construct=UPRE1,plate=20260803|construct=UPRE1|dose_mM=2,UPRE1,,20260803,2.0,2,train,3,0.2,88d8effa67b9704d759aeb5ef1310eb0bd926d0aa6111fc8d62c708852cbce4e
real_biosensor,interpolation,0,plate|construct|dose_mM,construct,dose_mM,construct=UPRE1,plate=20260803|construct=UPRE1|dose_mM=5,UPRE1,,20260803,5.0,5,train,3,0.2,88d8effa67b9704d759aeb5ef1310eb0bd926d0aa6111fc8d62c708852cbce4e
real_biosensor,interpolation,0,plate|construct|dose_mM,construct,dose_mM,construct=UPRE1,plate=20260804|construct=UPRE1|dose_mM=0,UPRE1,,20260804,0.0,0,train,3,0.2,88d8effa67b9704d759aeb5ef1310eb0bd926d0aa6111fc8d62c708852cbce4e
real_biosensor,interpolation,0,plate|construct|dose_mM,construct,dose_mM,construct=UPRE1,plate=20260804|construct=UPRE1|dose_mM=0.1,UPRE1,,20260804,0.1,0.1,train,3,0.2,88d8effa67b9704d759aeb5ef1310eb0bd926d0aa6111fc8d62c708852cbce4e
real_biosensor,interpolation,0,plate|construct|dose_mM,construct,dose_mM,construct=UPRE1,plate=20260804|construct=UPRE1|dose_mM=0.5,UPRE1,,20260804,0.5,0.5,train,3,0.2,88d8effa67b9704d759aeb5ef1310eb0bd926d0aa6111fc8d62c708852cbce4e
real_biosensor,interpolation,0,plate|construct|dose_mM,construct,dose_mM,construct=UPRE1,plate=20260804|construct=UPRE1|dose_mM=1,UPRE1,,20260804,1.0,1,train,3,0.2,88d8effa67b9704d759aeb5ef1310eb0bd926d0aa6111fc8d62c708852cbce4e
real_biosensor,interpolation,0,plate|construct|dose_mM,construct,dose_mM,construct=UPRE1,plate=20260804|construct=UPRE1|dose_mM=2,UPRE1,,20260804,2.0,2,train,3,0.2,88d8effa67b9704d759aeb5ef1310eb0bd926d0aa6111fc8d62c708852cbce4e
real_biosensor,interpolation,0,plate|construct|dose_mM,construct,dose_mM,construct=UPRE1,plate=20260804|construct=UPRE1|dose_mM=5,UPRE1,,20260804,5.0,5,train,3,0.2,88d8effa67b9704d759aeb5ef1310eb0bd926d0aa6111fc8d62c708852cbce4e
real_biosensor,interpolation,0,plate|construct|dose_mM,construct,dose_mM,construct=UPRE2,plate=20260722|construct=UPRE2|dose_mM=0.5,UPRE2,,20260722,0.5,0.5,test,3,0.5,88d8effa67b9704d759aeb5ef1310eb0bd926d0aa6111fc8d62c708852cbce4e
real_biosensor,interpolation,0,plate|construct|dose_mM,construct,dose_mM,construct=UPRE2,plate=20260728|construct=UPRE2|dose_mM=0.5,UPRE2,,20260728,0.5,0.5,test,3,0.5,88d8effa67b9704d759aeb5ef1310eb0bd926d0aa6111fc8d62c708852cbce4e
real_biosensor,interpolation,0,plate|construct|dose_mM,construct,dose_mM,construct=UPRE2,plate=20260803|construct=UPRE2|dose_mM=0.5,UPRE2,,20260803,0.5,0.5,test,3,0.5,88d8effa67b9704d759aeb5ef1310eb0bd926d0aa6111fc8d62c708852cbce4e
real_biosensor,interpolation,0,plate|construct|dose_mM,construct,dose_mM,construct=UPRE2,plate=20260804|construct=UPRE2|dose_mM=0.5,UPRE2,,20260804,0.5,0.5,test,3,0.5,88d8effa67b9704d759aeb5ef1310eb0bd926d0aa6111fc8d62c708852cbce4e
real_biosensor,interpolation,0,plate|construct|dose_mM,construct,dose_mM,construct=UPRE2,plate=20260722|construct=UPRE2|dose_mM=0,UPRE2,,20260722,0.0,0,train,3,0.5,88d8effa67b9704d759aeb5ef1310eb0bd926d0aa6111fc8d62c708852cbce4e
real_biosensor,interpolation,0,plate|construct|dose_mM,construct,dose_mM,construct=UPRE2,plate=20260722|construct=UPRE2|dose_mM=0.1,UPRE2,,20260722,0.1,0.1,train,3,0.5,88d8effa67b9704d759aeb5ef1310eb0bd926d0aa6111fc8d62c708852cbce4e
real_biosensor,interpolation,0,plate|construct|dose_mM,construct,dose_mM,construct=UPRE2,plate=20260722|construct=UPRE2|dose_mM=0.2,UPRE2,,20260722,0.2,0.2,train,3,0.5,88d8effa67b9704d759aeb5ef1310eb0bd926d0aa6111fc8d62c708852cbce4e
real_biosensor,interpolation,0,plate|construct|dose_mM,construct,dose_mM,construct=UPRE2,plate=20260722|construct=UPRE2|dose_mM=1,UPRE2,,20260722,1.0,1,train,3,0.5,88d8effa67b9704d759aeb5ef1310eb0bd926d0aa6111fc8d62c708852cbce4e
real_biosensor,interpolation,0,plate|construct|dose_mM,construct,dose_mM,construct=UPRE2,plate=20260722|construct=UPRE2|dose_mM=2,UPRE2,,20260722,2.0,2,train,3,0.5,88d8effa67b9704d759aeb5ef1310eb0bd926d0aa6111fc8d62c708852cbce4e
real_biosensor,interpolation,0,plate|construct|dose_mM,construct,dose_mM,construct=UPRE2,plate=20260722|construct=UPRE2|dose_mM=5,UPRE2,,20260722,5.0,5,train,3,0.5,88d8effa67b9704d759aeb5ef1310eb0bd926d0aa6111fc8d62c708852cbce4e
real_biosensor,interpolation,0,plate|construct|dose_mM,construct,dose_mM,construct=UPRE2,plate=20260728|construct=UPRE2|dose_mM=0,UPRE2,,20260728,0.0,0,train,3,0.5,88d8effa67b9704d759aeb5ef1310eb0bd926d0aa6111fc8d62c708852cbce4e
real_biosensor,interpolation,0,plate|construct|dose_mM,construct,dose_mM,construct=UPRE2,plate=20260728|construct=UPRE2|dose_mM=0.1,UPRE2,,20260728,0.1,0.1,train,3,0.5,88d8effa67b9704d759aeb5ef1310eb0bd926d0aa6111fc8d62c708852cbce4e
real_biosensor,interpolation,0,plate|construct|dose_mM,construct,dose_mM,construct=UPRE2,plate=20260728|construct=UPRE2|dose_mM=0.2,UPRE2,,20260728,0.2,0.2,train,3,0.5,88d8effa67b9704d759aeb5ef1310eb0bd926d0aa6111fc8d62c708852cbce4e
real_biosensor,interpolation,0,plate|construct|dose_mM,construct,dose_mM,construct=UPRE2,plate=20260728|construct=UPRE2|dose_mM=1,UPRE2,,20260728,1.0,1,train,3,0.5,88d8effa67b9704d759aeb5ef1310eb0bd926d0aa6111fc8d62c708852cbce4e
real_biosensor,interpolation,0,plate|construct|dose_mM,construct,dose_mM,construct=UPRE2,plate=20260728|construct=UPRE2|dose_mM=2,UPRE2,,20260728,2.0,2,train,3,0.5,88d8effa67b9704d759aeb5ef1310eb0bd926d0aa6111fc8d62c708852cbce4e
real_biosensor,interpolation,0,plate|construct|dose_mM,construct,dose_mM,construct=UPRE2,plate=20260728|construct=UPRE2|dose_mM=5,UPRE2,,20260728,5.0,5,train,3,0.5,88d8effa67b9704d759aeb5ef1310eb0bd926d0aa6111fc8d62c708852cbce4e
real_biosensor,interpolation,0,plate|construct|dose_mM,construct,dose_mM,construct=UPRE2,plate=20260803|construct=UPRE2|dose_mM=0,UPRE2,,20260803,0.0,0,train,3,0.5,88d8effa67b9704d759aeb5ef1310eb0bd926d0aa6111fc8d62c708852cbce4e
real_biosensor,interpolation,0,plate|construct|dose_mM,construct,dose_mM,construct=UPRE2,plate=20260803|construct=UPRE2|dose_mM=0.1,UPRE2,,20260803,0.1,0.1,train,3,0.5,88d8effa67b9704d759aeb5ef1310eb0bd926d0aa6111fc8d62c708852cbce4e
real_biosensor,interpolation,0,plate|construct|dose_mM,construct,dose_mM,construct=UPRE2,plate=20260803|construct=UPRE2|dose_mM=0.2,UPRE2,,20260803,0.2,0.2,train,3,0.5,88d8effa67b9704d759aeb5ef1310eb0bd926d0aa6111fc8d62c708852cbce4e
real_biosensor,interpolation,0,plate|construct|dose_mM,construct,dose_mM,construct=UPRE2,plate=20260803|construct=UPRE2|dose_mM=1,UPRE2,,20260803,1.0,1,train,3,0.5,88d8effa67b9704d759aeb5ef1310eb0bd926d0aa6111fc8d62c708852cbce4e
real_biosensor,interpolation,0,plate|construct|dose_mM,construct,dose_mM,construct=UPRE2,plate=20260803|construct=UPRE2|dose_mM=2,UPRE2,,20260803,2.0,2,train,3,0.5,88d8effa67b9704d759aeb5ef1310eb0bd926d0aa6111fc8d62c708852cbce4e
real_biosensor,interpolation,0,plate|construct|dose_mM,construct,dose_mM,construct=UPRE2,plate=20260803|construct=UPRE2|dose_mM=5,UPRE2,,20260803,5.0,5,train,3,0.5,88d8effa67b9704d759aeb5ef1310eb0bd926d0aa6111fc8d62c708852cbce4e
real_biosensor,interpolation,0,plate|construct|dose_mM,construct,dose_mM,construct=UPRE2,plate=20260804|construct=UPRE2|dose_mM=0,UPRE2,,20260804,0.0,0,train,3,0.5,88d8effa67b9704d759aeb5ef1310eb0bd926d0aa6111fc8d62c708852cbce4e
real_biosensor,interpolation,0,plate|construct|dose_mM,construct,dose_mM,construct=UPRE2,plate=20260804|construct=UPRE2|dose_mM=0.1,UPRE2,,20260804,0.1,0.1,train,3,0.5,88d8effa67b9704d759aeb5ef1310eb0bd926d0aa6111fc8d62c708852cbce4e
real_biosensor,interpolation,0,plate|construct|dose_mM,construct,dose_mM,construct=UPRE2,plate=20260804|construct=UPRE2|dose_mM=0.2,UPRE2,,20260804,0.2,0.2,train,3,0.5,88d8effa67b9704d759aeb5ef1310eb0bd926d0aa6111fc8d62c708852cbce4e
real_biosensor,interpolation,0,plate|construct|dose_mM,construct,dose_mM,construct=UPRE2,plate=20260804|construct=UPRE2|dose_mM=1,UPRE2,,20260804,1.0,1,train,3,0.5,88d8effa67b9704d759aeb5ef1310eb0bd926d0aa6111fc8d62c708852cbce4e
real_biosensor,interpolation,0,plate|construct|dose_mM,construct,dose_mM,construct=UPRE2,plate=20260804|construct=UPRE2|dose_mM=2,UPRE2,,20260804,2.0,2,train,3,0.5,88d8effa67b9704d759aeb5ef1310eb0bd926d0aa6111fc8d62c708852cbce4e
real_biosensor,interpolation,0,plate|construct|dose_mM,construct,dose_mM,construct=UPRE2,plate=20260804|construct=UPRE2|dose_mM=5,UPRE2,,20260804,5.0,5,train,3,0.5,88d8effa67b9704d759aeb5ef1310eb0bd926d0aa6111fc8d62c708852cbce4e
real_biosensor,interpolation,1,plate|construct|dose_mM,construct,dose_mM,construct=AlteredYap1,plate=20260722|construct=AlteredYap1|dose_mM=0.2,AlteredYap1,,20260722,0.2,0.2,test,3,0.2,e00c13bcae570618f0813456a85217c5422e33ea2984a90c7c4f38aaca4dd350
real_biosensor,interpolation,1,plate|construct|dose_mM,construct,dose_mM,construct=AlteredYap1,plate=20260728|construct=AlteredYap1|dose_mM=0.2,AlteredYap1,,20260728,0.2,0.2,test,3,0.2,e00c13bcae570618f0813456a85217c5422e33ea2984a90c7c4f38aaca4dd350
real_biosensor,interpolation,1,plate|construct|dose_mM,construct,dose_mM,construct=AlteredYap1,plate=20260803|construct=AlteredYap1|dose_mM=0.2,AlteredYap1,,20260803,0.2,0.2,test,3,0.2,e00c13bcae570618f0813456a85217c5422e33ea2984a90c7c4f38aaca4dd350
real_biosensor,interpolation,1,plate|construct|dose_mM,construct,dose_mM,construct=AlteredYap1,plate=20260804|construct=AlteredYap1|dose_mM=0.2,AlteredYap1,,20260804,0.2,0.2,test,3,0.2,e00c13bcae570618f0813456a85217c5422e33ea2984a90c7c4f38aaca4dd350
real_biosensor,interpolation,1,plate|construct|dose_mM,construct,dose_mM,construct=AlteredYap1,plate=20260722|construct=AlteredYap1|dose_mM=0,AlteredYap1,,20260722,0.0,0,train,3,0.2,e00c13bcae570618f0813456a85217c5422e33ea2984a90c7c4f38aaca4dd350
real_biosensor,interpolation,1,plate|construct|dose_mM,construct,dose_mM,construct=AlteredYap1,plate=20260722|construct=AlteredYap1|dose_mM=0.1,AlteredYap1,,20260722,0.1,0.1,train,3,0.2,e00c13bcae570618f0813456a85217c5422e33ea2984a90c7c4f38aaca4dd350
real_biosensor,interpolation,1,plate|construct|dose_mM,construct,dose_mM,construct=AlteredYap1,plate=20260722|construct=AlteredYap1|dose_mM=0.5,AlteredYap1,,20260722,0.5,0.5,train,3,0.2,e00c13bcae570618f0813456a85217c5422e33ea2984a90c7c4f38aaca4dd350
real_biosensor,interpolation,1,plate|construct|dose_mM,construct,dose_mM,construct=AlteredYap1,plate=20260722|construct=AlteredYap1|dose_mM=1,AlteredYap1,,20260722,1.0,1,train,3,0.2,e00c13bcae570618f0813456a85217c5422e33ea2984a90c7c4f38aaca4dd350
real_biosensor,interpolation,1,plate|construct|dose_mM,construct,dose_mM,construct=AlteredYap1,plate=20260722|construct=AlteredYap1|dose_mM=2,AlteredYap1,,20260722,2.0,2,train,3,0.2,e00c13bcae570618f0813456a85217c5422e33ea2984a90c7c4f38aaca4dd350
real_biosensor,interpolation,1,plate|construct|dose_mM,construct,dose_mM,construct=AlteredYap1,plate=20260722|construct=AlteredYap1|dose_mM=4,AlteredYap1,,20260722,4.0,4,train,3,0.2,e00c13bcae570618f0813456a85217c5422e33ea2984a90c7c4f38aaca4dd350
real_biosensor,interpolation,1,plate|construct|dose_mM,construct,dose_mM,construct=AlteredYap1,plate=20260728|construct=AlteredYap1|dose_mM=0,AlteredYap1,,20260728,0.0,0,train,3,0.2,e00c13bcae570618f0813456a85217c5422e33ea2984a90c7c4f38aaca4dd350
real_biosensor,interpolation,1,plate|construct|dose_mM,construct,dose_mM,construct=AlteredYap1,plate=20260728|construct=AlteredYap1|dose_mM=0.1,AlteredYap1,,20260728,0.1,0.1,train,3,0.2,e00c13bcae570618f0813456a85217c5422e33ea2984a90c7c4f38aaca4dd350
real_biosensor,interpolation,1,plate|construct|dose_mM,construct,dose_mM,construct=AlteredYap1,plate=20260728|construct=AlteredYap1|dose_mM=0.5,AlteredYap1,,20260728,0.5,0.5,train,3,0.2,e00c13bcae570618f0813456a85217c5422e33ea2984a90c7c4f38aaca4dd350
real_biosensor,interpolation,1,plate|construct|dose_mM,construct,dose_mM,construct=AlteredYap1,plate=20260728|construct=AlteredYap1|dose_mM=1,AlteredYap1,,20260728,1.0,1,train,3,0.2,e00c13bcae570618f0813456a85217c5422e33ea2984a90c7c4f38aaca4dd350
real_biosensor,interpolation,1,plate|construct|dose_mM,construct,dose_mM,construct=AlteredYap1,plate=20260728|construct=AlteredYap1|dose_mM=2,AlteredYap1,,20260728,2.0,2,train,3,0.2,e00c13bcae570618f0813456a85217c5422e33ea2984a90c7c4f38aaca4dd350
real_biosensor,interpolation,1,plate|construct|dose_mM,construct,dose_mM,construct=AlteredYap1,plate=20260728|construct=AlteredYap1|dose_mM=4,AlteredYap1,,20260728,4.0,4,train,3,0.2,e00c13bcae570618f0813456a85217c5422e33ea2984a90c7c4f38aaca4dd350
real_biosensor,interpolation,1,plate|construct|dose_mM,construct,dose_mM,construct=AlteredYap1,plate=20260803|construct=AlteredYap1|dose_mM=0,AlteredYap1,,20260803,0.0,0,train,3,0.2,e00c13bcae570618f0813456a85217c5422e33ea2984a90c7c4f38aaca4dd350
real_biosensor,interpolation,1,plate|construct|dose_mM,construct,dose_mM,construct=AlteredYap1,plate=20260803|construct=AlteredYap1|dose_mM=0.1,AlteredYap1,,20260803,0.1,0.1,train,3,0.2,e00c13bcae570618f0813456a85217c5422e33ea2984a90c7c4f38aaca4dd350
real_biosensor,interpolation,1,plate|construct|dose_mM,construct,dose_mM,construct=AlteredYap1,plate=20260803|construct=AlteredYap1|dose_mM=0.5,AlteredYap1,,20260803,0.5,0.5,train,3,0.2,e00c13bcae570618f0813456a85217c5422e33ea2984a90c7c4f38aaca4dd350
real_biosensor,interpolation,1,plate|construct|dose_mM,construct,dose_mM,construct=AlteredYap1,plate=20260803|construct=AlteredYap1|dose_mM=1,AlteredYap1,,20260803,1.0,1,train,3,0.2,e00c13bcae570618f0813456a85217c5422e33ea2984a90c7c4f38aaca4dd350
real_biosensor,interpolation,1,plate|construct|dose_mM,construct,dose_mM,construct=AlteredYap1,plate=20260803|construct=AlteredYap1|dose_mM=2,AlteredYap1,,20260803,2.0,2,train,3,0.2,e00c13bcae570618f0813456a85217c5422e33ea2984a90c7c4f38aaca4dd350
real_biosensor,interpolation,1,plate|construct|dose_mM,construct,dose_mM,construct=AlteredYap1,plate=20260803|construct=AlteredYap1|dose_mM=4,AlteredYap1,,20260803,4.0,4,train,3,0.2,e00c13bcae570618f0813456a85217c5422e33ea2984a90c7c4f38aaca4dd350
real_biosensor,interpolation,1,plate|construct|dose_mM,construct,dose_mM,construct=AlteredYap1,plate=20260804|construct=AlteredYap1|dose_mM=0,AlteredYap1,,20260804,0.0,0,train,3,0.2,e00c13bcae570618f0813456a85217c5422e33ea2984a90c7c4f38aaca4dd350
real_biosensor,interpolation,1,plate|construct|dose_mM,construct,dose_mM,construct=AlteredYap1,plate=20260804|construct=AlteredYap1|dose_mM=0.1,AlteredYap1,,20260804,0.1,0.1,train,3,0.2,e00c13bcae570618f0813456a85217c5422e33ea2984a90c7c4f38aaca4dd350
real_biosensor,interpolation,1,plate|construct|dose_mM,construct,dose_mM,construct=AlteredYap1,plate=20260804|construct=AlteredYap1|dose_mM=0.5,AlteredYap1,,20260804,0.5,0.5,train,3,0.2,e00c13bcae570618f0813456a85217c5422e33ea2984a90c7c4f38aaca4dd350
real_biosensor,interpolation,1,plate|construct|dose_mM,construct,dose_mM,construct=AlteredYap1,plate=20260804|construct=AlteredYap1|dose_mM=1,AlteredYap1,,20260804,1.0,1,train,3,0.2,e00c13bcae570618f0813456a85217c5422e33ea2984a90c7c4f38aaca4dd350
real_biosensor,interpolation,1,plate|construct|dose_mM,construct,dose_mM,construct=AlteredYap1,plate=20260804|construct=AlteredYap1|dose_mM=2,AlteredYap1,,20260804,2.0,2,train,3,0.2,e00c13bcae570618f0813456a85217c5422e33ea2984a90c7c4f38aaca4dd350
real_biosensor,interpolation,1,plate|construct|dose_mM,construct,dose_mM,construct=AlteredYap1,plate=20260804|construct=AlteredYap1|dose_mM=4,AlteredYap1,,20260804,4.0,4,train,3,0.2,e00c13bcae570618f0813456a85217c5422e33ea2984a90c7c4f38aaca4dd350
real_biosensor,interpolation,1,plate|construct|dose_mM,construct,dose_mM,construct=NativeYap1,plate=20260722|construct=NativeYap1|dose_mM=1,NativeYap1,,20260722,1.0,1,test,3,1,e00c13bcae570618f0813456a85217c5422e33ea2984a90c7c4f38aaca4dd350
real_biosensor,interpolation,1,plate|construct|dose_mM,construct,dose_mM,construct=NativeYap1,plate=20260728|construct=NativeYap1|dose_mM=1,NativeYap1,,20260728,1.0,1,test,3,1,e00c13bcae570618f0813456a85217c5422e33ea2984a90c7c4f38aaca4dd350
real_biosensor,interpolation,1,plate|construct|dose_mM,construct,dose_mM,construct=NativeYap1,plate=20260803|construct=NativeYap1|dose_mM=1,NativeYap1,,20260803,1.0,1,test,3,1,e00c13bcae570618f0813456a85217c5422e33ea2984a90c7c4f38aaca4dd350
real_biosensor,interpolation,1,plate|construct|dose_mM,construct,dose_mM,construct=NativeYap1,plate=20260804|construct=NativeYap1|dose_mM=1,NativeYap1,,20260804,1.0,1,test,3,1,e00c13bcae570618f0813456a85217c5422e33ea2984a90c7c4f38aaca4dd350
real_biosensor,interpolation,1,plate|construct|dose_mM,construct,dose_mM,construct=NativeYap1,plate=20260722|construct=NativeYap1|dose_mM=0,NativeYap1,,20260722,0.0,0,train,3,1,e00c13bcae570618f0813456a85217c5422e33ea2984a90c7c4f38aaca4dd350
real_biosensor,interpolation,1,plate|construct|dose_mM,construct,dose_mM,construct=NativeYap1,plate=20260722|construct=NativeYap1|dose_mM=0.1,NativeYap1,,20260722,0.1,0.1,train,3,1,e00c13bcae570618f0813456a85217c5422e33ea2984a90c7c4f38aaca4dd350
real_biosensor,interpolation,1,plate|construct|dose_mM,construct,dose_mM,construct=NativeYap1,plate=20260722|construct=NativeYap1|dose_mM=0.2,NativeYap1,,20260722,0.2,0.2,train,3,1,e00c13bcae570618f0813456a85217c5422e33ea2984a90c7c4f38aaca4dd350
real_biosensor,interpolation,1,plate|construct|dose_mM,construct,dose_mM,construct=NativeYap1,plate=20260722|construct=NativeYap1|dose_mM=0.5,NativeYap1,,20260722,0.5,0.5,train,3,1,e00c13bcae570618f0813456a85217c5422e33ea2984a90c7c4f38aaca4dd350
real_biosensor,interpolation,1,plate|construct|dose_mM,construct,dose_mM,construct=NativeYap1,plate=20260722|construct=NativeYap1|dose_mM=2,NativeYap1,,20260722,2.0,2,train,3,1,e00c13bcae570618f0813456a85217c5422e33ea2984a90c7c4f38aaca4dd350
real_biosensor,interpolation,1,plate|construct|dose_mM,construct,dose_mM,construct=NativeYap1,plate=20260722|construct=NativeYap1|dose_mM=4,NativeYap1,,20260722,4.0,4,train,3,1,e00c13bcae570618f0813456a85217c5422e33ea2984a90c7c4f38aaca4dd350
real_biosensor,interpolation,1,plate|construct|dose_mM,construct,dose_mM,construct=NativeYap1,plate=20260728|construct=NativeYap1|dose_mM=0,NativeYap1,,20260728,0.0,0,train,3,1,e00c13bcae570618f0813456a85217c5422e33ea2984a90c7c4f38aaca4dd350
real_biosensor,interpolation,1,plate|construct|dose_mM,construct,dose_mM,construct=NativeYap1,plate=20260728|construct=NativeYap1|dose_mM=0.1,NativeYap1,,20260728,0.1,0.1,train,3,1,e00c13bcae570618f0813456a85217c5422e33ea2984a90c7c4f38aaca4dd350
real_biosensor,interpolation,1,plate|construct|dose_mM,construct,dose_mM,construct=NativeYap1,plate=20260728|construct=NativeYap1|dose_mM=0.2,NativeYap1,,20260728,0.2,0.2,train,3,1,e00c13bcae570618f0813456a85217c5422e33ea2984a90c7c4f38aaca4dd350
real_biosensor,interpolation,1,plate|construct|dose_mM,construct,dose_mM,construct=NativeYap1,plate=20260728|construct=NativeYap1|dose_mM=0.5,NativeYap1,,20260728,0.5,0.5,train,3,1,e00c13bcae570618f0813456a85217c5422e33ea2984a90c7c4f38aaca4dd350
real_biosensor,interpolation,1,plate|construct|dose_mM,construct,dose_mM,construct=NativeYap1,plate=20260728|construct=NativeYap1|dose_mM=2,NativeYap1,,20260728,2.0,2,train,3,1,e00c13bcae570618f0813456a85217c5422e33ea2984a90c7c4f38aaca4dd350
real_biosensor,interpolation,1,plate|construct|dose_mM,construct,dose_mM,construct=NativeYap1,plate=20260728|construct=NativeYap1|dose_mM=4,NativeYap1,,20260728,4.0,4,train,3,1,e00c13bcae570618f0813456a85217c5422e33ea2984a90c7c4f38aaca4dd350
real_biosensor,interpolation,1,plate|construct|dose_mM,construct,dose_mM,construct=NativeYap1,plate=20260803|construct=NativeYap1|dose_mM=0,NativeYap1,,20260803,0.0,0,train,3,1,e00c13bcae570618f0813456a85217c5422e33ea2984a90c7c4f38aaca4dd350
real_biosensor,interpolation,1,plate|construct|dose_mM,construct,dose_mM,construct=NativeYap1,plate=20260803|construct=NativeYap1|dose_mM=0.1,NativeYap1,,20260803,0.1,0.1,train,3,1,e00c13bcae570618f0813456a85217c5422e33ea2984a90c7c4f38aaca4dd350
real_biosensor,interpolation,1,plate|construct|dose_mM,construct,dose_mM,construct=NativeYap1,plate=20260803|construct=NativeYap1|dose_mM=0.2,NativeYap1,,20260803,0.2,0.2,train,3,1,e00c13bcae570618f0813456a85217c5422e33ea2984a90c7c4f38aaca4dd350
real_biosensor,interpolation,1,plate|construct|dose_mM,construct,dose_mM,construct=NativeYap1,plate=20260803|construct=NativeYap1|dose_mM=0.5,NativeYap1,,20260803,0.5,0.5,train,3,1,e00c13bcae570618f0813456a85217c5422e33ea2984a90c7c4f38aaca4dd350
real_biosensor,interpolation,1,plate|construct|dose_mM,construct,dose_mM,construct=NativeYap1,plate=20260803|construct=NativeYap1|dose_mM=2,NativeYap1,,20260803,2.0,2,train,3,1,e00c13bcae570618f0813456a85217c5422e33ea2984a90c7c4f38aaca4dd350
real_biosensor,interpolation,1,plate|construct|dose_mM,construct,dose_mM,construct=NativeYap1,plate=20260803|construct=NativeYap1|dose_mM=4,NativeYap1,,20260803,4.0,4,train,3,1,e00c13bcae570618f0813456a85217c5422e33ea2984a90c7c4f38aaca4dd350
real_biosensor,interpolation,1,plate|construct|dose_mM,construct,dose_mM,construct=NativeYap1,plate=20260804|construct=NativeYap1|dose_mM=0,NativeYap1,,20260804,0.0,0,train,3,1,e00c13bcae570618f0813456a85217c5422e33ea2984a90c7c4f38aaca4dd350
real_biosensor,interpolation,1,plate|construct|dose_mM,construct,dose_mM,construct=NativeYap1,plate=20260804|construct=NativeYap1|dose_mM=0.1,NativeYap1,,20260804,0.1,0.1,train,3,1,e00c13bcae570618f0813456a85217c5422e33ea2984a90c7c4f38aaca4dd350
real_biosensor,interpolation,1,plate|construct|dose_mM,construct,dose_mM,construct=NativeYap1,plate=20260804|construct=NativeYap1|dose_mM=0.2,NativeYap1,,20260804,0.2,0.2,train,3,1,e00c13bcae570618f0813456a85217c5422e33ea2984a90c7c4f38aaca4dd350
real_biosensor,interpolation,1,plate|construct|dose_mM,construct,dose_mM,construct=NativeYap1,plate=20260804|construct=NativeYap1|dose_mM=0.5,NativeYap1,,20260804,0.5,0.5,train,3,1,e00c13bcae570618f0813456a85217c5422e33ea2984a90c7c4f38aaca4dd350
real_biosensor,interpolation,1,plate|construct|dose_mM,construct,dose_mM,construct=NativeYap1,plate=20260804|construct=NativeYap1|dose_mM=2,NativeYap1,,20260804,2.0,2,train,3,1,e00c13bcae570618f0813456a85217c5422e33ea2984a90c7c4f38aaca4dd350
real_biosensor,interpolation,1,plate|construct|dose_mM,construct,dose_mM,construct=NativeYap1,plate=20260804|construct=NativeYap1|dose_mM=4,NativeYap1,,20260804,4.0,4,train,3,1,e00c13bcae570618f0813456a85217c5422e33ea2984a90c7c4f38aaca4dd350
real_biosensor,interpolation,1,plate|construct|dose_mM,construct,dose_mM,construct=UPRE1,plate=20260722|construct=UPRE1|dose_mM=0.5,UPRE1,,20260722,0.5,0.5,test,3,0.5,e00c13bcae570618f0813456a85217c5422e33ea2984a90c7c4f38aaca4dd350
real_biosensor,interpolation,1,plate|construct|dose_mM,construct,dose_mM,construct=UPRE1,plate=20260728|construct=UPRE1|dose_mM=0.5,UPRE1,,20260728,0.5,0.5,test,3,0.5,e00c13bcae570618f0813456a85217c5422e33ea2984a90c7c4f38aaca4dd350
real_biosensor,interpolation,1,plate|construct|dose_mM,construct,dose_mM,construct=UPRE1,plate=20260803|construct=UPRE1|dose_mM=0.5,UPRE1,,20260803,0.5,0.5,test,3,0.5,e00c13bcae570618f0813456a85217c5422e33ea2984a90c7c4f38aaca4dd350
real_biosensor,interpolation,1,plate|construct|dose_mM,construct,dose_mM,construct=UPRE1,plate=20260804|construct=UPRE1|dose_mM=0.5,UPRE1,,20260804,0.5,0.5,test,3,0.5,e00c13bcae570618f0813456a85217c5422e33ea2984a90c7c4f38aaca4dd350
real_biosensor,interpolation,1,plate|construct|dose_mM,construct,dose_mM,construct=UPRE1,plate=20260722|construct=UPRE1|dose_mM=0,UPRE1,,20260722,0.0,0,train,3,0.5,e00c13bcae570618f0813456a85217c5422e33ea2984a90c7c4f38aaca4dd350
real_biosensor,interpolation,1,plate|construct|dose_mM,construct,dose_mM,construct=UPRE1,plate=20260722|construct=UPRE1|dose_mM=0.1,UPRE1,,20260722,0.1,0.1,train,3,0.5,e00c13bcae570618f0813456a85217c5422e33ea2984a90c7c4f38aaca4dd350
real_biosensor,interpolation,1,plate|construct|dose_mM,construct,dose_mM,construct=UPRE1,plate=20260722|construct=UPRE1|dose_mM=0.2,UPRE1,,20260722,0.2,0.2,train,3,0.5,e00c13bcae570618f0813456a85217c5422e33ea2984a90c7c4f38aaca4dd350
real_biosensor,interpolation,1,plate|construct|dose_mM,construct,dose_mM,construct=UPRE1,plate=20260722|construct=UPRE1|dose_mM=1,UPRE1,,20260722,1.0,1,train,3,0.5,e00c13bcae570618f0813456a85217c5422e33ea2984a90c7c4f38aaca4dd350
real_biosensor,interpolation,1,plate|construct|dose_mM,construct,dose_mM,construct=UPRE1,plate=20260722|construct=UPRE1|dose_mM=2,UPRE1,,20260722,2.0,2,train,3,0.5,e00c13bcae570618f0813456a85217c5422e33ea2984a90c7c4f38aaca4dd350
real_biosensor,interpolation,1,plate|construct|dose_mM,construct,dose_mM,construct=UPRE1,plate=20260722|construct=UPRE1|dose_mM=5,UPRE1,,20260722,5.0,5,train,3,0.5,e00c13bcae570618f0813456a85217c5422e33ea2984a90c7c4f38aaca4dd350
real_biosensor,interpolation,1,plate|construct|dose_mM,construct,dose_mM,construct=UPRE1,plate=20260728|construct=UPRE1|dose_mM=0,UPRE1,,20260728,0.0,0,train,3,0.5,e00c13bcae570618f0813456a85217c5422e33ea2984a90c7c4f38aaca4dd350
real_biosensor,interpolation,1,plate|construct|dose_mM,construct,dose_mM,construct=UPRE1,plate=20260728|construct=UPRE1|dose_mM=0.1,UPRE1,,20260728,0.1,0.1,train,3,0.5,e00c13bcae570618f0813456a85217c5422e33ea2984a90c7c4f38aaca4dd350
real_biosensor,interpolation,1,plate|construct|dose_mM,construct,dose_mM,construct=UPRE1,plate=20260728|construct=UPRE1|dose_mM=0.2,UPRE1,,20260728,0.2,0.2,train,3,0.5,e00c13bcae570618f0813456a85217c5422e33ea2984a90c7c4f38aaca4dd350
real_biosensor,interpolation,1,plate|construct|dose_mM,construct,dose_mM,construct=UPRE1,plate=20260728|construct=UPRE1|dose_mM=1,UPRE1,,20260728,1.0,1,train,3,0.5,e00c13bcae570618f0813456a85217c5422e33ea2984a90c7c4f38aaca4dd350
real_biosensor,interpolation,1,plate|construct|dose_mM,construct,dose_mM,construct=UPRE1,plate=20260728|construct=UPRE1|dose_mM=2,UPRE1,,20260728,2.0,2,train,3,0.5,e00c13bcae570618f0813456a85217c5422e33ea2984a90c7c4f38aaca4dd350
real_biosensor,interpolation,1,plate|construct|dose_mM,construct,dose_mM,construct=UPRE1,plate=20260728|construct=UPRE1|dose_mM=5,UPRE1,,20260728,5.0,5,train,3,0.5,e00c13bcae570618f0813456a85217c5422e33ea2984a90c7c4f38aaca4dd350
real_biosensor,interpolation,1,plate|construct|dose_mM,construct,dose_mM,construct=UPRE1,plate=20260803|construct=UPRE1|dose_mM=0,UPRE1,,20260803,0.0,0,train,3,0.5,e00c13bcae570618f0813456a85217c5422e33ea2984a90c7c4f38aaca4dd350
real_biosensor,interpolation,1,plate|construct|dose_mM,construct,dose_mM,construct=UPRE1,plate=20260803|construct=UPRE1|dose_mM=0.1,UPRE1,,20260803,0.1,0.1,train,3,0.5,e00c13bcae570618f0813456a85217c5422e33ea2984a90c7c4f38aaca4dd350
real_biosensor,interpolation,1,plate|construct|dose_mM,construct,dose_mM,construct=UPRE1,plate=20260803|construct=UPRE1|dose_mM=0.2,UPRE1,,20260803,0.2,0.2,train,3,0.5,e00c13bcae570618f0813456a85217c5422e33ea2984a90c7c4f38aaca4dd350
real_biosensor,interpolation,1,plate|construct|dose_mM,construct,dose_mM,construct=UPRE1,plate=20260803|construct=UPRE1|dose_mM=1,UPRE1,,20260803,1.0,1,train,3,0.5,e00c13bcae570618f0813456a85217c5422e33ea2984a90c7c4f38aaca4dd350
real_biosensor,interpolation,1,plate|construct|dose_mM,construct,dose_mM,construct=UPRE1,plate=20260803|construct=UPRE1|dose_mM=2,UPRE1,,20260803,2.0,2,train,3,0.5,e00c13bcae570618f0813456a85217c5422e33ea2984a90c7c4f38aaca4dd350
real_biosensor,interpolation,1,plate|construct|dose_mM,construct,dose_mM,construct=UPRE1,plate=20260803|construct=UPRE1|dose_mM=5,UPRE1,,20260803,5.0,5,train,3,0.5,e00c13bcae570618f0813456a85217c5422e33ea2984a90c7c4f38aaca4dd350
real_biosensor,interpolation,1,plate|construct|dose_mM,construct,dose_mM,construct=UPRE1,plate=20260804|construct=UPRE1|dose_mM=0,UPRE1,,20260804,0.0,0,train,3,0.5,e00c13bcae570618f0813456a85217c5422e33ea2984a90c7c4f38aaca4dd350
real_biosensor,interpolation,1,plate|construct|dose_mM,construct,dose_mM,construct=UPRE1,plate=20260804|construct=UPRE1|dose_mM=0.1,UPRE1,,20260804,0.1,0.1,train,3,0.5,e00c13bcae570618f0813456a85217c5422e33ea2984a90c7c4f38aaca4dd350
real_biosensor,interpolation,1,plate|construct|dose_mM,construct,dose_mM,construct=UPRE1,plate=20260804|construct=UPRE1|dose_mM=0.2,UPRE1,,20260804,0.2,0.2,train,3,0.5,e00c13bcae570618f0813456a85217c5422e33ea2984a90c7c4f38aaca4dd350
real_biosensor,interpolation,1,plate|construct|dose_mM,construct,dose_mM,construct=UPRE1,plate=20260804|construct=UPRE1|dose_mM=1,UPRE1,,20260804,1.0,1,train,3,0.5,e00c13bcae570618f0813456a85217c5422e33ea2984a90c7c4f38aaca4dd350
real_biosensor,interpolation,1,plate|construct|dose_mM,construct,dose_mM,construct=UPRE1,plate=20260804|construct=UPRE1|dose_mM=2,UPRE1,,20260804,2.0,2,train,3,0.5,e00c13bcae570618f0813456a85217c5422e33ea2984a90c7c4f38aaca4dd350
real_biosensor,interpolation,1,plate|construct|dose_mM,construct,dose_mM,construct=UPRE1,plate=20260804|construct=UPRE1|dose_mM=5,UPRE1,,20260804,5.0,5,train,3,0.5,e00c13bcae570618f0813456a85217c5422e33ea2984a90c7c4f38aaca4dd350
real_biosensor,interpolation,1,plate|construct|dose_mM,construct,dose_mM,construct=UPRE2,plate=20260722|construct=UPRE2|dose_mM=0.5,UPRE2,,20260722,0.5,0.5,test,3,0.5,e00c13bcae570618f0813456a85217c5422e33ea2984a90c7c4f38aaca4dd350
real_biosensor,interpolation,1,plate|construct|dose_mM,construct,dose_mM,construct=UPRE2,plate=20260728|construct=UPRE2|dose_mM=0.5,UPRE2,,20260728,0.5,0.5,test,3,0.5,e00c13bcae570618f0813456a85217c5422e33ea2984a90c7c4f38aaca4dd350
real_biosensor,interpolation,1,plate|construct|dose_mM,construct,dose_mM,construct=UPRE2,plate=20260803|construct=UPRE2|dose_mM=0.5,UPRE2,,20260803,0.5,0.5,test,3,0.5,e00c13bcae570618f0813456a85217c5422e33ea2984a90c7c4f38aaca4dd350
real_biosensor,interpolation,1,plate|construct|dose_mM,construct,dose_mM,construct=UPRE2,plate=20260804|construct=UPRE2|dose_mM=0.5,UPRE2,,20260804,0.5,0.5,test,3,0.5,e00c13bcae570618f0813456a85217c5422e33ea2984a90c7c4f38aaca4dd350
real_biosensor,interpolation,1,plate|construct|dose_mM,construct,dose_mM,construct=UPRE2,plate=20260722|construct=UPRE2|dose_mM=0,UPRE2,,20260722,0.0,0,train,3,0.5,e00c13bcae570618f0813456a85217c5422e33ea2984a90c7c4f38aaca4dd350
real_biosensor,interpolation,1,plate|construct|dose_mM,construct,dose_mM,construct=UPRE2,plate=20260722|construct=UPRE2|dose_mM=0.1,UPRE2,,20260722,0.1,0.1,train,3,0.5,e00c13bcae570618f0813456a85217c5422e33ea2984a90c7c4f38aaca4dd350
real_biosensor,interpolation,1,plate|construct|dose_mM,construct,dose_mM,construct=UPRE2,plate=20260722|construct=UPRE2|dose_mM=0.2,UPRE2,,20260722,0.2,0.2,train,3,0.5,e00c13bcae570618f0813456a85217c5422e33ea2984a90c7c4f38aaca4dd350
real_biosensor,interpolation,1,plate|construct|dose_mM,construct,dose_mM,construct=UPRE2,plate=20260722|construct=UPRE2|dose_mM=1,UPRE2,,20260722,1.0,1,train,3,0.5,e00c13bcae570618f0813456a85217c5422e33ea2984a90c7c4f38aaca4dd350
real_biosensor,interpolation,1,plate|construct|dose_mM,construct,dose_mM,construct=UPRE2,plate=20260722|construct=UPRE2|dose_mM=2,UPRE2,,20260722,2.0,2,train,3,0.5,e00c13bcae570618f0813456a85217c5422e33ea2984a90c7c4f38aaca4dd350
real_biosensor,interpolation,1,plate|construct|dose_mM,construct,dose_mM,construct=UPRE2,plate=20260722|construct=UPRE2|dose_mM=5,UPRE2,,20260722,5.0,5,train,3,0.5,e00c13bcae570618f0813456a85217c5422e33ea2984a90c7c4f38aaca4dd350
real_biosensor,interpolation,1,plate|construct|dose_mM,construct,dose_mM,construct=UPRE2,plate=20260728|construct=UPRE2|dose_mM=0,UPRE2,,20260728,0.0,0,train,3,0.5,e00c13bcae570618f0813456a85217c5422e33ea2984a90c7c4f38aaca4dd350
real_biosensor,interpolation,1,plate|construct|dose_mM,construct,dose_mM,construct=UPRE2,plate=20260728|construct=UPRE2|dose_mM=0.1,UPRE2,,20260728,0.1,0.1,train,3,0.5,e00c13bcae570618f0813456a85217c5422e33ea2984a90c7c4f38aaca4dd350
real_biosensor,interpolation,1,plate|construct|dose_mM,construct,dose_mM,construct=UPRE2,plate=20260728|construct=UPRE2|dose_mM=0.2,UPRE2,,20260728,0.2,0.2,train,3,0.5,e00c13bcae570618f0813456a85217c5422e33ea2984a90c7c4f38aaca4dd350
real_biosensor,interpolation,1,plate|construct|dose_mM,construct,dose_mM,construct=UPRE2,plate=20260728|construct=UPRE2|dose_mM=1,UPRE2,,20260728,1.0,1,train,3,0.5,e00c13bcae570618f0813456a85217c5422e33ea2984a90c7c4f38aaca4dd350
real_biosensor,interpolation,1,plate|construct|dose_mM,construct,dose_mM,construct=UPRE2,plate=20260728|construct=UPRE2|dose_mM=2,UPRE2,,20260728,2.0,2,train,3,0.5,e00c13bcae570618f0813456a85217c5422e33ea2984a90c7c4f38aaca4dd350
real_biosensor,interpolation,1,plate|construct|dose_mM,construct,dose_mM,construct=UPRE2,plate=20260728|construct=UPRE2|dose_mM=5,UPRE2,,20260728,5.0,5,train,3,0.5,e00c13bcae570618f0813456a85217c5422e33ea2984a90c7c4f38aaca4dd350
real_biosensor,interpolation,1,plate|construct|dose_mM,construct,dose_mM,construct=UPRE2,plate=20260803|construct=UPRE2|dose_mM=0,UPRE2,,20260803,0.0,0,train,3,0.5,e00c13bcae570618f0813456a85217c5422e33ea2984a90c7c4f38aaca4dd350
real_biosensor,interpolation,1,plate|construct|dose_mM,construct,dose_mM,construct=UPRE2,plate=20260803|construct=UPRE2|dose_mM=0.1,UPRE2,,20260803,0.1,0.1,train,3,0.5,e00c13bcae570618f0813456a85217c5422e33ea2984a90c7c4f38aaca4dd350
real_biosensor,interpolation,1,plate|construct|dose_mM,construct,dose_mM,construct=UPRE2,plate=20260803|construct=UPRE2|dose_mM=0.2,UPRE2,,20260803,0.2,0.2,train,3,0.5,e00c13bcae570618f0813456a85217c5422e33ea2984a90c7c4f38aaca4dd350
real_biosensor,interpolation,1,plate|construct|dose_mM,construct,dose_mM,construct=UPRE2,plate=20260803|construct=UPRE2|dose_mM=1,UPRE2,,20260803,1.0,1,train,3,0.5,e00c13bcae570618f0813456a85217c5422e33ea2984a90c7c4f38aaca4dd350
real_biosensor,interpolation,1,plate|construct|dose_mM,construct,dose_mM,construct=UPRE2,plate=20260803|construct=UPRE2|dose_mM=2,UPRE2,,20260803,2.0,2,train,3,0.5,e00c13bcae570618f0813456a85217c5422e33ea2984a90c7c4f38aaca4dd350
real_biosensor,interpolation,1,plate|construct|dose_mM,construct,dose_mM,construct=UPRE2,plate=20260803|construct=UPRE2|dose_mM=5,UPRE2,,20260803,5.0,5,train,3,0.5,e00c13bcae570618f0813456a85217c5422e33ea2984a90c7c4f38aaca4dd350
real_biosensor,interpolation,1,plate|construct|dose_mM,construct,dose_mM,construct=UPRE2,plate=20260804|construct=UPRE2|dose_mM=0,UPRE2,,20260804,0.0,0,train,3,0.5,e00c13bcae570618f0813456a85217c5422e33ea2984a90c7c4f38aaca4dd350
real_biosensor,interpolation,1,plate|construct|dose_mM,construct,dose_mM,construct=UPRE2,plate=20260804|construct=UPRE2|dose_mM=0.1,UPRE2,,20260804,0.1,0.1,train,3,0.5,e00c13bcae570618f0813456a85217c5422e33ea2984a90c7c4f38aaca4dd350
real_biosensor,interpolation,1,plate|construct|dose_mM,construct,dose_mM,construct=UPRE2,plate=20260804|construct=UPRE2|dose_mM=0.2,UPRE2,,20260804,0.2,0.2,train,3,0.5,e00c13bcae570618f0813456a85217c5422e33ea2984a90c7c4f38aaca4dd350
real_biosensor,interpolation,1,plate|construct|dose_mM,construct,dose_mM,construct=UPRE2,plate=20260804|construct=UPRE2|dose_mM=1,UPRE2,,20260804,1.0,1,train,3,0.5,e00c13bcae570618f0813456a85217c5422e33ea2984a90c7c4f38aaca4dd350
real_biosensor,interpolation,1,plate|construct|dose_mM,construct,dose_mM,construct=UPRE2,plate=20260804|construct=UPRE2|dose_mM=2,UPRE2,,20260804,2.0,2,train,3,0.5,e00c13bcae570618f0813456a85217c5422e33ea2984a90c7c4f38aaca4dd350
real_biosensor,interpolation,1,plate|construct|dose_mM,construct,dose_mM,construct=UPRE2,plate=20260804|construct=UPRE2|dose_mM=5,UPRE2,,20260804,5.0,5,train,3,0.5,e00c13bcae570618f0813456a85217c5422e33ea2984a90c7c4f38aaca4dd350
real_biosensor,interpolation,2,plate|construct|dose_mM,construct,dose_mM,construct=AlteredYap1,plate=20260722|construct=AlteredYap1|dose_mM=2,AlteredYap1,,20260722,2.0,2,test,3,2,b812898431be3c72cfd4dcea937afa5105eac28b7769bfb3223d468dc9da60e3
real_biosensor,interpolation,2,plate|construct|dose_mM,construct,dose_mM,construct=AlteredYap1,plate=20260728|construct=AlteredYap1|dose_mM=2,AlteredYap1,,20260728,2.0,2,test,3,2,b812898431be3c72cfd4dcea937afa5105eac28b7769bfb3223d468dc9da60e3
real_biosensor,interpolation,2,plate|construct|dose_mM,construct,dose_mM,construct=AlteredYap1,plate=20260803|construct=AlteredYap1|dose_mM=2,AlteredYap1,,20260803,2.0,2,test,3,2,b812898431be3c72cfd4dcea937afa5105eac28b7769bfb3223d468dc9da60e3
real_biosensor,interpolation,2,plate|construct|dose_mM,construct,dose_mM,construct=AlteredYap1,plate=20260804|construct=AlteredYap1|dose_mM=2,AlteredYap1,,20260804,2.0,2,test,3,2,b812898431be3c72cfd4dcea937afa5105eac28b7769bfb3223d468dc9da60e3
real_biosensor,interpolation,2,plate|construct|dose_mM,construct,dose_mM,construct=AlteredYap1,plate=20260722|construct=AlteredYap1|dose_mM=0,AlteredYap1,,20260722,0.0,0,train,3,2,b812898431be3c72cfd4dcea937afa5105eac28b7769bfb3223d468dc9da60e3
real_biosensor,interpolation,2,plate|construct|dose_mM,construct,dose_mM,construct=AlteredYap1,plate=20260722|construct=AlteredYap1|dose_mM=0.1,AlteredYap1,,20260722,0.1,0.1,train,3,2,b812898431be3c72cfd4dcea937afa5105eac28b7769bfb3223d468dc9da60e3
real_biosensor,interpolation,2,plate|construct|dose_mM,construct,dose_mM,construct=AlteredYap1,plate=20260722|construct=AlteredYap1|dose_mM=0.2,AlteredYap1,,20260722,0.2,0.2,train,3,2,b812898431be3c72cfd4dcea937afa5105eac28b7769bfb3223d468dc9da60e3
real_biosensor,interpolation,2,plate|construct|dose_mM,construct,dose_mM,construct=AlteredYap1,plate=20260722|construct=AlteredYap1|dose_mM=0.5,AlteredYap1,,20260722,0.5,0.5,train,3,2,b812898431be3c72cfd4dcea937afa5105eac28b7769bfb3223d468dc9da60e3
real_biosensor,interpolation,2,plate|construct|dose_mM,construct,dose_mM,construct=AlteredYap1,plate=20260722|construct=AlteredYap1|dose_mM=1,AlteredYap1,,20260722,1.0,1,train,3,2,b812898431be3c72cfd4dcea937afa5105eac28b7769bfb3223d468dc9da60e3
real_biosensor,interpolation,2,plate|construct|dose_mM,construct,dose_mM,construct=AlteredYap1,plate=20260722|construct=AlteredYap1|dose_mM=4,AlteredYap1,,20260722,4.0,4,train,3,2,b812898431be3c72cfd4dcea937afa5105eac28b7769bfb3223d468dc9da60e3
real_biosensor,interpolation,2,plate|construct|dose_mM,construct,dose_mM,construct=AlteredYap1,plate=20260728|construct=AlteredYap1|dose_mM=0,AlteredYap1,,20260728,0.0,0,train,3,2,b812898431be3c72cfd4dcea937afa5105eac28b7769bfb3223d468dc9da60e3
real_biosensor,interpolation,2,plate|construct|dose_mM,construct,dose_mM,construct=AlteredYap1,plate=20260728|construct=AlteredYap1|dose_mM=0.1,AlteredYap1,,20260728,0.1,0.1,train,3,2,b812898431be3c72cfd4dcea937afa5105eac28b7769bfb3223d468dc9da60e3
real_biosensor,interpolation,2,plate|construct|dose_mM,construct,dose_mM,construct=AlteredYap1,plate=20260728|construct=AlteredYap1|dose_mM=0.2,AlteredYap1,,20260728,0.2,0.2,train,3,2,b812898431be3c72cfd4dcea937afa5105eac28b7769bfb3223d468dc9da60e3
real_biosensor,interpolation,2,plate|construct|dose_mM,construct,dose_mM,construct=AlteredYap1,plate=20260728|construct=AlteredYap1|dose_mM=0.5,AlteredYap1,,20260728,0.5,0.5,train,3,2,b812898431be3c72cfd4dcea937afa5105eac28b7769bfb3223d468dc9da60e3
real_biosensor,interpolation,2,plate|construct|dose_mM,construct,dose_mM,construct=AlteredYap1,plate=20260728|construct=AlteredYap1|dose_mM=1,AlteredYap1,,20260728,1.0,1,train,3,2,b812898431be3c72cfd4dcea937afa5105eac28b7769bfb3223d468dc9da60e3
real_biosensor,interpolation,2,plate|construct|dose_mM,construct,dose_mM,construct=AlteredYap1,plate=20260728|construct=AlteredYap1|dose_mM=4,AlteredYap1,,20260728,4.0,4,train,3,2,b812898431be3c72cfd4dcea937afa5105eac28b7769bfb3223d468dc9da60e3
real_biosensor,interpolation,2,plate|construct|dose_mM,construct,dose_mM,construct=AlteredYap1,plate=20260803|construct=AlteredYap1|dose_mM=0,AlteredYap1,,20260803,0.0,0,train,3,2,b812898431be3c72cfd4dcea937afa5105eac28b7769bfb3223d468dc9da60e3
real_biosensor,interpolation,2,plate|construct|dose_mM,construct,dose_mM,construct=AlteredYap1,plate=20260803|construct=AlteredYap1|dose_mM=0.1,AlteredYap1,,20260803,0.1,0.1,train,3,2,b812898431be3c72cfd4dcea937afa5105eac28b7769bfb3223d468dc9da60e3
real_biosensor,interpolation,2,plate|construct|dose_mM,construct,dose_mM,construct=AlteredYap1,plate=20260803|construct=AlteredYap1|dose_mM=0.2,AlteredYap1,,20260803,0.2,0.2,train,3,2,b812898431be3c72cfd4dcea937afa5105eac28b7769bfb3223d468dc9da60e3
real_biosensor,interpolation,2,plate|construct|dose_mM,construct,dose_mM,construct=AlteredYap1,plate=20260803|construct=AlteredYap1|dose_mM=0.5,AlteredYap1,,20260803,0.5,0.5,train,3,2,b812898431be3c72cfd4dcea937afa5105eac28b7769bfb3223d468dc9da60e3
real_biosensor,interpolation,2,plate|construct|dose_mM,construct,dose_mM,construct=AlteredYap1,plate=20260803|construct=AlteredYap1|dose_mM=1,AlteredYap1,,20260803,1.0,1,train,3,2,b812898431be3c72cfd4dcea937afa5105eac28b7769bfb3223d468dc9da60e3
real_biosensor,interpolation,2,plate|construct|dose_mM,construct,dose_mM,construct=AlteredYap1,plate=20260803|construct=AlteredYap1|dose_mM=4,AlteredYap1,,20260803,4.0,4,train,3,2,b812898431be3c72cfd4dcea937afa5105eac28b7769bfb3223d468dc9da60e3
real_biosensor,interpolation,2,plate|construct|dose_mM,construct,dose_mM,construct=AlteredYap1,plate=20260804|construct=AlteredYap1|dose_mM=0,AlteredYap1,,20260804,0.0,0,train,3,2,b812898431be3c72cfd4dcea937afa5105eac28b7769bfb3223d468dc9da60e3
real_biosensor,interpolation,2,plate|construct|dose_mM,construct,dose_mM,construct=AlteredYap1,plate=20260804|construct=AlteredYap1|dose_mM=0.1,AlteredYap1,,20260804,0.1,0.1,train,3,2,b812898431be3c72cfd4dcea937afa5105eac28b7769bfb3223d468dc9da60e3
real_biosensor,interpolation,2,plate|construct|dose_mM,construct,dose_mM,construct=AlteredYap1,plate=20260804|construct=AlteredYap1|dose_mM=0.2,AlteredYap1,,20260804,0.2,0.2,train,3,2,b812898431be3c72cfd4dcea937afa5105eac28b7769bfb3223d468dc9da60e3
real_biosensor,interpolation,2,plate|construct|dose_mM,construct,dose_mM,construct=AlteredYap1,plate=20260804|construct=AlteredYap1|dose_mM=0.5,AlteredYap1,,20260804,0.5,0.5,train,3,2,b812898431be3c72cfd4dcea937afa5105eac28b7769bfb3223d468dc9da60e3
real_biosensor,interpolation,2,plate|construct|dose_mM,construct,dose_mM,construct=AlteredYap1,plate=20260804|construct=AlteredYap1|dose_mM=1,AlteredYap1,,20260804,1.0,1,train,3,2,b812898431be3c72cfd4dcea937afa5105eac28b7769bfb3223d468dc9da60e3
real_biosensor,interpolation,2,plate|construct|dose_mM,construct,dose_mM,construct=AlteredYap1,plate=20260804|construct=AlteredYap1|dose_mM=4,AlteredYap1,,20260804,4.0,4,train,3,2,b812898431be3c72cfd4dcea937afa5105eac28b7769bfb3223d468dc9da60e3
real_biosensor,interpolation,2,plate|construct|dose_mM,construct,dose_mM,construct=NativeYap1,plate=20260722|construct=NativeYap1|dose_mM=0.1,NativeYap1,,20260722,0.1,0.1,test,3,0.1,b812898431be3c72cfd4dcea937afa5105eac28b7769bfb3223d468dc9da60e3
real_biosensor,interpolation,2,plate|construct|dose_mM,construct,dose_mM,construct=NativeYap1,plate=20260728|construct=NativeYap1|dose_mM=0.1,NativeYap1,,20260728,0.1,0.1,test,3,0.1,b812898431be3c72cfd4dcea937afa5105eac28b7769bfb3223d468dc9da60e3
real_biosensor,interpolation,2,plate|construct|dose_mM,construct,dose_mM,construct=NativeYap1,plate=20260803|construct=NativeYap1|dose_mM=0.1,NativeYap1,,20260803,0.1,0.1,test,3,0.1,b812898431be3c72cfd4dcea937afa5105eac28b7769bfb3223d468dc9da60e3
real_biosensor,interpolation,2,plate|construct|dose_mM,construct,dose_mM,construct=NativeYap1,plate=20260804|construct=NativeYap1|dose_mM=0.1,NativeYap1,,20260804,0.1,0.1,test,3,0.1,b812898431be3c72cfd4dcea937afa5105eac28b7769bfb3223d468dc9da60e3
real_biosensor,interpolation,2,plate|construct|dose_mM,construct,dose_mM,construct=NativeYap1,plate=20260722|construct=NativeYap1|dose_mM=0,NativeYap1,,20260722,0.0,0,train,3,0.1,b812898431be3c72cfd4dcea937afa5105eac28b7769bfb3223d468dc9da60e3
real_biosensor,interpolation,2,plate|construct|dose_mM,construct,dose_mM,construct=NativeYap1,plate=20260722|construct=NativeYap1|dose_mM=0.2,NativeYap1,,20260722,0.2,0.2,train,3,0.1,b812898431be3c72cfd4dcea937afa5105eac28b7769bfb3223d468dc9da60e3
real_biosensor,interpolation,2,plate|construct|dose_mM,construct,dose_mM,construct=NativeYap1,plate=20260722|construct=NativeYap1|dose_mM=0.5,NativeYap1,,20260722,0.5,0.5,train,3,0.1,b812898431be3c72cfd4dcea937afa5105eac28b7769bfb3223d468dc9da60e3
real_biosensor,interpolation,2,plate|construct|dose_mM,construct,dose_mM,construct=NativeYap1,plate=20260722|construct=NativeYap1|dose_mM=1,NativeYap1,,20260722,1.0,1,train,3,0.1,b812898431be3c72cfd4dcea937afa5105eac28b7769bfb3223d468dc9da60e3
real_biosensor,interpolation,2,plate|construct|dose_mM,construct,dose_mM,construct=NativeYap1,plate=20260722|construct=NativeYap1|dose_mM=2,NativeYap1,,20260722,2.0,2,train,3,0.1,b812898431be3c72cfd4dcea937afa5105eac28b7769bfb3223d468dc9da60e3
real_biosensor,interpolation,2,plate|construct|dose_mM,construct,dose_mM,construct=NativeYap1,plate=20260722|construct=NativeYap1|dose_mM=4,NativeYap1,,20260722,4.0,4,train,3,0.1,b812898431be3c72cfd4dcea937afa5105eac28b7769bfb3223d468dc9da60e3
real_biosensor,interpolation,2,plate|construct|dose_mM,construct,dose_mM,construct=NativeYap1,plate=20260728|construct=NativeYap1|dose_mM=0,NativeYap1,,20260728,0.0,0,train,3,0.1,b812898431be3c72cfd4dcea937afa5105eac28b7769bfb3223d468dc9da60e3
real_biosensor,interpolation,2,plate|construct|dose_mM,construct,dose_mM,construct=NativeYap1,plate=20260728|construct=NativeYap1|dose_mM=0.2,NativeYap1,,20260728,0.2,0.2,train,3,0.1,b812898431be3c72cfd4dcea937afa5105eac28b7769bfb3223d468dc9da60e3
real_biosensor,interpolation,2,plate|construct|dose_mM,construct,dose_mM,construct=NativeYap1,plate=20260728|construct=NativeYap1|dose_mM=0.5,NativeYap1,,20260728,0.5,0.5,train,3,0.1,b812898431be3c72cfd4dcea937afa5105eac28b7769bfb3223d468dc9da60e3
real_biosensor,interpolation,2,plate|construct|dose_mM,construct,dose_mM,construct=NativeYap1,plate=20260728|construct=NativeYap1|dose_mM=1,NativeYap1,,20260728,1.0,1,train,3,0.1,b812898431be3c72cfd4dcea937afa5105eac28b7769bfb3223d468dc9da60e3
real_biosensor,interpolation,2,plate|construct|dose_mM,construct,dose_mM,construct=NativeYap1,plate=20260728|construct=NativeYap1|dose_mM=2,NativeYap1,,20260728,2.0,2,train,3,0.1,b812898431be3c72cfd4dcea937afa5105eac28b7769bfb3223d468dc9da60e3
real_biosensor,interpolation,2,plate|construct|dose_mM,construct,dose_mM,construct=NativeYap1,plate=20260728|construct=NativeYap1|dose_mM=4,NativeYap1,,20260728,4.0,4,train,3,0.1,b812898431be3c72cfd4dcea937afa5105eac28b7769bfb3223d468dc9da60e3
real_biosensor,interpolation,2,plate|construct|dose_mM,construct,dose_mM,construct=NativeYap1,plate=20260803|construct=NativeYap1|dose_mM=0,NativeYap1,,20260803,0.0,0,train,3,0.1,b812898431be3c72cfd4dcea937afa5105eac28b7769bfb3223d468dc9da60e3
real_biosensor,interpolation,2,plate|construct|dose_mM,construct,dose_mM,construct=NativeYap1,plate=20260803|construct=NativeYap1|dose_mM=0.2,NativeYap1,,20260803,0.2,0.2,train,3,0.1,b812898431be3c72cfd4dcea937afa5105eac28b7769bfb3223d468dc9da60e3
real_biosensor,interpolation,2,plate|construct|dose_mM,construct,dose_mM,construct=NativeYap1,plate=20260803|construct=NativeYap1|dose_mM=0.5,NativeYap1,,20260803,0.5,0.5,train,3,0.1,b812898431be3c72cfd4dcea937afa5105eac28b7769bfb3223d468dc9da60e3
real_biosensor,interpolation,2,plate|construct|dose_mM,construct,dose_mM,construct=NativeYap1,plate=20260803|construct=NativeYap1|dose_mM=1,NativeYap1,,20260803,1.0,1,train,3,0.1,b812898431be3c72cfd4dcea937afa5105eac28b7769bfb3223d468dc9da60e3
real_biosensor,interpolation,2,plate|construct|dose_mM,construct,dose_mM,construct=NativeYap1,plate=20260803|construct=NativeYap1|dose_mM=2,NativeYap1,,20260803,2.0,2,train,3,0.1,b812898431be3c72cfd4dcea937afa5105eac28b7769bfb3223d468dc9da60e3
real_biosensor,interpolation,2,plate|construct|dose_mM,construct,dose_mM,construct=NativeYap1,plate=20260803|construct=NativeYap1|dose_mM=4,NativeYap1,,20260803,4.0,4,train,3,0.1,b812898431be3c72cfd4dcea937afa5105eac28b7769bfb3223d468dc9da60e3
real_biosensor,interpolation,2,plate|construct|dose_mM,construct,dose_mM,construct=NativeYap1,plate=20260804|construct=NativeYap1|dose_mM=0,NativeYap1,,20260804,0.0,0,train,3,0.1,b812898431be3c72cfd4dcea937afa5105eac28b7769bfb3223d468dc9da60e3
real_biosensor,interpolation,2,plate|construct|dose_mM,construct,dose_mM,construct=NativeYap1,plate=20260804|construct=NativeYap1|dose_mM=0.2,NativeYap1,,20260804,0.2,0.2,train,3,0.1,b812898431be3c72cfd4dcea937afa5105eac28b7769bfb3223d468dc9da60e3
real_biosensor,interpolation,2,plate|construct|dose_mM,construct,dose_mM,construct=NativeYap1,plate=20260804|construct=NativeYap1|dose_mM=0.5,NativeYap1,,20260804,0.5,0.5,train,3,0.1,b812898431be3c72cfd4dcea937afa5105eac28b7769bfb3223d468dc9da60e3
real_biosensor,interpolation,2,plate|construct|dose_mM,construct,dose_mM,construct=NativeYap1,plate=20260804|construct=NativeYap1|dose_mM=1,NativeYap1,,20260804,1.0,1,train,3,0.1,b812898431be3c72cfd4dcea937afa5105eac28b7769bfb3223d468dc9da60e3
real_biosensor,interpolation,2,plate|construct|dose_mM,construct,dose_mM,construct=NativeYap1,plate=20260804|construct=NativeYap1|dose_mM=2,NativeYap1,,20260804,2.0,2,train,3,0.1,b812898431be3c72cfd4dcea937afa5105eac28b7769bfb3223d468dc9da60e3
real_biosensor,interpolation,2,plate|construct|dose_mM,construct,dose_mM,construct=NativeYap1,plate=20260804|construct=NativeYap1|dose_mM=4,NativeYap1,,20260804,4.0,4,train,3,0.1,b812898431be3c72cfd4dcea937afa5105eac28b7769bfb3223d468dc9da60e3
real_biosensor,interpolation,2,plate|construct|dose_mM,construct,dose_mM,construct=UPRE1,plate=20260722|construct=UPRE1|dose_mM=1,UPRE1,,20260722,1.0,1,test,3,1,b812898431be3c72cfd4dcea937afa5105eac28b7769bfb3223d468dc9da60e3
real_biosensor,interpolation,2,plate|construct|dose_mM,construct,dose_mM,construct=UPRE1,plate=20260728|construct=UPRE1|dose_mM=1,UPRE1,,20260728,1.0,1,test,3,1,b812898431be3c72cfd4dcea937afa5105eac28b7769bfb3223d468dc9da60e3
real_biosensor,interpolation,2,plate|construct|dose_mM,construct,dose_mM,construct=UPRE1,plate=20260803|construct=UPRE1|dose_mM=1,UPRE1,,20260803,1.0,1,test,3,1,b812898431be3c72cfd4dcea937afa5105eac28b7769bfb3223d468dc9da60e3
real_biosensor,interpolation,2,plate|construct|dose_mM,construct,dose_mM,construct=UPRE1,plate=20260804|construct=UPRE1|dose_mM=1,UPRE1,,20260804,1.0,1,test,3,1,b812898431be3c72cfd4dcea937afa5105eac28b7769bfb3223d468dc9da60e3
real_biosensor,interpolation,2,plate|construct|dose_mM,construct,dose_mM,construct=UPRE1,plate=20260722|construct=UPRE1|dose_mM=0,UPRE1,,20260722,0.0,0,train,3,1,b812898431be3c72cfd4dcea937afa5105eac28b7769bfb3223d468dc9da60e3
real_biosensor,interpolation,2,plate|construct|dose_mM,construct,dose_mM,construct=UPRE1,plate=20260722|construct=UPRE1|dose_mM=0.1,UPRE1,,20260722,0.1,0.1,train,3,1,b812898431be3c72cfd4dcea937afa5105eac28b7769bfb3223d468dc9da60e3
real_biosensor,interpolation,2,plate|construct|dose_mM,construct,dose_mM,construct=UPRE1,plate=20260722|construct=UPRE1|dose_mM=0.2,UPRE1,,20260722,0.2,0.2,train,3,1,b812898431be3c72cfd4dcea937afa5105eac28b7769bfb3223d468dc9da60e3
real_biosensor,interpolation,2,plate|construct|dose_mM,construct,dose_mM,construct=UPRE1,plate=20260722|construct=UPRE1|dose_mM=0.5,UPRE1,,20260722,0.5,0.5,train,3,1,b812898431be3c72cfd4dcea937afa5105eac28b7769bfb3223d468dc9da60e3
real_biosensor,interpolation,2,plate|construct|dose_mM,construct,dose_mM,construct=UPRE1,plate=20260722|construct=UPRE1|dose_mM=2,UPRE1,,20260722,2.0,2,train,3,1,b812898431be3c72cfd4dcea937afa5105eac28b7769bfb3223d468dc9da60e3
real_biosensor,interpolation,2,plate|construct|dose_mM,construct,dose_mM,construct=UPRE1,plate=20260722|construct=UPRE1|dose_mM=5,UPRE1,,20260722,5.0,5,train,3,1,b812898431be3c72cfd4dcea937afa5105eac28b7769bfb3223d468dc9da60e3
real_biosensor,interpolation,2,plate|construct|dose_mM,construct,dose_mM,construct=UPRE1,plate=20260728|construct=UPRE1|dose_mM=0,UPRE1,,20260728,0.0,0,train,3,1,b812898431be3c72cfd4dcea937afa5105eac28b7769bfb3223d468dc9da60e3
real_biosensor,interpolation,2,plate|construct|dose_mM,construct,dose_mM,construct=UPRE1,plate=20260728|construct=UPRE1|dose_mM=0.1,UPRE1,,20260728,0.1,0.1,train,3,1,b812898431be3c72cfd4dcea937afa5105eac28b7769bfb3223d468dc9da60e3
real_biosensor,interpolation,2,plate|construct|dose_mM,construct,dose_mM,construct=UPRE1,plate=20260728|construct=UPRE1|dose_mM=0.2,UPRE1,,20260728,0.2,0.2,train,3,1,b812898431be3c72cfd4dcea937afa5105eac28b7769bfb3223d468dc9da60e3
real_biosensor,interpolation,2,plate|construct|dose_mM,construct,dose_mM,construct=UPRE1,plate=20260728|construct=UPRE1|dose_mM=0.5,UPRE1,,20260728,0.5,0.5,train,3,1,b812898431be3c72cfd4dcea937afa5105eac28b7769bfb3223d468dc9da60e3
real_biosensor,interpolation,2,plate|construct|dose_mM,construct,dose_mM,construct=UPRE1,plate=20260728|construct=UPRE1|dose_mM=2,UPRE1,,20260728,2.0,2,train,3,1,b812898431be3c72cfd4dcea937afa5105eac28b7769bfb3223d468dc9da60e3
real_biosensor,interpolation,2,plate|construct|dose_mM,construct,dose_mM,construct=UPRE1,plate=20260728|construct=UPRE1|dose_mM=5,UPRE1,,20260728,5.0,5,train,3,1,b812898431be3c72cfd4dcea937afa5105eac28b7769bfb3223d468dc9da60e3
real_biosensor,interpolation,2,plate|construct|dose_mM,construct,dose_mM,construct=UPRE1,plate=20260803|construct=UPRE1|dose_mM=0,UPRE1,,20260803,0.0,0,train,3,1,b812898431be3c72cfd4dcea937afa5105eac28b7769bfb3223d468dc9da60e3
real_biosensor,interpolation,2,plate|construct|dose_mM,construct,dose_mM,construct=UPRE1,plate=20260803|construct=UPRE1|dose_mM=0.1,UPRE1,,20260803,0.1,0.1,train,3,1,b812898431be3c72cfd4dcea937afa5105eac28b7769bfb3223d468dc9da60e3
real_biosensor,interpolation,2,plate|construct|dose_mM,construct,dose_mM,construct=UPRE1,plate=20260803|construct=UPRE1|dose_mM=0.2,UPRE1,,20260803,0.2,0.2,train,3,1,b812898431be3c72cfd4dcea937afa5105eac28b7769bfb3223d468dc9da60e3
real_biosensor,interpolation,2,plate|construct|dose_mM,construct,dose_mM,construct=UPRE1,plate=20260803|construct=UPRE1|dose_mM=0.5,UPRE1,,20260803,0.5,0.5,train,3,1,b812898431be3c72cfd4dcea937afa5105eac28b7769bfb3223d468dc9da60e3
real_biosensor,interpolation,2,plate|construct|dose_mM,construct,dose_mM,construct=UPRE1,plate=20260803|construct=UPRE1|dose_mM=2,UPRE1,,20260803,2.0,2,train,3,1,b812898431be3c72cfd4dcea937afa5105eac28b7769bfb3223d468dc9da60e3
real_biosensor,interpolation,2,plate|construct|dose_mM,construct,dose_mM,construct=UPRE1,plate=20260803|construct=UPRE1|dose_mM=5,UPRE1,,20260803,5.0,5,train,3,1,b812898431be3c72cfd4dcea937afa5105eac28b7769bfb3223d468dc9da60e3
real_biosensor,interpolation,2,plate|construct|dose_mM,construct,dose_mM,construct=UPRE1,plate=20260804|construct=UPRE1|dose_mM=0,UPRE1,,20260804,0.0,0,train,3,1,b812898431be3c72cfd4dcea937afa5105eac28b7769bfb3223d468dc9da60e3
real_biosensor,interpolation,2,plate|construct|dose_mM,construct,dose_mM,construct=UPRE1,plate=20260804|construct=UPRE1|dose_mM=0.1,UPRE1,,20260804,0.1,0.1,train,3,1,b812898431be3c72cfd4dcea937afa5105eac28b7769bfb3223d468dc9da60e3
real_biosensor,interpolation,2,plate|construct|dose_mM,construct,dose_mM,construct=UPRE1,plate=20260804|construct=UPRE1|dose_mM=0.2,UPRE1,,20260804,0.2,0.2,train,3,1,b812898431be3c72cfd4dcea937afa5105eac28b7769bfb3223d468dc9da60e3
real_biosensor,interpolation,2,plate|construct|dose_mM,construct,dose_mM,construct=UPRE1,plate=20260804|construct=UPRE1|dose_mM=0.5,UPRE1,,20260804,0.5,0.5,train,3,1,b812898431be3c72cfd4dcea937afa5105eac28b7769bfb3223d468dc9da60e3
real_biosensor,interpolation,2,plate|construct|dose_mM,construct,dose_mM,construct=UPRE1,plate=20260804|construct=UPRE1|dose_mM=2,UPRE1,,20260804,2.0,2,train,3,1,b812898431be3c72cfd4dcea937afa5105eac28b7769bfb3223d468dc9da60e3
real_biosensor,interpolation,2,plate|construct|dose_mM,construct,dose_mM,construct=UPRE1,plate=20260804|construct=UPRE1|dose_mM=5,UPRE1,,20260804,5.0,5,train,3,1,b812898431be3c72cfd4dcea937afa5105eac28b7769bfb3223d468dc9da60e3
real_biosensor,interpolation,2,plate|construct|dose_mM,construct,dose_mM,construct=UPRE2,plate=20260722|construct=UPRE2|dose_mM=0.5,UPRE2,,20260722,0.5,0.5,test,3,0.5,b812898431be3c72cfd4dcea937afa5105eac28b7769bfb3223d468dc9da60e3
real_biosensor,interpolation,2,plate|construct|dose_mM,construct,dose_mM,construct=UPRE2,plate=20260728|construct=UPRE2|dose_mM=0.5,UPRE2,,20260728,0.5,0.5,test,3,0.5,b812898431be3c72cfd4dcea937afa5105eac28b7769bfb3223d468dc9da60e3
real_biosensor,interpolation,2,plate|construct|dose_mM,construct,dose_mM,construct=UPRE2,plate=20260803|construct=UPRE2|dose_mM=0.5,UPRE2,,20260803,0.5,0.5,test,3,0.5,b812898431be3c72cfd4dcea937afa5105eac28b7769bfb3223d468dc9da60e3
real_biosensor,interpolation,2,plate|construct|dose_mM,construct,dose_mM,construct=UPRE2,plate=20260804|construct=UPRE2|dose_mM=0.5,UPRE2,,20260804,0.5,0.5,test,3,0.5,b812898431be3c72cfd4dcea937afa5105eac28b7769bfb3223d468dc9da60e3
real_biosensor,interpolation,2,plate|construct|dose_mM,construct,dose_mM,construct=UPRE2,plate=20260722|construct=UPRE2|dose_mM=0,UPRE2,,20260722,0.0,0,train,3,0.5,b812898431be3c72cfd4dcea937afa5105eac28b7769bfb3223d468dc9da60e3
real_biosensor,interpolation,2,plate|construct|dose_mM,construct,dose_mM,construct=UPRE2,plate=20260722|construct=UPRE2|dose_mM=0.1,UPRE2,,20260722,0.1,0.1,train,3,0.5,b812898431be3c72cfd4dcea937afa5105eac28b7769bfb3223d468dc9da60e3
real_biosensor,interpolation,2,plate|construct|dose_mM,construct,dose_mM,construct=UPRE2,plate=20260722|construct=UPRE2|dose_mM=0.2,UPRE2,,20260722,0.2,0.2,train,3,0.5,b812898431be3c72cfd4dcea937afa5105eac28b7769bfb3223d468dc9da60e3
real_biosensor,interpolation,2,plate|construct|dose_mM,construct,dose_mM,construct=UPRE2,plate=20260722|construct=UPRE2|dose_mM=1,UPRE2,,20260722,1.0,1,train,3,0.5,b812898431be3c72cfd4dcea937afa5105eac28b7769bfb3223d468dc9da60e3
real_biosensor,interpolation,2,plate|construct|dose_mM,construct,dose_mM,construct=UPRE2,plate=20260722|construct=UPRE2|dose_mM=2,UPRE2,,20260722,2.0,2,train,3,0.5,b812898431be3c72cfd4dcea937afa5105eac28b7769bfb3223d468dc9da60e3
real_biosensor,interpolation,2,plate|construct|dose_mM,construct,dose_mM,construct=UPRE2,plate=20260722|construct=UPRE2|dose_mM=5,UPRE2,,20260722,5.0,5,train,3,0.5,b812898431be3c72cfd4dcea937afa5105eac28b7769bfb3223d468dc9da60e3
real_biosensor,interpolation,2,plate|construct|dose_mM,construct,dose_mM,construct=UPRE2,plate=20260728|construct=UPRE2|dose_mM=0,UPRE2,,20260728,0.0,0,train,3,0.5,b812898431be3c72cfd4dcea937afa5105eac28b7769bfb3223d468dc9da60e3
real_biosensor,interpolation,2,plate|construct|dose_mM,construct,dose_mM,construct=UPRE2,plate=20260728|construct=UPRE2|dose_mM=0.1,UPRE2,,20260728,0.1,0.1,train,3,0.5,b812898431be3c72cfd4dcea937afa5105eac28b7769bfb3223d468dc9da60e3
real_biosensor,interpolation,2,plate|construct|dose_mM,construct,dose_mM,construct=UPRE2,plate=20260728|construct=UPRE2|dose_mM=0.2,UPRE2,,20260728,0.2,0.2,train,3,0.5,b812898431be3c72cfd4dcea937afa5105eac28b7769bfb3223d468dc9da60e3
real_biosensor,interpolation,2,plate|construct|dose_mM,construct,dose_mM,construct=UPRE2,plate=20260728|construct=UPRE2|dose_mM=1,UPRE2,,20260728,1.0,1,train,3,0.5,b812898431be3c72cfd4dcea937afa5105eac28b7769bfb3223d468dc9da60e3
real_biosensor,interpolation,2,plate|construct|dose_mM,construct,dose_mM,construct=UPRE2,plate=20260728|construct=UPRE2|dose_mM=2,UPRE2,,20260728,2.0,2,train,3,0.5,b812898431be3c72cfd4dcea937afa5105eac28b7769bfb3223d468dc9da60e3
real_biosensor,interpolation,2,plate|construct|dose_mM,construct,dose_mM,construct=UPRE2,plate=20260728|construct=UPRE2|dose_mM=5,UPRE2,,20260728,5.0,5,train,3,0.5,b812898431be3c72cfd4dcea937afa5105eac28b7769bfb3223d468dc9da60e3
real_biosensor,interpolation,2,plate|construct|dose_mM,construct,dose_mM,construct=UPRE2,plate=20260803|construct=UPRE2|dose_mM=0,UPRE2,,20260803,0.0,0,train,3,0.5,b812898431be3c72cfd4dcea937afa5105eac28b7769bfb3223d468dc9da60e3
real_biosensor,interpolation,2,plate|construct|dose_mM,construct,dose_mM,construct=UPRE2,plate=20260803|construct=UPRE2|dose_mM=0.1,UPRE2,,20260803,0.1,0.1,train,3,0.5,b812898431be3c72cfd4dcea937afa5105eac28b7769bfb3223d468dc9da60e3
real_biosensor,interpolation,2,plate|construct|dose_mM,construct,dose_mM,construct=UPRE2,plate=20260803|construct=UPRE2|dose_mM=0.2,UPRE2,,20260803,0.2,0.2,train,3,0.5,b812898431be3c72cfd4dcea937afa5105eac28b7769bfb3223d468dc9da60e3
real_biosensor,interpolation,2,plate|construct|dose_mM,construct,dose_mM,construct=UPRE2,plate=20260803|construct=UPRE2|dose_mM=1,UPRE2,,20260803,1.0,1,train,3,0.5,b812898431be3c72cfd4dcea937afa5105eac28b7769bfb3223d468dc9da60e3
real_biosensor,interpolation,2,plate|construct|dose_mM,construct,dose_mM,construct=UPRE2,plate=20260803|construct=UPRE2|dose_mM=2,UPRE2,,20260803,2.0,2,train,3,0.5,b812898431be3c72cfd4dcea937afa5105eac28b7769bfb3223d468dc9da60e3
real_biosensor,interpolation,2,plate|construct|dose_mM,construct,dose_mM,construct=UPRE2,plate=20260803|construct=UPRE2|dose_mM=5,UPRE2,,20260803,5.0,5,train,3,0.5,b812898431be3c72cfd4dcea937afa5105eac28b7769bfb3223d468dc9da60e3
real_biosensor,interpolation,2,plate|construct|dose_mM,construct,dose_mM,construct=UPRE2,plate=20260804|construct=UPRE2|dose_mM=0,UPRE2,,20260804,0.0,0,train,3,0.5,b812898431be3c72cfd4dcea937afa5105eac28b7769bfb3223d468dc9da60e3
real_biosensor,interpolation,2,plate|construct|dose_mM,construct,dose_mM,construct=UPRE2,plate=20260804|construct=UPRE2|dose_mM=0.1,UPRE2,,20260804,0.1,0.1,train,3,0.5,b812898431be3c72cfd4dcea937afa5105eac28b7769bfb3223d468dc9da60e3
real_biosensor,interpolation,2,plate|construct|dose_mM,construct,dose_mM,construct=UPRE2,plate=20260804|construct=UPRE2|dose_mM=0.2,UPRE2,,20260804,0.2,0.2,train,3,0.5,b812898431be3c72cfd4dcea937afa5105eac28b7769bfb3223d468dc9da60e3
real_biosensor,interpolation,2,plate|construct|dose_mM,construct,dose_mM,construct=UPRE2,plate=20260804|construct=UPRE2|dose_mM=1,UPRE2,,20260804,1.0,1,train,3,0.5,b812898431be3c72cfd4dcea937afa5105eac28b7769bfb3223d468dc9da60e3
real_biosensor,interpolation,2,plate|construct|dose_mM,construct,dose_mM,construct=UPRE2,plate=20260804|construct=UPRE2|dose_mM=2,UPRE2,,20260804,2.0,2,train,3,0.5,b812898431be3c72cfd4dcea937afa5105eac28b7769bfb3223d468dc9da60e3
real_biosensor,interpolation,2,plate|construct|dose_mM,construct,dose_mM,construct=UPRE2,plate=20260804|construct=UPRE2|dose_mM=5,UPRE2,,20260804,5.0,5,train,3,0.5,b812898431be3c72cfd4dcea937afa5105eac28b7769bfb3223d468dc9da60e3
simulated_panel,extrapolation,0,stressor|dose_mM,stressor,dose_mM,stressor=BPS,stressor=BPS|dose_mM=82.5,,BPS,,82.5,82.5,test,3,82.5,aa0c6e84ee136633b9415a505e00cdc4bf9185bcd61dc502ac20961d08068c46
simulated_panel,extrapolation,0,stressor|dose_mM,stressor,dose_mM,stressor=BPS,stressor=BPS|dose_mM=10.3125,,BPS,,10.3125,10.3125,train,3,82.5,aa0c6e84ee136633b9415a505e00cdc4bf9185bcd61dc502ac20961d08068c46
simulated_panel,extrapolation,0,stressor|dose_mM,stressor,dose_mM,stressor=BPS,stressor=BPS|dose_mM=20.625,,BPS,,20.62499999999999,20.625,train,3,82.5,aa0c6e84ee136633b9415a505e00cdc4bf9185bcd61dc502ac20961d08068c46
simulated_panel,extrapolation,0,stressor|dose_mM,stressor,dose_mM,stressor=BPS,stressor=BPS|dose_mM=41.25,,BPS,,41.249999999999986,41.25,train,3,82.5,aa0c6e84ee136633b9415a505e00cdc4bf9185bcd61dc502ac20961d08068c46
simulated_panel,extrapolation,0,stressor|dose_mM,stressor,dose_mM,stressor=BPS,stressor=BPS|dose_mM=5.15625,,BPS,,5.15625,5.15625,train,3,82.5,aa0c6e84ee136633b9415a505e00cdc4bf9185bcd61dc502ac20961d08068c46
simulated_panel,extrapolation,0,stressor|dose_mM,stressor,dose_mM,stressor=DTT,stressor=DTT|dose_mM=0.8525,,DTT,,0.8525000000000001,0.8525,test,3,0.8525,aa0c6e84ee136633b9415a505e00cdc4bf9185bcd61dc502ac20961d08068c46
simulated_panel,extrapolation,0,stressor|dose_mM,stressor,dose_mM,stressor=DTT,stressor=DTT|dose_mM=0.05328125,,DTT,,0.05328125000000001,0.05328125,train,3,0.8525,aa0c6e84ee136633b9415a505e00cdc4bf9185bcd61dc502ac20961d08068c46
simulated_panel,extrapolation,0,stressor|dose_mM,stressor,dose_mM,stressor=DTT,stressor=DTT|dose_mM=0.1065625,,DTT,,0.10656250000000005,0.1065625,train,3,0.8525,aa0c6e84ee136633b9415a505e00cdc4bf9185bcd61dc502ac20961d08068c46
simulated_panel,extrapolation,0,stressor|dose_mM,stressor,dose_mM,stressor=DTT,stressor=DTT|dose_mM=0.213125,,DTT,,0.21312500000000006,0.213125,train,3,0.8525,aa0c6e84ee136633b9415a505e00cdc4bf9185bcd61dc502ac20961d08068c46
simulated_panel,extrapolation,0,stressor|dose_mM,stressor,dose_mM,stressor=DTT,stressor=DTT|dose_mM=0.42625,,DTT,,0.42625000000000013,0.42625,train,3,0.8525,aa0c6e84ee136633b9415a505e00cdc4bf9185bcd61dc502ac20961d08068c46
simulated_panel,extrapolation,0,stressor|dose_mM,stressor,dose_mM,stressor=DTT+H2O2,stressor=DTT+H2O2|dose_mM=0.8525,,DTT+H2O2,,0.8525000000000001,0.8525,test,3,0.8525,aa0c6e84ee136633b9415a505e00cdc4bf9185bcd61dc502ac20961d08068c46
simulated_panel,extrapolation,0,stressor|dose_mM,stressor,dose_mM,stressor=DTT+H2O2,stressor=DTT+H2O2|dose_mM=0.05328125,,DTT+H2O2,,0.05328125000000001,0.05328125,train,3,0.8525,aa0c6e84ee136633b9415a505e00cdc4bf9185bcd61dc502ac20961d08068c46
simulated_panel,extrapolation,0,stressor|dose_mM,stressor,dose_mM,stressor=DTT+H2O2,stressor=DTT+H2O2|dose_mM=0.1065625,,DTT+H2O2,,0.10656250000000005,0.1065625,train,3,0.8525,aa0c6e84ee136633b9415a505e00cdc4bf9185bcd61dc502ac20961d08068c46
simulated_panel,extrapolation,0,stressor|dose_mM,stressor,dose_mM,stressor=DTT+H2O2,stressor=DTT+H2O2|dose_mM=0.213125,,DTT+H2O2,,0.21312500000000006,0.213125,train,3,0.8525,aa0c6e84ee136633b9415a505e00cdc4bf9185bcd61dc502ac20961d08068c46
simulated_panel,extrapolation,0,stressor|dose_mM,stressor,dose_mM,stressor=DTT+H2O2,stressor=DTT+H2O2|dose_mM=0.42625,,DTT+H2O2,,0.42625000000000013,0.42625,train,3,0.8525,aa0c6e84ee136633b9415a505e00cdc4bf9185bcd61dc502ac20961d08068c46
simulated_panel,extrapolation,0,stressor|dose_mM,stressor,dose_mM,stressor=H2O2,stressor=H2O2|dose_mM=0.55,,H2O2,,0.55,0.55,test,3,0.55,aa0c6e84ee136633b9415a505e00cdc4bf9185bcd61dc502ac20961d08068c46
simulated_panel,extrapolation,0,stressor|dose_mM,stressor,dose_mM,stressor=H2O2,stressor=H2O2|dose_mM=0.034375,,H2O2,,0.034375,0.034375,train,3,0.55,aa0c6e84ee136633b9415a505e00cdc4bf9185bcd61dc502ac20961d08068c46
simulated_panel,extrapolation,0,stressor|dose_mM,stressor,dose_mM,stressor=H2O2,stressor=H2O2|dose_mM=0.06875,,H2O2,,0.06875000000000002,0.06875,train,3,0.55,aa0c6e84ee136633b9415a505e00cdc4bf9185bcd61dc502ac20961d08068c46
simulated_panel,extrapolation,0,stressor|dose_mM,stressor,dose_mM,stressor=H2O2,stressor=H2O2|dose_mM=0.1375,,H2O2,,0.1375,0.1375,train,3,0.55,aa0c6e84ee136633b9415a505e00cdc4bf9185bcd61dc502ac20961d08068c46
simulated_panel,extrapolation,0,stressor|dose_mM,stressor,dose_mM,stressor=H2O2,stressor=H2O2|dose_mM=0.275,,H2O2,,0.27499999999999997,0.275,train,3,0.55,aa0c6e84ee136633b9415a505e00cdc4bf9185bcd61dc502ac20961d08068c46
simulated_panel,extrapolation,0,stressor|dose_mM,stressor,dose_mM,stressor=MG132,stressor=MG132|dose_mM=66,,MG132,,66.0,66,test,3,66,aa0c6e84ee136633b9415a505e00cdc4bf9185bcd61dc502ac20961d08068c46
simulated_panel,extrapolation,0,stressor|dose_mM,stressor,dose_mM,stressor=MG132,stressor=MG132|dose_mM=16.5,,MG132,,16.5,16.5,train,3,66,aa0c6e84ee136633b9415a505e00cdc4bf9185bcd61dc502ac20961d08068c46
simulated_panel,extrapolation,0,stressor|dose_mM,stressor,dose_mM,stressor=MG132,stressor=MG132|dose_mM=33,,MG132,,33.0,33,train,3,66,aa0c6e84ee136633b9415a505e00cdc4bf9185bcd61dc502ac20961d08068c46
simulated_panel,extrapolation,0,stressor|dose_mM,stressor,dose_mM,stressor=MG132,stressor=MG132|dose_mM=4.125,,MG132,,4.125,4.125,train,3,66,aa0c6e84ee136633b9415a505e00cdc4bf9185bcd61dc502ac20961d08068c46
simulated_panel,extrapolation,0,stressor|dose_mM,stressor,dose_mM,stressor=MG132,stressor=MG132|dose_mM=8.25,,MG132,,8.25,8.25,train,3,66,aa0c6e84ee136633b9415a505e00cdc4bf9185bcd61dc502ac20961d08068c46
simulated_panel,extrapolation,0,stressor|dose_mM,stressor,dose_mM,stressor=MMS,stressor=MMS|dose_mM=0.033,,MMS,,0.033,0.033,test,3,0.033,aa0c6e84ee136633b9415a505e00cdc4bf9185bcd61dc502ac20961d08068c46
simulated_panel,extrapolation,0,stressor|dose_mM,stressor,dose_mM,stressor=MMS,stressor=MMS|dose_mM=0.0020625,,MMS,,0.0020625,0.0020625,train,3,0.033,aa0c6e84ee136633b9415a505e00cdc4bf9185bcd61dc502ac20961d08068c46
simulated_panel,extrapolation,0,stressor|dose_mM,stressor,dose_mM,stressor=MMS,stressor=MMS|dose_mM=0.004125,,MMS,,0.0041249999999999985,0.004125,train,3,0.033,aa0c6e84ee136633b9415a505e00cdc4bf9185bcd61dc502ac20961d08068c46
simulated_panel,extrapolation,0,stressor|dose_mM,stressor,dose_mM,stressor=MMS,stressor=MMS|dose_mM=0.00825,,MMS,,0.008249999999999999,0.00825,train,3,0.033,aa0c6e84ee136633b9415a505e00cdc4bf9185bcd61dc502ac20961d08068c46
simulated_panel,extrapolation,0,stressor|dose_mM,stressor,dose_mM,stressor=MMS,stressor=MMS|dose_mM=0.0165,,MMS,,0.0165,0.0165,train,3,0.033,aa0c6e84ee136633b9415a505e00cdc4bf9185bcd61dc502ac20961d08068c46
simulated_panel,extrapolation,0,stressor|dose_mM,stressor,dose_mM,stressor=NaCl,stressor=NaCl|dose_mM=0.825,,NaCl,,0.8250000000000001,0.825,test,3,0.825,aa0c6e84ee136633b9415a505e00cdc4bf9185bcd61dc502ac20961d08068c46
simulated_panel,extrapolation,0,stressor|dose_mM,stressor,dose_mM,stressor=NaCl,stressor=NaCl|dose_mM=0.0515625,,NaCl,,0.051562500000000004,0.0515625,train,3,0.825,aa0c6e84ee136633b9415a505e00cdc4bf9185bcd61dc502ac20961d08068c46
simulated_panel,extrapolation,0,stressor|dose_mM,stressor,dose_mM,stressor=NaCl,stressor=NaCl|dose_mM=0.103125,,NaCl,,0.10312500000000002,0.103125,train,3,0.825,aa0c6e84ee136633b9415a505e00cdc4bf9185bcd61dc502ac20961d08068c46
simulated_panel,extrapolation,0,stressor|dose_mM,stressor,dose_mM,stressor=NaCl,stressor=NaCl|dose_mM=0.20625,,NaCl,,0.20625000000000002,0.20625,train,3,0.825,aa0c6e84ee136633b9415a505e00cdc4bf9185bcd61dc502ac20961d08068c46
simulated_panel,extrapolation,0,stressor|dose_mM,stressor,dose_mM,stressor=NaCl,stressor=NaCl|dose_mM=0.4125,,NaCl,,0.4125,0.4125,train,3,0.825,aa0c6e84ee136633b9415a505e00cdc4bf9185bcd61dc502ac20961d08068c46
simulated_panel,extrapolation,0,stressor|dose_mM,stressor,dose_mM,stressor=TPEN,stressor=TPEN|dose_mM=16.5,,TPEN,,16.5,16.5,test,3,16.5,aa0c6e84ee136633b9415a505e00cdc4bf9185bcd61dc502ac20961d08068c46
simulated_panel,extrapolation,0,stressor|dose_mM,stressor,dose_mM,stressor=TPEN,stressor=TPEN|dose_mM=1.03125,,TPEN,,1.03125,1.03125,train,3,16.5,aa0c6e84ee136633b9415a505e00cdc4bf9185bcd61dc502ac20961d08068c46
simulated_panel,extrapolation,0,stressor|dose_mM,stressor,dose_mM,stressor=TPEN,stressor=TPEN|dose_mM=2.0625,,TPEN,,2.0625,2.0625,train,3,16.5,aa0c6e84ee136633b9415a505e00cdc4bf9185bcd61dc502ac20961d08068c46
simulated_panel,extrapolation,0,stressor|dose_mM,stressor,dose_mM,stressor=TPEN,stressor=TPEN|dose_mM=4.125,,TPEN,,4.125,4.125,train,3,16.5,aa0c6e84ee136633b9415a505e00cdc4bf9185bcd61dc502ac20961d08068c46
simulated_panel,extrapolation,0,stressor|dose_mM,stressor,dose_mM,stressor=TPEN,stressor=TPEN|dose_mM=8.25,,TPEN,,8.249999999999998,8.25,train,3,16.5,aa0c6e84ee136633b9415a505e00cdc4bf9185bcd61dc502ac20961d08068c46
simulated_panel,extrapolation,0,stressor|dose_mM,stressor,dose_mM,stressor=acetic_acid,stressor=acetic_acid|dose_mM=99,,acetic_acid,,99.00000000000001,99,test,3,99,aa0c6e84ee136633b9415a505e00cdc4bf9185bcd61dc502ac20961d08068c46
simulated_panel,extrapolation,0,stressor|dose_mM,stressor,dose_mM,stressor=acetic_acid,stressor=acetic_acid|dose_mM=12.375,,acetic_acid,,12.375000000000002,12.375,train,3,99,aa0c6e84ee136633b9415a505e00cdc4bf9185bcd61dc502ac20961d08068c46
simulated_panel,extrapolation,0,stressor|dose_mM,stressor,dose_mM,stressor=acetic_acid,stressor=acetic_acid|dose_mM=24.75,,acetic_acid,,24.750000000000004,24.75,train,3,99,aa0c6e84ee136633b9415a505e00cdc4bf9185bcd61dc502ac20961d08068c46
simulated_panel,extrapolation,0,stressor|dose_mM,stressor,dose_mM,stressor=acetic_acid,stressor=acetic_acid|dose_mM=49.5,,acetic_acid,,49.49999999999999,49.5,train,3,99,aa0c6e84ee136633b9415a505e00cdc4bf9185bcd61dc502ac20961d08068c46
simulated_panel,extrapolation,0,stressor|dose_mM,stressor,dose_mM,stressor=acetic_acid,stressor=acetic_acid|dose_mM=6.1875,,acetic_acid,,6.187500000000001,6.1875,train,3,99,aa0c6e84ee136633b9415a505e00cdc4bf9185bcd61dc502ac20961d08068c46
simulated_panel,extrapolation,0,stressor|dose_mM,stressor,dose_mM,stressor=antimycin_A,stressor=antimycin_A|dose_mM=8.25,,antimycin_A,,8.25,8.25,test,3,8.25,aa0c6e84ee136633b9415a505e00cdc4bf9185bcd61dc502ac20961d08068c46
simulated_panel,extrapolation,0,stressor|dose_mM,stressor,dose_mM,stressor=antimycin_A,stressor=antimycin_A|dose_mM=0.515625,,antimycin_A,,0.515625,0.515625,train,3,8.25,aa0c6e84ee136633b9415a505e00cdc4bf9185bcd61dc502ac20961d08068c46
simulated_panel,extrapolation,0,stressor|dose_mM,stressor,dose_mM,stressor=antimycin_A,stressor=antimycin_A|dose_mM=1.03125,,antimycin_A,,1.03125,1.03125,train,3,8.25,aa0c6e84ee136633b9415a505e00cdc4bf9185bcd61dc502ac20961d08068c46
simulated_panel,extrapolation,0,stressor|dose_mM,stressor,dose_mM,stressor=antimycin_A,stressor=antimycin_A|dose_mM=2.0625,,antimycin_A,,2.0625,2.0625,train,3,8.25,aa0c6e84ee136633b9415a505e00cdc4bf9185bcd61dc502ac20961d08068c46
simulated_panel,extrapolation,0,stressor|dose_mM,stressor,dose_mM,stressor=antimycin_A,stressor=antimycin_A|dose_mM=4.125,,antimycin_A,,4.125,4.125,train,3,8.25,aa0c6e84ee136633b9415a505e00cdc4bf9185bcd61dc502ac20961d08068c46
simulated_panel,extrapolation,0,stressor|dose_mM,stressor,dose_mM,stressor=caffeine,stressor=caffeine|dose_mM=16.5,,caffeine,,16.5,16.5,test,3,16.5,aa0c6e84ee136633b9415a505e00cdc4bf9185bcd61dc502ac20961d08068c46
simulated_panel,extrapolation,0,stressor|dose_mM,stressor,dose_mM,stressor=caffeine,stressor=caffeine|dose_mM=1.03125,,caffeine,,1.03125,1.03125,train,3,16.5,aa0c6e84ee136633b9415a505e00cdc4bf9185bcd61dc502ac20961d08068c46
simulated_panel,extrapolation,0,stressor|dose_mM,stressor,dose_mM,stressor=caffeine,stressor=caffeine|dose_mM=2.0625,,caffeine,,2.0625,2.0625,train,3,16.5,aa0c6e84ee136633b9415a505e00cdc4bf9185bcd61dc502ac20961d08068c46
simulated_panel,extrapolation,0,stressor|dose_mM,stressor,dose_mM,stressor=caffeine,stressor=caffeine|dose_mM=4.125,,caffeine,,4.125,4.125,train,3,16.5,aa0c6e84ee136633b9415a505e00cdc4bf9185bcd61dc502ac20961d08068c46
simulated_panel,extrapolation,0,stressor|dose_mM,stressor,dose_mM,stressor=caffeine,stressor=caffeine|dose_mM=8.25,,caffeine,,8.249999999999998,8.25,train,3,16.5,aa0c6e84ee136633b9415a505e00cdc4bf9185bcd61dc502ac20961d08068c46
simulated_panel,extrapolation,0,stressor|dose_mM,stressor,dose_mM,stressor=calcium_chloride,stressor=calcium_chloride|dose_mM=330,,calcium_chloride,,330.0,330,test,3,330,aa0c6e84ee136633b9415a505e00cdc4bf9185bcd61dc502ac20961d08068c46
simulated_panel,extrapolation,0,stressor|dose_mM,stressor,dose_mM,stressor=calcium_chloride,stressor=calcium_chloride|dose_mM=165,,calcium_chloride,,165.0,165,train,3,330,aa0c6e84ee136633b9415a505e00cdc4bf9185bcd61dc502ac20961d08068c46
simulated_panel,extrapolation,0,stressor|dose_mM,stressor,dose_mM,stressor=calcium_chloride,stressor=calcium_chloride|dose_mM=20.625,,calcium_chloride,,20.625,20.625,train,3,330,aa0c6e84ee136633b9415a505e00cdc4bf9185bcd61dc502ac20961d08068c46
simulated_panel,extrapolation,0,stressor|dose_mM,stressor,dose_mM,stressor=calcium_chloride,stressor=calcium_chloride|dose_mM=41.25,,calcium_chloride,,41.25000000000001,41.25,train,3,330,aa0c6e84ee136633b9415a505e00cdc4bf9185bcd61dc502ac20961d08068c46
simulated_panel,extrapolation,0,stressor|dose_mM,stressor,dose_mM,stressor=calcium_chloride,stressor=calcium_chloride|dose_mM=82.5,,calcium_chloride,,82.49999999999999,82.5,train,3,330,aa0c6e84ee136633b9415a505e00cdc4bf9185bcd61dc502ac20961d08068c46
simulated_panel,extrapolation,0,stressor|dose_mM,stressor,dose_mM,stressor=cobalt_chloride,stressor=cobalt_chloride|dose_mM=1.65,,cobalt_chloride,,1.6500000000000001,1.65,test,3,1.65,aa0c6e84ee136633b9415a505e00cdc4bf9185bcd61dc502ac20961d08068c46
simulated_panel,extrapolation,0,stressor|dose_mM,stressor,dose_mM,stressor=cobalt_chloride,stressor=cobalt_chloride|dose_mM=0.103125,,cobalt_chloride,,0.10312500000000001,0.103125,train,3,1.65,aa0c6e84ee136633b9415a505e00cdc4bf9185bcd61dc502ac20961d08068c46
simulated_panel,extrapolation,0,stressor|dose_mM,stressor,dose_mM,stressor=cobalt_chloride,stressor=cobalt_chloride|dose_mM=0.20625,,cobalt_chloride,,0.20625000000000002,0.20625,train,3,1.65,aa0c6e84ee136633b9415a505e00cdc4bf9185bcd61dc502ac20961d08068c46
simulated_panel,extrapolation,0,stressor|dose_mM,stressor,dose_mM,stressor=cobalt_chloride,stressor=cobalt_chloride|dose_mM=0.4125,,cobalt_chloride,,0.4125000000000001,0.4125,train,3,1.65,aa0c6e84ee136633b9415a505e00cdc4bf9185bcd61dc502ac20961d08068c46
simulated_panel,extrapolation,0,stressor|dose_mM,stressor,dose_mM,stressor=cobalt_chloride,stressor=cobalt_chloride|dose_mM=0.825,,cobalt_chloride,,0.8250000000000001,0.825,train,3,1.65,aa0c6e84ee136633b9415a505e00cdc4bf9185bcd61dc502ac20961d08068c46
simulated_panel,extrapolation,0,stressor|dose_mM,stressor,dose_mM,stressor=congo_red,stressor=congo_red|dose_mM=82.5,,congo_red,,82.5,82.5,test,3,82.5,aa0c6e84ee136633b9415a505e00cdc4bf9185bcd61dc502ac20961d08068c46
simulated_panel,extrapolation,0,stressor|dose_mM,stressor,dose_mM,stressor=congo_red,stressor=congo_red|dose_mM=10.3125,,congo_red,,10.3125,10.3125,train,3,82.5,aa0c6e84ee136633b9415a505e00cdc4bf9185bcd61dc502ac20961d08068c46
simulated_panel,extrapolation,0,stressor|dose_mM,stressor,dose_mM,stressor=congo_red,stressor=congo_red|dose_mM=20.625,,congo_red,,20.62499999999999,20.625,train,3,82.5,aa0c6e84ee136633b9415a505e00cdc4bf9185bcd61dc502ac20961d08068c46
simulated_panel,extrapolation,0,stressor|dose_mM,stressor,dose_mM,stressor=congo_red,stressor=congo_red|dose_mM=41.25,,congo_red,,41.249999999999986,41.25,train,3,82.5,aa0c6e84ee136633b9415a505e00cdc4bf9185bcd61dc502ac20961d08068c46
simulated_panel,extrapolation,0,stressor|dose_mM,stressor,dose_mM,stressor=congo_red,stressor=congo_red|dose_mM=5.15625,,congo_red,,5.15625,5.15625,train,3,82.5,aa0c6e84ee136633b9415a505e00cdc4bf9185bcd61dc502ac20961d08068c46
simulated_panel,extrapolation,0,stressor|dose_mM,stressor,dose_mM,stressor=copper_sulfate,stressor=copper_sulfate|dose_mM=1.65,,copper_sulfate,,1.6500000000000001,1.65,test,3,1.65,aa0c6e84ee136633b9415a505e00cdc4bf9185bcd61dc502ac20961d08068c46
simulated_panel,extrapolation,0,stressor|dose_mM,stressor,dose_mM,stressor=copper_sulfate,stressor=copper_sulfate|dose_mM=0.103125,,copper_sulfate,,0.10312500000000001,0.103125,train,3,1.65,aa0c6e84ee136633b9415a505e00cdc4bf9185bcd61dc502ac20961d08068c46
simulated_panel,extrapolation,0,stressor|dose_mM,stressor,dose_mM,stressor=copper_sulfate,stressor=copper_sulfate|dose_mM=0.20625,,copper_sulfate,,0.20625000000000002,0.20625,train,3,1.65,aa0c6e84ee136633b9415a505e00cdc4bf9185bcd61dc502ac20961d08068c46
simulated_panel,extrapolation,0,stressor|dose_mM,stressor,dose_mM,stressor=copper_sulfate,stressor=copper_sulfate|dose_mM=0.4125,,copper_sulfate,,0.4125000000000001,0.4125,train,3,1.65,aa0c6e84ee136633b9415a505e00cdc4bf9185bcd61dc502ac20961d08068c46
simulated_panel,extrapolation,0,stressor|dose_mM,stressor,dose_mM,stressor=copper_sulfate,stressor=copper_sulfate|dose_mM=0.825,,copper_sulfate,,0.8250000000000001,0.825,train,3,1.65,aa0c6e84ee136633b9415a505e00cdc4bf9185bcd61dc502ac20961d08068c46
simulated_panel,extrapolation,0,stressor|dose_mM,stressor,dose_mM,stressor=diamide,stressor=diamide|dose_mM=2.475,,diamide,,2.475,2.475,test,3,2.475,aa0c6e84ee136633b9415a505e00cdc4bf9185bcd61dc502ac20961d08068c46
simulated_panel,extrapolation,0,stressor|dose_mM,stressor,dose_mM,stressor=diamide,stressor=diamide|dose_mM=0.1546875,,diamide,,0.1546875,0.1546875,train,3,2.475,aa0c6e84ee136633b9415a505e00cdc4bf9185bcd61dc502ac20961d08068c46
simulated_panel,extrapolation,0,stressor|dose_mM,stressor,dose_mM,stressor=diamide,stressor=diamide|dose_mM=0.309375,,diamide,,0.30937499999999996,0.309375,train,3,2.475,aa0c6e84ee136633b9415a505e00cdc4bf9185bcd61dc502ac20961d08068c46
simulated_panel,extrapolation,0,stressor|dose_mM,stressor,dose_mM,stressor=diamide,stressor=diamide|dose_mM=0.61875,,diamide,,0.6187499999999999,0.61875,train,3,2.475,aa0c6e84ee136633b9415a505e00cdc4bf9185bcd61dc502ac20961d08068c46
simulated_panel,extrapolation,0,stressor|dose_mM,stressor,dose_mM,stressor=diamide,stressor=diamide|dose_mM=1.2375,,diamide,,1.2374999999999998,1.2375,train,3,2.475,aa0c6e84ee136633b9415a505e00cdc4bf9185bcd61dc502ac20961d08068c46
simulated_panel,extrapolation,0,stressor|dose_mM,stressor,dose_mM,stressor=fluconazole,stressor=fluconazole|dose_mM=49.5,,fluconazole,,49.50000000000001,49.5,test,3,49.5,aa0c6e84ee136633b9415a505e00cdc4bf9185bcd61dc502ac20961d08068c46
simulated_panel,extrapolation,0,stressor|dose_mM,stressor,dose_mM,stressor=fluconazole,stressor=fluconazole|dose_mM=12.375,,fluconazole,,12.375000000000002,12.375,train,3,49.5,aa0c6e84ee136633b9415a505e00cdc4bf9185bcd61dc502ac20961d08068c46
simulated_panel,extrapolation,0,stressor|dose_mM,stressor,dose_mM,stressor=fluconazole,stressor=fluconazole|dose_mM=24.75,,fluconazole,,24.750000000000004,24.75,train,3,49.5,aa0c6e84ee136633b9415a505e00cdc4bf9185bcd61dc502ac20961d08068c46
simulated_panel,extrapolation,0,stressor|dose_mM,stressor,dose_mM,stressor=fluconazole,stressor=fluconazole|dose_mM=3.09375,,fluconazole,,3.0937500000000004,3.09375,train,3,49.5,aa0c6e84ee136633b9415a505e00cdc4bf9185bcd61dc502ac20961d08068c46
simulated_panel,extrapolation,0,stressor|dose_mM,stressor,dose_mM,stressor=fluconazole,stressor=fluconazole|dose_mM=6.1875,,fluconazole,,6.187500000000001,6.1875,train,3,49.5,aa0c6e84ee136633b9415a505e00cdc4bf9185bcd61dc502ac20961d08068c46
simulated_panel,extrapolation,0,stressor|dose_mM,stressor,dose_mM,stressor=glucose_starvation,stressor=glucose_starvation|dose_mM=0.99,,glucose_starvation,,0.99,0.99,test,3,0.99,aa0c6e84ee136633b9415a505e00cdc4bf9185bcd61dc502ac20961d08068c46
simulated_panel,extrapolation,0,stressor|dose_mM,stressor,dose_mM,stressor=glucose_starvation,stressor=glucose_starvation|dose_mM=0.061875,,glucose_starvation,,0.061875,0.061875,train,3,0.99,aa0c6e84ee136633b9415a505e00cdc4bf9185bcd61dc502ac20961d08068c46
simulated_panel,extrapolation,0,stressor|dose_mM,stressor,dose_mM,stressor=glucose_starvation,stressor=glucose_starvation|dose_mM=0.12375,,glucose_starvation,,0.12375,0.12375,train,3,0.99,aa0c6e84ee136633b9415a505e00cdc4bf9185bcd61dc502ac20961d08068c46
simulated_panel,extrapolation,0,stressor|dose_mM,stressor,dose_mM,stressor=glucose_starvation,stressor=glucose_starvation|dose_mM=0.2475,,glucose_starvation,,0.2475,0.2475,train,3,0.99,aa0c6e84ee136633b9415a505e00cdc4bf9185bcd61dc502ac20961d08068c46
simulated_panel,extrapolation,0,stressor|dose_mM,stressor,dose_mM,stressor=glucose_starvation,stressor=glucose_starvation|dose_mM=0.495,,glucose_starvation,,0.49499999999999994,0.495,train,3,0.99,aa0c6e84ee136633b9415a505e00cdc4bf9185bcd61dc502ac20961d08068c46
simulated_panel,extrapolation,0,stressor|dose_mM,stressor,dose_mM,stressor=heat,stressor=heat|dose_mM=9.9,,heat,,9.9,9.9,test,3,9.9,aa0c6e84ee136633b9415a505e00cdc4bf9185bcd61dc502ac20961d08068c46
simulated_panel,extrapolation,0,stressor|dose_mM,stressor,dose_mM,stressor=heat,stressor=heat|dose_mM=0.61875,,heat,,0.61875,0.61875,train,3,9.9,aa0c6e84ee136633b9415a505e00cdc4bf9185bcd61dc502ac20961d08068c46
simulated_panel,extrapolation,0,stressor|dose_mM,stressor,dose_mM,stressor=heat,stressor=heat|dose_mM=1.2375,,heat,,1.2375,1.2375,train,3,9.9,aa0c6e84ee136633b9415a505e00cdc4bf9185bcd61dc502ac20961d08068c46
simulated_panel,extrapolation,0,stressor|dose_mM,stressor,dose_mM,stressor=heat,stressor=heat|dose_mM=2.475,,heat,,2.475,2.475,train,3,9.9,aa0c6e84ee136633b9415a505e00cdc4bf9185bcd61dc502ac20961d08068c46
simulated_panel,extrapolation,0,stressor|dose_mM,stressor,dose_mM,stressor=heat,stressor=heat|dose_mM=4.95,,heat,,4.949999999999999,4.95,train,3,9.9,aa0c6e84ee136633b9415a505e00cdc4bf9185bcd61dc502ac20961d08068c46
simulated_panel,extrapolation,0,stressor|dose_mM,stressor,dose_mM,stressor=hydroxyurea,stressor=hydroxyurea|dose_mM=165,,hydroxyurea,,165.0,165,test,3,165,aa0c6e84ee136633b9415a505e00cdc4bf9185bcd61dc502ac20961d08068c46
simulated_panel,extrapolation,0,stressor|dose_mM,stressor,dose_mM,stressor=hydroxyurea,stressor=hydroxyurea|dose_mM=10.3125,,hydroxyurea,,10.3125,10.3125,train,3,165,aa0c6e84ee136633b9415a505e00cdc4bf9185bcd61dc502ac20961d08068c46
simulated_panel,extrapolation,0,stressor|dose_mM,stressor,dose_mM,stressor=hydroxyurea,stressor=hydroxyurea|dose_mM=20.625,,hydroxyurea,,20.625,20.625,train,3,165,aa0c6e84ee136633b9415a505e00cdc4bf9185bcd61dc502ac20961d08068c46
simulated_panel,extrapolation,0,stressor|dose_mM,stressor,dose_mM,stressor=hydroxyurea,stressor=hydroxyurea|dose_mM=41.25,,hydroxyurea,,41.249999999999986,41.25,train,3,165,aa0c6e84ee136633b9415a505e00cdc4bf9185bcd61dc502ac20961d08068c46
simulated_panel,extrapolation,0,stressor|dose_mM,stressor,dose_mM,stressor=hydroxyurea,stressor=hydroxyurea|dose_mM=82.5,,hydroxyurea,,82.49999999999999,82.5,train,3,165,aa0c6e84ee136633b9415a505e00cdc4bf9185bcd61dc502ac20961d08068c46
simulated_panel,extrapolation,0,stressor|dose_mM,stressor,dose_mM,stressor=menadione,stressor=menadione|dose_mM=165,,menadione,,165.0,165,test,3,165,aa0c6e84ee136633b9415a505e00cdc4bf9185bcd61dc502ac20961d08068c46
simulated_panel,extrapolation,0,stressor|dose_mM,stressor,dose_mM,stressor=menadione,stressor=menadione|dose_mM=10.3125,,menadione,,10.3125,10.3125,train,3,165,aa0c6e84ee136633b9415a505e00cdc4bf9185bcd61dc502ac20961d08068c46
simulated_panel,extrapolation,0,stressor|dose_mM,stressor,dose_mM,stressor=menadione,stressor=menadione|dose_mM=20.625,,menadione,,20.625,20.625,train,3,165,aa0c6e84ee136633b9415a505e00cdc4bf9185bcd61dc502ac20961d08068c46
simulated_panel,extrapolation,0,stressor|dose_mM,stressor,dose_mM,stressor=menadione,stressor=menadione|dose_mM=41.25,,menadione,,41.249999999999986,41.25,train,3,165,aa0c6e84ee136633b9415a505e00cdc4bf9185bcd61dc502ac20961d08068c46
simulated_panel,extrapolation,0,stressor|dose_mM,stressor,dose_mM,stressor=menadione,stressor=menadione|dose_mM=82.5,,menadione,,82.49999999999999,82.5,train,3,165,aa0c6e84ee136633b9415a505e00cdc4bf9185bcd61dc502ac20961d08068c46
simulated_panel,extrapolation,0,stressor|dose_mM,stressor,dose_mM,stressor=methionine_starvation,stressor=methionine_starvation|dose_mM=1.32,,methionine_starvation,,1.3200000000000003,1.32,test,3,1.32,aa0c6e84ee136633b9415a505e00cdc4bf9185bcd61dc502ac20961d08068c46
simulated_panel,extrapolation,0,stressor|dose_mM,stressor,dose_mM,stressor=methionine_starvation,stressor=methionine_starvation|dose_mM=0.0825,,methionine_starvation,,0.08250000000000002,0.0825,train,3,1.32,aa0c6e84ee136633b9415a505e00cdc4bf9185bcd61dc502ac20961d08068c46
simulated_panel,extrapolation,0,stressor|dose_mM,stressor,dose_mM,stressor=methionine_starvation,stressor=methionine_starvation|dose_mM=0.165,,methionine_starvation,,0.1650000000000001,0.165,train,3,1.32,aa0c6e84ee136633b9415a505e00cdc4bf9185bcd61dc502ac20961d08068c46
simulated_panel,extrapolation,0,stressor|dose_mM,stressor,dose_mM,stressor=methionine_starvation,stressor=methionine_starvation|dose_mM=0.33,,methionine_starvation,,0.3300000000000001,0.33,train,3,1.32,aa0c6e84ee136633b9415a505e00cdc4bf9185bcd61dc502ac20961d08068c46
simulated_panel,extrapolation,0,stressor|dose_mM,stressor,dose_mM,stressor=methionine_starvation,stressor=methionine_starvation|dose_mM=0.66,,methionine_starvation,,0.6600000000000001,0.66,train,3,1.32,aa0c6e84ee136633b9415a505e00cdc4bf9185bcd61dc502ac20961d08068c46
simulated_panel,extrapolation,0,stressor|dose_mM,stressor,dose_mM,stressor=rapamycin,stressor=rapamycin|dose_mM=33,,rapamycin,,33.0,33,test,3,33,aa0c6e84ee136633b9415a505e00cdc4bf9185bcd61dc502ac20961d08068c46
simulated_panel,extrapolation,0,stressor|dose_mM,stressor,dose_mM,stressor=rapamycin,stressor=rapamycin|dose_mM=16.5,,rapamycin,,16.5,16.5,train,3,33,aa0c6e84ee136633b9415a505e00cdc4bf9185bcd61dc502ac20961d08068c46
simulated_panel,extrapolation,0,stressor|dose_mM,stressor,dose_mM,stressor=rapamycin,stressor=rapamycin|dose_mM=2.0625,,rapamycin,,2.0625,2.0625,train,3,33,aa0c6e84ee136633b9415a505e00cdc4bf9185bcd61dc502ac20961d08068c46
simulated_panel,extrapolation,0,stressor|dose_mM,stressor,dose_mM,stressor=rapamycin,stressor=rapamycin|dose_mM=4.125,,rapamycin,,4.125,4.125,train,3,33,aa0c6e84ee136633b9415a505e00cdc4bf9185bcd61dc502ac20961d08068c46
simulated_panel,extrapolation,0,stressor|dose_mM,stressor,dose_mM,stressor=rapamycin,stressor=rapamycin|dose_mM=8.25,,rapamycin,,8.249999999999998,8.25,train,3,33,aa0c6e84ee136633b9415a505e00cdc4bf9185bcd61dc502ac20961d08068c46
simulated_panel,extrapolation,0,stressor|dose_mM,stressor,dose_mM,stressor=sodium_hydroxide,stressor=sodium_hydroxide|dose_mM=4.95,,sodium_hydroxide,,4.95,4.95,test,3,4.95,aa0c6e84ee136633b9415a505e00cdc4bf9185bcd61dc502ac20961d08068c46
simulated_panel,extrapolation,0,stressor|dose_mM,stressor,dose_mM,stressor=sodium_hydroxide,stressor=sodium_hydroxide|dose_mM=0.309375,,sodium_hydroxide,,0.309375,0.309375,train,3,4.95,aa0c6e84ee136633b9415a505e00cdc4bf9185bcd61dc502ac20961d08068c46
simulated_panel,extrapolation,0,stressor|dose_mM,stressor,dose_mM,stressor=sodium_hydroxide,stressor=sodium_hydroxide|dose_mM=0.61875,,sodium_hydroxide,,0.61875,0.61875,train,3,4.95,aa0c6e84ee136633b9415a505e00cdc4bf9185bcd61dc502ac20961d08068c46
simulated_panel,extrapolation,0,stressor|dose_mM,stressor,dose_mM,stressor=sodium_hydroxide,stressor=sodium_hydroxide|dose_mM=1.2375,,sodium_hydroxide,,1.2375,1.2375,train,3,4.95,aa0c6e84ee136633b9415a505e00cdc4bf9185bcd61dc502ac20961d08068c46
simulated_panel,extrapolation,0,stressor|dose_mM,stressor,dose_mM,stressor=sodium_hydroxide,stressor=sodium_hydroxide|dose_mM=2.475,,sodium_hydroxide,,2.475,2.475,train,3,4.95,aa0c6e84ee136633b9415a505e00cdc4bf9185bcd61dc502ac20961d08068c46
simulated_panel,extrapolation,0,stressor|dose_mM,stressor,dose_mM,stressor=sorbitol,stressor=sorbitol|dose_mM=1.65,,sorbitol,,1.6500000000000001,1.65,test,3,1.65,aa0c6e84ee136633b9415a505e00cdc4bf9185bcd61dc502ac20961d08068c46
simulated_panel,extrapolation,0,stressor|dose_mM,stressor,dose_mM,stressor=sorbitol,stressor=sorbitol|dose_mM=0.103125,,sorbitol,,0.10312500000000001,0.103125,train,3,1.65,aa0c6e84ee136633b9415a505e00cdc4bf9185bcd61dc502ac20961d08068c46
simulated_panel,extrapolation,0,stressor|dose_mM,stressor,dose_mM,stressor=sorbitol,stressor=sorbitol|dose_mM=0.20625,,sorbitol,,0.20625000000000002,0.20625,train,3,1.65,aa0c6e84ee136633b9415a505e00cdc4bf9185bcd61dc502ac20961d08068c46
simulated_panel,extrapolation,0,stressor|dose_mM,stressor,dose_mM,stressor=sorbitol,stressor=sorbitol|dose_mM=0.4125,,sorbitol,,0.4125000000000001,0.4125,train,3,1.65,aa0c6e84ee136633b9415a505e00cdc4bf9185bcd61dc502ac20961d08068c46
simulated_panel,extrapolation,0,stressor|dose_mM,stressor,dose_mM,stressor=sorbitol,stressor=sorbitol|dose_mM=0.825,,sorbitol,,0.8250000000000001,0.825,train,3,1.65,aa0c6e84ee136633b9415a505e00cdc4bf9185bcd61dc502ac20961d08068c46
simulated_panel,extrapolation,0,stressor|dose_mM,stressor,dose_mM,stressor=tunicamycin,stressor=tunicamycin|dose_mM=1.65,,tunicamycin,,1.6500000000000001,1.65,test,3,1.65,aa0c6e84ee136633b9415a505e00cdc4bf9185bcd61dc502ac20961d08068c46
simulated_panel,extrapolation,0,stressor|dose_mM,stressor,dose_mM,stressor=tunicamycin,stressor=tunicamycin|dose_mM=0.103125,,tunicamycin,,0.10312500000000001,0.103125,train,3,1.65,aa0c6e84ee136633b9415a505e00cdc4bf9185bcd61dc502ac20961d08068c46
simulated_panel,extrapolation,0,stressor|dose_mM,stressor,dose_mM,stressor=tunicamycin,stressor=tunicamycin|dose_mM=0.20625,,tunicamycin,,0.20625000000000002,0.20625,train,3,1.65,aa0c6e84ee136633b9415a505e00cdc4bf9185bcd61dc502ac20961d08068c46
simulated_panel,extrapolation,0,stressor|dose_mM,stressor,dose_mM,stressor=tunicamycin,stressor=tunicamycin|dose_mM=0.4125,,tunicamycin,,0.4125000000000001,0.4125,train,3,1.65,aa0c6e84ee136633b9415a505e00cdc4bf9185bcd61dc502ac20961d08068c46
simulated_panel,extrapolation,0,stressor|dose_mM,stressor,dose_mM,stressor=tunicamycin,stressor=tunicamycin|dose_mM=0.825,,tunicamycin,,0.8250000000000001,0.825,train,3,1.65,aa0c6e84ee136633b9415a505e00cdc4bf9185bcd61dc502ac20961d08068c46
simulated_panel,extrapolation,1,stressor|dose_mM,stressor,dose_mM,stressor=BPS,stressor=BPS|dose_mM=82.5,,BPS,,82.5,82.5,test,3,82.5,aa0c6e84ee136633b9415a505e00cdc4bf9185bcd61dc502ac20961d08068c46
simulated_panel,extrapolation,1,stressor|dose_mM,stressor,dose_mM,stressor=BPS,stressor=BPS|dose_mM=10.3125,,BPS,,10.3125,10.3125,train,3,82.5,aa0c6e84ee136633b9415a505e00cdc4bf9185bcd61dc502ac20961d08068c46
simulated_panel,extrapolation,1,stressor|dose_mM,stressor,dose_mM,stressor=BPS,stressor=BPS|dose_mM=20.625,,BPS,,20.62499999999999,20.625,train,3,82.5,aa0c6e84ee136633b9415a505e00cdc4bf9185bcd61dc502ac20961d08068c46
simulated_panel,extrapolation,1,stressor|dose_mM,stressor,dose_mM,stressor=BPS,stressor=BPS|dose_mM=41.25,,BPS,,41.249999999999986,41.25,train,3,82.5,aa0c6e84ee136633b9415a505e00cdc4bf9185bcd61dc502ac20961d08068c46
simulated_panel,extrapolation,1,stressor|dose_mM,stressor,dose_mM,stressor=BPS,stressor=BPS|dose_mM=5.15625,,BPS,,5.15625,5.15625,train,3,82.5,aa0c6e84ee136633b9415a505e00cdc4bf9185bcd61dc502ac20961d08068c46
simulated_panel,extrapolation,1,stressor|dose_mM,stressor,dose_mM,stressor=DTT,stressor=DTT|dose_mM=0.8525,,DTT,,0.8525000000000001,0.8525,test,3,0.8525,aa0c6e84ee136633b9415a505e00cdc4bf9185bcd61dc502ac20961d08068c46
simulated_panel,extrapolation,1,stressor|dose_mM,stressor,dose_mM,stressor=DTT,stressor=DTT|dose_mM=0.05328125,,DTT,,0.05328125000000001,0.05328125,train,3,0.8525,aa0c6e84ee136633b9415a505e00cdc4bf9185bcd61dc502ac20961d08068c46
simulated_panel,extrapolation,1,stressor|dose_mM,stressor,dose_mM,stressor=DTT,stressor=DTT|dose_mM=0.1065625,,DTT,,0.10656250000000005,0.1065625,train,3,0.8525,aa0c6e84ee136633b9415a505e00cdc4bf9185bcd61dc502ac20961d08068c46
simulated_panel,extrapolation,1,stressor|dose_mM,stressor,dose_mM,stressor=DTT,stressor=DTT|dose_mM=0.213125,,DTT,,0.21312500000000006,0.213125,train,3,0.8525,aa0c6e84ee136633b9415a505e00cdc4bf9185bcd61dc502ac20961d08068c46
simulated_panel,extrapolation,1,stressor|dose_mM,stressor,dose_mM,stressor=DTT,stressor=DTT|dose_mM=0.42625,,DTT,,0.42625000000000013,0.42625,train,3,0.8525,aa0c6e84ee136633b9415a505e00cdc4bf9185bcd61dc502ac20961d08068c46
simulated_panel,extrapolation,1,stressor|dose_mM,stressor,dose_mM,stressor=DTT+H2O2,stressor=DTT+H2O2|dose_mM=0.8525,,DTT+H2O2,,0.8525000000000001,0.8525,test,3,0.8525,aa0c6e84ee136633b9415a505e00cdc4bf9185bcd61dc502ac20961d08068c46
simulated_panel,extrapolation,1,stressor|dose_mM,stressor,dose_mM,stressor=DTT+H2O2,stressor=DTT+H2O2|dose_mM=0.05328125,,DTT+H2O2,,0.05328125000000001,0.05328125,train,3,0.8525,aa0c6e84ee136633b9415a505e00cdc4bf9185bcd61dc502ac20961d08068c46
simulated_panel,extrapolation,1,stressor|dose_mM,stressor,dose_mM,stressor=DTT+H2O2,stressor=DTT+H2O2|dose_mM=0.1065625,,DTT+H2O2,,0.10656250000000005,0.1065625,train,3,0.8525,aa0c6e84ee136633b9415a505e00cdc4bf9185bcd61dc502ac20961d08068c46
simulated_panel,extrapolation,1,stressor|dose_mM,stressor,dose_mM,stressor=DTT+H2O2,stressor=DTT+H2O2|dose_mM=0.213125,,DTT+H2O2,,0.21312500000000006,0.213125,train,3,0.8525,aa0c6e84ee136633b9415a505e00cdc4bf9185bcd61dc502ac20961d08068c46
simulated_panel,extrapolation,1,stressor|dose_mM,stressor,dose_mM,stressor=DTT+H2O2,stressor=DTT+H2O2|dose_mM=0.42625,,DTT+H2O2,,0.42625000000000013,0.42625,train,3,0.8525,aa0c6e84ee136633b9415a505e00cdc4bf9185bcd61dc502ac20961d08068c46
simulated_panel,extrapolation,1,stressor|dose_mM,stressor,dose_mM,stressor=H2O2,stressor=H2O2|dose_mM=0.55,,H2O2,,0.55,0.55,test,3,0.55,aa0c6e84ee136633b9415a505e00cdc4bf9185bcd61dc502ac20961d08068c46
simulated_panel,extrapolation,1,stressor|dose_mM,stressor,dose_mM,stressor=H2O2,stressor=H2O2|dose_mM=0.034375,,H2O2,,0.034375,0.034375,train,3,0.55,aa0c6e84ee136633b9415a505e00cdc4bf9185bcd61dc502ac20961d08068c46
simulated_panel,extrapolation,1,stressor|dose_mM,stressor,dose_mM,stressor=H2O2,stressor=H2O2|dose_mM=0.06875,,H2O2,,0.06875000000000002,0.06875,train,3,0.55,aa0c6e84ee136633b9415a505e00cdc4bf9185bcd61dc502ac20961d08068c46
simulated_panel,extrapolation,1,stressor|dose_mM,stressor,dose_mM,stressor=H2O2,stressor=H2O2|dose_mM=0.1375,,H2O2,,0.1375,0.1375,train,3,0.55,aa0c6e84ee136633b9415a505e00cdc4bf9185bcd61dc502ac20961d08068c46
simulated_panel,extrapolation,1,stressor|dose_mM,stressor,dose_mM,stressor=H2O2,stressor=H2O2|dose_mM=0.275,,H2O2,,0.27499999999999997,0.275,train,3,0.55,aa0c6e84ee136633b9415a505e00cdc4bf9185bcd61dc502ac20961d08068c46
simulated_panel,extrapolation,1,stressor|dose_mM,stressor,dose_mM,stressor=MG132,stressor=MG132|dose_mM=66,,MG132,,66.0,66,test,3,66,aa0c6e84ee136633b9415a505e00cdc4bf9185bcd61dc502ac20961d08068c46
simulated_panel,extrapolation,1,stressor|dose_mM,stressor,dose_mM,stressor=MG132,stressor=MG132|dose_mM=16.5,,MG132,,16.5,16.5,train,3,66,aa0c6e84ee136633b9415a505e00cdc4bf9185bcd61dc502ac20961d08068c46
simulated_panel,extrapolation,1,stressor|dose_mM,stressor,dose_mM,stressor=MG132,stressor=MG132|dose_mM=33,,MG132,,33.0,33,train,3,66,aa0c6e84ee136633b9415a505e00cdc4bf9185bcd61dc502ac20961d08068c46
simulated_panel,extrapolation,1,stressor|dose_mM,stressor,dose_mM,stressor=MG132,stressor=MG132|dose_mM=4.125,,MG132,,4.125,4.125,train,3,66,aa0c6e84ee136633b9415a505e00cdc4bf9185bcd61dc502ac20961d08068c46
simulated_panel,extrapolation,1,stressor|dose_mM,stressor,dose_mM,stressor=MG132,stressor=MG132|dose_mM=8.25,,MG132,,8.25,8.25,train,3,66,aa0c6e84ee136633b9415a505e00cdc4bf9185bcd61dc502ac20961d08068c46
simulated_panel,extrapolation,1,stressor|dose_mM,stressor,dose_mM,stressor=MMS,stressor=MMS|dose_mM=0.033,,MMS,,0.033,0.033,test,3,0.033,aa0c6e84ee136633b9415a505e00cdc4bf9185bcd61dc502ac20961d08068c46
simulated_panel,extrapolation,1,stressor|dose_mM,stressor,dose_mM,stressor=MMS,stressor=MMS|dose_mM=0.0020625,,MMS,,0.0020625,0.0020625,train,3,0.033,aa0c6e84ee136633b9415a505e00cdc4bf9185bcd61dc502ac20961d08068c46
simulated_panel,extrapolation,1,stressor|dose_mM,stressor,dose_mM,stressor=MMS,stressor=MMS|dose_mM=0.004125,,MMS,,0.0041249999999999985,0.004125,train,3,0.033,aa0c6e84ee136633b9415a505e00cdc4bf9185bcd61dc502ac20961d08068c46
simulated_panel,extrapolation,1,stressor|dose_mM,stressor,dose_mM,stressor=MMS,stressor=MMS|dose_mM=0.00825,,MMS,,0.008249999999999999,0.00825,train,3,0.033,aa0c6e84ee136633b9415a505e00cdc4bf9185bcd61dc502ac20961d08068c46
simulated_panel,extrapolation,1,stressor|dose_mM,stressor,dose_mM,stressor=MMS,stressor=MMS|dose_mM=0.0165,,MMS,,0.0165,0.0165,train,3,0.033,aa0c6e84ee136633b9415a505e00cdc4bf9185bcd61dc502ac20961d08068c46
simulated_panel,extrapolation,1,stressor|dose_mM,stressor,dose_mM,stressor=NaCl,stressor=NaCl|dose_mM=0.825,,NaCl,,0.8250000000000001,0.825,test,3,0.825,aa0c6e84ee136633b9415a505e00cdc4bf9185bcd61dc502ac20961d08068c46
simulated_panel,extrapolation,1,stressor|dose_mM,stressor,dose_mM,stressor=NaCl,stressor=NaCl|dose_mM=0.0515625,,NaCl,,0.051562500000000004,0.0515625,train,3,0.825,aa0c6e84ee136633b9415a505e00cdc4bf9185bcd61dc502ac20961d08068c46
simulated_panel,extrapolation,1,stressor|dose_mM,stressor,dose_mM,stressor=NaCl,stressor=NaCl|dose_mM=0.103125,,NaCl,,0.10312500000000002,0.103125,train,3,0.825,aa0c6e84ee136633b9415a505e00cdc4bf9185bcd61dc502ac20961d08068c46
simulated_panel,extrapolation,1,stressor|dose_mM,stressor,dose_mM,stressor=NaCl,stressor=NaCl|dose_mM=0.20625,,NaCl,,0.20625000000000002,0.20625,train,3,0.825,aa0c6e84ee136633b9415a505e00cdc4bf9185bcd61dc502ac20961d08068c46
simulated_panel,extrapolation,1,stressor|dose_mM,stressor,dose_mM,stressor=NaCl,stressor=NaCl|dose_mM=0.4125,,NaCl,,0.4125,0.4125,train,3,0.825,aa0c6e84ee136633b9415a505e00cdc4bf9185bcd61dc502ac20961d08068c46
simulated_panel,extrapolation,1,stressor|dose_mM,stressor,dose_mM,stressor=TPEN,stressor=TPEN|dose_mM=16.5,,TPEN,,16.5,16.5,test,3,16.5,aa0c6e84ee136633b9415a505e00cdc4bf9185bcd61dc502ac20961d08068c46
simulated_panel,extrapolation,1,stressor|dose_mM,stressor,dose_mM,stressor=TPEN,stressor=TPEN|dose_mM=1.03125,,TPEN,,1.03125,1.03125,train,3,16.5,aa0c6e84ee136633b9415a505e00cdc4bf9185bcd61dc502ac20961d08068c46
simulated_panel,extrapolation,1,stressor|dose_mM,stressor,dose_mM,stressor=TPEN,stressor=TPEN|dose_mM=2.0625,,TPEN,,2.0625,2.0625,train,3,16.5,aa0c6e84ee136633b9415a505e00cdc4bf9185bcd61dc502ac20961d08068c46
simulated_panel,extrapolation,1,stressor|dose_mM,stressor,dose_mM,stressor=TPEN,stressor=TPEN|dose_mM=4.125,,TPEN,,4.125,4.125,train,3,16.5,aa0c6e84ee136633b9415a505e00cdc4bf9185bcd61dc502ac20961d08068c46
simulated_panel,extrapolation,1,stressor|dose_mM,stressor,dose_mM,stressor=TPEN,stressor=TPEN|dose_mM=8.25,,TPEN,,8.249999999999998,8.25,train,3,16.5,aa0c6e84ee136633b9415a505e00cdc4bf9185bcd61dc502ac20961d08068c46
simulated_panel,extrapolation,1,stressor|dose_mM,stressor,dose_mM,stressor=acetic_acid,stressor=acetic_acid|dose_mM=99,,acetic_acid,,99.00000000000001,99,test,3,99,aa0c6e84ee136633b9415a505e00cdc4bf9185bcd61dc502ac20961d08068c46
simulated_panel,extrapolation,1,stressor|dose_mM,stressor,dose_mM,stressor=acetic_acid,stressor=acetic_acid|dose_mM=12.375,,acetic_acid,,12.375000000000002,12.375,train,3,99,aa0c6e84ee136633b9415a505e00cdc4bf9185bcd61dc502ac20961d08068c46
simulated_panel,extrapolation,1,stressor|dose_mM,stressor,dose_mM,stressor=acetic_acid,stressor=acetic_acid|dose_mM=24.75,,acetic_acid,,24.750000000000004,24.75,train,3,99,aa0c6e84ee136633b9415a505e00cdc4bf9185bcd61dc502ac20961d08068c46
simulated_panel,extrapolation,1,stressor|dose_mM,stressor,dose_mM,stressor=acetic_acid,stressor=acetic_acid|dose_mM=49.5,,acetic_acid,,49.49999999999999,49.5,train,3,99,aa0c6e84ee136633b9415a505e00cdc4bf9185bcd61dc502ac20961d08068c46
simulated_panel,extrapolation,1,stressor|dose_mM,stressor,dose_mM,stressor=acetic_acid,stressor=acetic_acid|dose_mM=6.1875,,acetic_acid,,6.187500000000001,6.1875,train,3,99,aa0c6e84ee136633b9415a505e00cdc4bf9185bcd61dc502ac20961d08068c46
simulated_panel,extrapolation,1,stressor|dose_mM,stressor,dose_mM,stressor=antimycin_A,stressor=antimycin_A|dose_mM=8.25,,antimycin_A,,8.25,8.25,test,3,8.25,aa0c6e84ee136633b9415a505e00cdc4bf9185bcd61dc502ac20961d08068c46
simulated_panel,extrapolation,1,stressor|dose_mM,stressor,dose_mM,stressor=antimycin_A,stressor=antimycin_A|dose_mM=0.515625,,antimycin_A,,0.515625,0.515625,train,3,8.25,aa0c6e84ee136633b9415a505e00cdc4bf9185bcd61dc502ac20961d08068c46
simulated_panel,extrapolation,1,stressor|dose_mM,stressor,dose_mM,stressor=antimycin_A,stressor=antimycin_A|dose_mM=1.03125,,antimycin_A,,1.03125,1.03125,train,3,8.25,aa0c6e84ee136633b9415a505e00cdc4bf9185bcd61dc502ac20961d08068c46
simulated_panel,extrapolation,1,stressor|dose_mM,stressor,dose_mM,stressor=antimycin_A,stressor=antimycin_A|dose_mM=2.0625,,antimycin_A,,2.0625,2.0625,train,3,8.25,aa0c6e84ee136633b9415a505e00cdc4bf9185bcd61dc502ac20961d08068c46
simulated_panel,extrapolation,1,stressor|dose_mM,stressor,dose_mM,stressor=antimycin_A,stressor=antimycin_A|dose_mM=4.125,,antimycin_A,,4.125,4.125,train,3,8.25,aa0c6e84ee136633b9415a505e00cdc4bf9185bcd61dc502ac20961d08068c46
simulated_panel,extrapolation,1,stressor|dose_mM,stressor,dose_mM,stressor=caffeine,stressor=caffeine|dose_mM=16.5,,caffeine,,16.5,16.5,test,3,16.5,aa0c6e84ee136633b9415a505e00cdc4bf9185bcd61dc502ac20961d08068c46
simulated_panel,extrapolation,1,stressor|dose_mM,stressor,dose_mM,stressor=caffeine,stressor=caffeine|dose_mM=1.03125,,caffeine,,1.03125,1.03125,train,3,16.5,aa0c6e84ee136633b9415a505e00cdc4bf9185bcd61dc502ac20961d08068c46
simulated_panel,extrapolation,1,stressor|dose_mM,stressor,dose_mM,stressor=caffeine,stressor=caffeine|dose_mM=2.0625,,caffeine,,2.0625,2.0625,train,3,16.5,aa0c6e84ee136633b9415a505e00cdc4bf9185bcd61dc502ac20961d08068c46
simulated_panel,extrapolation,1,stressor|dose_mM,stressor,dose_mM,stressor=caffeine,stressor=caffeine|dose_mM=4.125,,caffeine,,4.125,4.125,train,3,16.5,aa0c6e84ee136633b9415a505e00cdc4bf9185bcd61dc502ac20961d08068c46
simulated_panel,extrapolation,1,stressor|dose_mM,stressor,dose_mM,stressor=caffeine,stressor=caffeine|dose_mM=8.25,,caffeine,,8.249999999999998,8.25,train,3,16.5,aa0c6e84ee136633b9415a505e00cdc4bf9185bcd61dc502ac20961d08068c46
simulated_panel,extrapolation,1,stressor|dose_mM,stressor,dose_mM,stressor=calcium_chloride,stressor=calcium_chloride|dose_mM=330,,calcium_chloride,,330.0,330,test,3,330,aa0c6e84ee136633b9415a505e00cdc4bf9185bcd61dc502ac20961d08068c46
simulated_panel,extrapolation,1,stressor|dose_mM,stressor,dose_mM,stressor=calcium_chloride,stressor=calcium_chloride|dose_mM=165,,calcium_chloride,,165.0,165,train,3,330,aa0c6e84ee136633b9415a505e00cdc4bf9185bcd61dc502ac20961d08068c46
simulated_panel,extrapolation,1,stressor|dose_mM,stressor,dose_mM,stressor=calcium_chloride,stressor=calcium_chloride|dose_mM=20.625,,calcium_chloride,,20.625,20.625,train,3,330,aa0c6e84ee136633b9415a505e00cdc4bf9185bcd61dc502ac20961d08068c46
simulated_panel,extrapolation,1,stressor|dose_mM,stressor,dose_mM,stressor=calcium_chloride,stressor=calcium_chloride|dose_mM=41.25,,calcium_chloride,,41.25000000000001,41.25,train,3,330,aa0c6e84ee136633b9415a505e00cdc4bf9185bcd61dc502ac20961d08068c46
simulated_panel,extrapolation,1,stressor|dose_mM,stressor,dose_mM,stressor=calcium_chloride,stressor=calcium_chloride|dose_mM=82.5,,calcium_chloride,,82.49999999999999,82.5,train,3,330,aa0c6e84ee136633b9415a505e00cdc4bf9185bcd61dc502ac20961d08068c46
simulated_panel,extrapolation,1,stressor|dose_mM,stressor,dose_mM,stressor=cobalt_chloride,stressor=cobalt_chloride|dose_mM=1.65,,cobalt_chloride,,1.6500000000000001,1.65,test,3,1.65,aa0c6e84ee136633b9415a505e00cdc4bf9185bcd61dc502ac20961d08068c46
simulated_panel,extrapolation,1,stressor|dose_mM,stressor,dose_mM,stressor=cobalt_chloride,stressor=cobalt_chloride|dose_mM=0.103125,,cobalt_chloride,,0.10312500000000001,0.103125,train,3,1.65,aa0c6e84ee136633b9415a505e00cdc4bf9185bcd61dc502ac20961d08068c46
simulated_panel,extrapolation,1,stressor|dose_mM,stressor,dose_mM,stressor=cobalt_chloride,stressor=cobalt_chloride|dose_mM=0.20625,,cobalt_chloride,,0.20625000000000002,0.20625,train,3,1.65,aa0c6e84ee136633b9415a505e00cdc4bf9185bcd61dc502ac20961d08068c46
simulated_panel,extrapolation,1,stressor|dose_mM,stressor,dose_mM,stressor=cobalt_chloride,stressor=cobalt_chloride|dose_mM=0.4125,,cobalt_chloride,,0.4125000000000001,0.4125,train,3,1.65,aa0c6e84ee136633b9415a505e00cdc4bf9185bcd61dc502ac20961d08068c46
simulated_panel,extrapolation,1,stressor|dose_mM,stressor,dose_mM,stressor=cobalt_chloride,stressor=cobalt_chloride|dose_mM=0.825,,cobalt_chloride,,0.8250000000000001,0.825,train,3,1.65,aa0c6e84ee136633b9415a505e00cdc4bf9185bcd61dc502ac20961d08068c46
simulated_panel,extrapolation,1,stressor|dose_mM,stressor,dose_mM,stressor=congo_red,stressor=congo_red|dose_mM=82.5,,congo_red,,82.5,82.5,test,3,82.5,aa0c6e84ee136633b9415a505e00cdc4bf9185bcd61dc502ac20961d08068c46
simulated_panel,extrapolation,1,stressor|dose_mM,stressor,dose_mM,stressor=congo_red,stressor=congo_red|dose_mM=10.3125,,congo_red,,10.3125,10.3125,train,3,82.5,aa0c6e84ee136633b9415a505e00cdc4bf9185bcd61dc502ac20961d08068c46
simulated_panel,extrapolation,1,stressor|dose_mM,stressor,dose_mM,stressor=congo_red,stressor=congo_red|dose_mM=20.625,,congo_red,,20.62499999999999,20.625,train,3,82.5,aa0c6e84ee136633b9415a505e00cdc4bf9185bcd61dc502ac20961d08068c46
simulated_panel,extrapolation,1,stressor|dose_mM,stressor,dose_mM,stressor=congo_red,stressor=congo_red|dose_mM=41.25,,congo_red,,41.249999999999986,41.25,train,3,82.5,aa0c6e84ee136633b9415a505e00cdc4bf9185bcd61dc502ac20961d08068c46
simulated_panel,extrapolation,1,stressor|dose_mM,stressor,dose_mM,stressor=congo_red,stressor=congo_red|dose_mM=5.15625,,congo_red,,5.15625,5.15625,train,3,82.5,aa0c6e84ee136633b9415a505e00cdc4bf9185bcd61dc502ac20961d08068c46
simulated_panel,extrapolation,1,stressor|dose_mM,stressor,dose_mM,stressor=copper_sulfate,stressor=copper_sulfate|dose_mM=1.65,,copper_sulfate,,1.6500000000000001,1.65,test,3,1.65,aa0c6e84ee136633b9415a505e00cdc4bf9185bcd61dc502ac20961d08068c46
simulated_panel,extrapolation,1,stressor|dose_mM,stressor,dose_mM,stressor=copper_sulfate,stressor=copper_sulfate|dose_mM=0.103125,,copper_sulfate,,0.10312500000000001,0.103125,train,3,1.65,aa0c6e84ee136633b9415a505e00cdc4bf9185bcd61dc502ac20961d08068c46
simulated_panel,extrapolation,1,stressor|dose_mM,stressor,dose_mM,stressor=copper_sulfate,stressor=copper_sulfate|dose_mM=0.20625,,copper_sulfate,,0.20625000000000002,0.20625,train,3,1.65,aa0c6e84ee136633b9415a505e00cdc4bf9185bcd61dc502ac20961d08068c46
simulated_panel,extrapolation,1,stressor|dose_mM,stressor,dose_mM,stressor=copper_sulfate,stressor=copper_sulfate|dose_mM=0.4125,,copper_sulfate,,0.4125000000000001,0.4125,train,3,1.65,aa0c6e84ee136633b9415a505e00cdc4bf9185bcd61dc502ac20961d08068c46
simulated_panel,extrapolation,1,stressor|dose_mM,stressor,dose_mM,stressor=copper_sulfate,stressor=copper_sulfate|dose_mM=0.825,,copper_sulfate,,0.8250000000000001,0.825,train,3,1.65,aa0c6e84ee136633b9415a505e00cdc4bf9185bcd61dc502ac20961d08068c46
simulated_panel,extrapolation,1,stressor|dose_mM,stressor,dose_mM,stressor=diamide,stressor=diamide|dose_mM=2.475,,diamide,,2.475,2.475,test,3,2.475,aa0c6e84ee136633b9415a505e00cdc4bf9185bcd61dc502ac20961d08068c46
simulated_panel,extrapolation,1,stressor|dose_mM,stressor,dose_mM,stressor=diamide,stressor=diamide|dose_mM=0.1546875,,diamide,,0.1546875,0.1546875,train,3,2.475,aa0c6e84ee136633b9415a505e00cdc4bf9185bcd61dc502ac20961d08068c46
simulated_panel,extrapolation,1,stressor|dose_mM,stressor,dose_mM,stressor=diamide,stressor=diamide|dose_mM=0.309375,,diamide,,0.30937499999999996,0.309375,train,3,2.475,aa0c6e84ee136633b9415a505e00cdc4bf9185bcd61dc502ac20961d08068c46
simulated_panel,extrapolation,1,stressor|dose_mM,stressor,dose_mM,stressor=diamide,stressor=diamide|dose_mM=0.61875,,diamide,,0.6187499999999999,0.61875,train,3,2.475,aa0c6e84ee136633b9415a505e00cdc4bf9185bcd61dc502ac20961d08068c46
simulated_panel,extrapolation,1,stressor|dose_mM,stressor,dose_mM,stressor=diamide,stressor=diamide|dose_mM=1.2375,,diamide,,1.2374999999999998,1.2375,train,3,2.475,aa0c6e84ee136633b9415a505e00cdc4bf9185bcd61dc502ac20961d08068c46
simulated_panel,extrapolation,1,stressor|dose_mM,stressor,dose_mM,stressor=fluconazole,stressor=fluconazole|dose_mM=49.5,,fluconazole,,49.50000000000001,49.5,test,3,49.5,aa0c6e84ee136633b9415a505e00cdc4bf9185bcd61dc502ac20961d08068c46
simulated_panel,extrapolation,1,stressor|dose_mM,stressor,dose_mM,stressor=fluconazole,stressor=fluconazole|dose_mM=12.375,,fluconazole,,12.375000000000002,12.375,train,3,49.5,aa0c6e84ee136633b9415a505e00cdc4bf9185bcd61dc502ac20961d08068c46
simulated_panel,extrapolation,1,stressor|dose_mM,stressor,dose_mM,stressor=fluconazole,stressor=fluconazole|dose_mM=24.75,,fluconazole,,24.750000000000004,24.75,train,3,49.5,aa0c6e84ee136633b9415a505e00cdc4bf9185bcd61dc502ac20961d08068c46
simulated_panel,extrapolation,1,stressor|dose_mM,stressor,dose_mM,stressor=fluconazole,stressor=fluconazole|dose_mM=3.09375,,fluconazole,,3.0937500000000004,3.09375,train,3,49.5,aa0c6e84ee136633b9415a505e00cdc4bf9185bcd61dc502ac20961d08068c46
simulated_panel,extrapolation,1,stressor|dose_mM,stressor,dose_mM,stressor=fluconazole,stressor=fluconazole|dose_mM=6.1875,,fluconazole,,6.187500000000001,6.1875,train,3,49.5,aa0c6e84ee136633b9415a505e00cdc4bf9185bcd61dc502ac20961d08068c46
simulated_panel,extrapolation,1,stressor|dose_mM,stressor,dose_mM,stressor=glucose_starvation,stressor=glucose_starvation|dose_mM=0.99,,glucose_starvation,,0.99,0.99,test,3,0.99,aa0c6e84ee136633b9415a505e00cdc4bf9185bcd61dc502ac20961d08068c46
simulated_panel,extrapolation,1,stressor|dose_mM,stressor,dose_mM,stressor=glucose_starvation,stressor=glucose_starvation|dose_mM=0.061875,,glucose_starvation,,0.061875,0.061875,train,3,0.99,aa0c6e84ee136633b9415a505e00cdc4bf9185bcd61dc502ac20961d08068c46
simulated_panel,extrapolation,1,stressor|dose_mM,stressor,dose_mM,stressor=glucose_starvation,stressor=glucose_starvation|dose_mM=0.12375,,glucose_starvation,,0.12375,0.12375,train,3,0.99,aa0c6e84ee136633b9415a505e00cdc4bf9185bcd61dc502ac20961d08068c46
simulated_panel,extrapolation,1,stressor|dose_mM,stressor,dose_mM,stressor=glucose_starvation,stressor=glucose_starvation|dose_mM=0.2475,,glucose_starvation,,0.2475,0.2475,train,3,0.99,aa0c6e84ee136633b9415a505e00cdc4bf9185bcd61dc502ac20961d08068c46
simulated_panel,extrapolation,1,stressor|dose_mM,stressor,dose_mM,stressor=glucose_starvation,stressor=glucose_starvation|dose_mM=0.495,,glucose_starvation,,0.49499999999999994,0.495,train,3,0.99,aa0c6e84ee136633b9415a505e00cdc4bf9185bcd61dc502ac20961d08068c46
simulated_panel,extrapolation,1,stressor|dose_mM,stressor,dose_mM,stressor=heat,stressor=heat|dose_mM=9.9,,heat,,9.9,9.9,test,3,9.9,aa0c6e84ee136633b9415a505e00cdc4bf9185bcd61dc502ac20961d08068c46
simulated_panel,extrapolation,1,stressor|dose_mM,stressor,dose_mM,stressor=heat,stressor=heat|dose_mM=0.61875,,heat,,0.61875,0.61875,train,3,9.9,aa0c6e84ee136633b9415a505e00cdc4bf9185bcd61dc502ac20961d08068c46
simulated_panel,extrapolation,1,stressor|dose_mM,stressor,dose_mM,stressor=heat,stressor=heat|dose_mM=1.2375,,heat,,1.2375,1.2375,train,3,9.9,aa0c6e84ee136633b9415a505e00cdc4bf9185bcd61dc502ac20961d08068c46
simulated_panel,extrapolation,1,stressor|dose_mM,stressor,dose_mM,stressor=heat,stressor=heat|dose_mM=2.475,,heat,,2.475,2.475,train,3,9.9,aa0c6e84ee136633b9415a505e00cdc4bf9185bcd61dc502ac20961d08068c46
simulated_panel,extrapolation,1,stressor|dose_mM,stressor,dose_mM,stressor=heat,stressor=heat|dose_mM=4.95,,heat,,4.949999999999999,4.95,train,3,9.9,aa0c6e84ee136633b9415a505e00cdc4bf9185bcd61dc502ac20961d08068c46
simulated_panel,extrapolation,1,stressor|dose_mM,stressor,dose_mM,stressor=hydroxyurea,stressor=hydroxyurea|dose_mM=165,,hydroxyurea,,165.0,165,test,3,165,aa0c6e84ee136633b9415a505e00cdc4bf9185bcd61dc502ac20961d08068c46
simulated_panel,extrapolation,1,stressor|dose_mM,stressor,dose_mM,stressor=hydroxyurea,stressor=hydroxyurea|dose_mM=10.3125,,hydroxyurea,,10.3125,10.3125,train,3,165,aa0c6e84ee136633b9415a505e00cdc4bf9185bcd61dc502ac20961d08068c46
simulated_panel,extrapolation,1,stressor|dose_mM,stressor,dose_mM,stressor=hydroxyurea,stressor=hydroxyurea|dose_mM=20.625,,hydroxyurea,,20.625,20.625,train,3,165,aa0c6e84ee136633b9415a505e00cdc4bf9185bcd61dc502ac20961d08068c46
simulated_panel,extrapolation,1,stressor|dose_mM,stressor,dose_mM,stressor=hydroxyurea,stressor=hydroxyurea|dose_mM=41.25,,hydroxyurea,,41.249999999999986,41.25,train,3,165,aa0c6e84ee136633b9415a505e00cdc4bf9185bcd61dc502ac20961d08068c46
simulated_panel,extrapolation,1,stressor|dose_mM,stressor,dose_mM,stressor=hydroxyurea,stressor=hydroxyurea|dose_mM=82.5,,hydroxyurea,,82.49999999999999,82.5,train,3,165,aa0c6e84ee136633b9415a505e00cdc4bf9185bcd61dc502ac20961d08068c46
simulated_panel,extrapolation,1,stressor|dose_mM,stressor,dose_mM,stressor=menadione,stressor=menadione|dose_mM=165,,menadione,,165.0,165,test,3,165,aa0c6e84ee136633b9415a505e00cdc4bf9185bcd61dc502ac20961d08068c46
simulated_panel,extrapolation,1,stressor|dose_mM,stressor,dose_mM,stressor=menadione,stressor=menadione|dose_mM=10.3125,,menadione,,10.3125,10.3125,train,3,165,aa0c6e84ee136633b9415a505e00cdc4bf9185bcd61dc502ac20961d08068c46
simulated_panel,extrapolation,1,stressor|dose_mM,stressor,dose_mM,stressor=menadione,stressor=menadione|dose_mM=20.625,,menadione,,20.625,20.625,train,3,165,aa0c6e84ee136633b9415a505e00cdc4bf9185bcd61dc502ac20961d08068c46
simulated_panel,extrapolation,1,stressor|dose_mM,stressor,dose_mM,stressor=menadione,stressor=menadione|dose_mM=41.25,,menadione,,41.249999999999986,41.25,train,3,165,aa0c6e84ee136633b9415a505e00cdc4bf9185bcd61dc502ac20961d08068c46
simulated_panel,extrapolation,1,stressor|dose_mM,stressor,dose_mM,stressor=menadione,stressor=menadione|dose_mM=82.5,,menadione,,82.49999999999999,82.5,train,3,165,aa0c6e84ee136633b9415a505e00cdc4bf9185bcd61dc502ac20961d08068c46
simulated_panel,extrapolation,1,stressor|dose_mM,stressor,dose_mM,stressor=methionine_starvation,stressor=methionine_starvation|dose_mM=1.32,,methionine_starvation,,1.3200000000000003,1.32,test,3,1.32,aa0c6e84ee136633b9415a505e00cdc4bf9185bcd61dc502ac20961d08068c46
simulated_panel,extrapolation,1,stressor|dose_mM,stressor,dose_mM,stressor=methionine_starvation,stressor=methionine_starvation|dose_mM=0.0825,,methionine_starvation,,0.08250000000000002,0.0825,train,3,1.32,aa0c6e84ee136633b9415a505e00cdc4bf9185bcd61dc502ac20961d08068c46
simulated_panel,extrapolation,1,stressor|dose_mM,stressor,dose_mM,stressor=methionine_starvation,stressor=methionine_starvation|dose_mM=0.165,,methionine_starvation,,0.1650000000000001,0.165,train,3,1.32,aa0c6e84ee136633b9415a505e00cdc4bf9185bcd61dc502ac20961d08068c46
simulated_panel,extrapolation,1,stressor|dose_mM,stressor,dose_mM,stressor=methionine_starvation,stressor=methionine_starvation|dose_mM=0.33,,methionine_starvation,,0.3300000000000001,0.33,train,3,1.32,aa0c6e84ee136633b9415a505e00cdc4bf9185bcd61dc502ac20961d08068c46
simulated_panel,extrapolation,1,stressor|dose_mM,stressor,dose_mM,stressor=methionine_starvation,stressor=methionine_starvation|dose_mM=0.66,,methionine_starvation,,0.6600000000000001,0.66,train,3,1.32,aa0c6e84ee136633b9415a505e00cdc4bf9185bcd61dc502ac20961d08068c46
simulated_panel,extrapolation,1,stressor|dose_mM,stressor,dose_mM,stressor=rapamycin,stressor=rapamycin|dose_mM=33,,rapamycin,,33.0,33,test,3,33,aa0c6e84ee136633b9415a505e00cdc4bf9185bcd61dc502ac20961d08068c46
simulated_panel,extrapolation,1,stressor|dose_mM,stressor,dose_mM,stressor=rapamycin,stressor=rapamycin|dose_mM=16.5,,rapamycin,,16.5,16.5,train,3,33,aa0c6e84ee136633b9415a505e00cdc4bf9185bcd61dc502ac20961d08068c46
simulated_panel,extrapolation,1,stressor|dose_mM,stressor,dose_mM,stressor=rapamycin,stressor=rapamycin|dose_mM=2.0625,,rapamycin,,2.0625,2.0625,train,3,33,aa0c6e84ee136633b9415a505e00cdc4bf9185bcd61dc502ac20961d08068c46
simulated_panel,extrapolation,1,stressor|dose_mM,stressor,dose_mM,stressor=rapamycin,stressor=rapamycin|dose_mM=4.125,,rapamycin,,4.125,4.125,train,3,33,aa0c6e84ee136633b9415a505e00cdc4bf9185bcd61dc502ac20961d08068c46
simulated_panel,extrapolation,1,stressor|dose_mM,stressor,dose_mM,stressor=rapamycin,stressor=rapamycin|dose_mM=8.25,,rapamycin,,8.249999999999998,8.25,train,3,33,aa0c6e84ee136633b9415a505e00cdc4bf9185bcd61dc502ac20961d08068c46
simulated_panel,extrapolation,1,stressor|dose_mM,stressor,dose_mM,stressor=sodium_hydroxide,stressor=sodium_hydroxide|dose_mM=4.95,,sodium_hydroxide,,4.95,4.95,test,3,4.95,aa0c6e84ee136633b9415a505e00cdc4bf9185bcd61dc502ac20961d08068c46
simulated_panel,extrapolation,1,stressor|dose_mM,stressor,dose_mM,stressor=sodium_hydroxide,stressor=sodium_hydroxide|dose_mM=0.309375,,sodium_hydroxide,,0.309375,0.309375,train,3,4.95,aa0c6e84ee136633b9415a505e00cdc4bf9185bcd61dc502ac20961d08068c46
simulated_panel,extrapolation,1,stressor|dose_mM,stressor,dose_mM,stressor=sodium_hydroxide,stressor=sodium_hydroxide|dose_mM=0.61875,,sodium_hydroxide,,0.61875,0.61875,train,3,4.95,aa0c6e84ee136633b9415a505e00cdc4bf9185bcd61dc502ac20961d08068c46
simulated_panel,extrapolation,1,stressor|dose_mM,stressor,dose_mM,stressor=sodium_hydroxide,stressor=sodium_hydroxide|dose_mM=1.2375,,sodium_hydroxide,,1.2375,1.2375,train,3,4.95,aa0c6e84ee136633b9415a505e00cdc4bf9185bcd61dc502ac20961d08068c46
simulated_panel,extrapolation,1,stressor|dose_mM,stressor,dose_mM,stressor=sodium_hydroxide,stressor=sodium_hydroxide|dose_mM=2.475,,sodium_hydroxide,,2.475,2.475,train,3,4.95,aa0c6e84ee136633b9415a505e00cdc4bf9185bcd61dc502ac20961d08068c46
simulated_panel,extrapolation,1,stressor|dose_mM,stressor,dose_mM,stressor=sorbitol,stressor=sorbitol|dose_mM=1.65,,sorbitol,,1.6500000000000001,1.65,test,3,1.65,aa0c6e84ee136633b9415a505e00cdc4bf9185bcd61dc502ac20961d08068c46
simulated_panel,extrapolation,1,stressor|dose_mM,stressor,dose_mM,stressor=sorbitol,stressor=sorbitol|dose_mM=0.103125,,sorbitol,,0.10312500000000001,0.103125,train,3,1.65,aa0c6e84ee136633b9415a505e00cdc4bf9185bcd61dc502ac20961d08068c46
simulated_panel,extrapolation,1,stressor|dose_mM,stressor,dose_mM,stressor=sorbitol,stressor=sorbitol|dose_mM=0.20625,,sorbitol,,0.20625000000000002,0.20625,train,3,1.65,aa0c6e84ee136633b9415a505e00cdc4bf9185bcd61dc502ac20961d08068c46
simulated_panel,extrapolation,1,stressor|dose_mM,stressor,dose_mM,stressor=sorbitol,stressor=sorbitol|dose_mM=0.4125,,sorbitol,,0.4125000000000001,0.4125,train,3,1.65,aa0c6e84ee136633b9415a505e00cdc4bf9185bcd61dc502ac20961d08068c46
simulated_panel,extrapolation,1,stressor|dose_mM,stressor,dose_mM,stressor=sorbitol,stressor=sorbitol|dose_mM=0.825,,sorbitol,,0.8250000000000001,0.825,train,3,1.65,aa0c6e84ee136633b9415a505e00cdc4bf9185bcd61dc502ac20961d08068c46
simulated_panel,extrapolation,1,stressor|dose_mM,stressor,dose_mM,stressor=tunicamycin,stressor=tunicamycin|dose_mM=1.65,,tunicamycin,,1.6500000000000001,1.65,test,3,1.65,aa0c6e84ee136633b9415a505e00cdc4bf9185bcd61dc502ac20961d08068c46
simulated_panel,extrapolation,1,stressor|dose_mM,stressor,dose_mM,stressor=tunicamycin,stressor=tunicamycin|dose_mM=0.103125,,tunicamycin,,0.10312500000000001,0.103125,train,3,1.65,aa0c6e84ee136633b9415a505e00cdc4bf9185bcd61dc502ac20961d08068c46
simulated_panel,extrapolation,1,stressor|dose_mM,stressor,dose_mM,stressor=tunicamycin,stressor=tunicamycin|dose_mM=0.20625,,tunicamycin,,0.20625000000000002,0.20625,train,3,1.65,aa0c6e84ee136633b9415a505e00cdc4bf9185bcd61dc502ac20961d08068c46
simulated_panel,extrapolation,1,stressor|dose_mM,stressor,dose_mM,stressor=tunicamycin,stressor=tunicamycin|dose_mM=0.4125,,tunicamycin,,0.4125000000000001,0.4125,train,3,1.65,aa0c6e84ee136633b9415a505e00cdc4bf9185bcd61dc502ac20961d08068c46
simulated_panel,extrapolation,1,stressor|dose_mM,stressor,dose_mM,stressor=tunicamycin,stressor=tunicamycin|dose_mM=0.825,,tunicamycin,,0.8250000000000001,0.825,train,3,1.65,aa0c6e84ee136633b9415a505e00cdc4bf9185bcd61dc502ac20961d08068c46
simulated_panel,extrapolation,2,stressor|dose_mM,stressor,dose_mM,stressor=BPS,stressor=BPS|dose_mM=82.5,,BPS,,82.5,82.5,test,3,82.5,aa0c6e84ee136633b9415a505e00cdc4bf9185bcd61dc502ac20961d08068c46
simulated_panel,extrapolation,2,stressor|dose_mM,stressor,dose_mM,stressor=BPS,stressor=BPS|dose_mM=10.3125,,BPS,,10.3125,10.3125,train,3,82.5,aa0c6e84ee136633b9415a505e00cdc4bf9185bcd61dc502ac20961d08068c46
simulated_panel,extrapolation,2,stressor|dose_mM,stressor,dose_mM,stressor=BPS,stressor=BPS|dose_mM=20.625,,BPS,,20.62499999999999,20.625,train,3,82.5,aa0c6e84ee136633b9415a505e00cdc4bf9185bcd61dc502ac20961d08068c46
simulated_panel,extrapolation,2,stressor|dose_mM,stressor,dose_mM,stressor=BPS,stressor=BPS|dose_mM=41.25,,BPS,,41.249999999999986,41.25,train,3,82.5,aa0c6e84ee136633b9415a505e00cdc4bf9185bcd61dc502ac20961d08068c46
simulated_panel,extrapolation,2,stressor|dose_mM,stressor,dose_mM,stressor=BPS,stressor=BPS|dose_mM=5.15625,,BPS,,5.15625,5.15625,train,3,82.5,aa0c6e84ee136633b9415a505e00cdc4bf9185bcd61dc502ac20961d08068c46
simulated_panel,extrapolation,2,stressor|dose_mM,stressor,dose_mM,stressor=DTT,stressor=DTT|dose_mM=0.8525,,DTT,,0.8525000000000001,0.8525,test,3,0.8525,aa0c6e84ee136633b9415a505e00cdc4bf9185bcd61dc502ac20961d08068c46
simulated_panel,extrapolation,2,stressor|dose_mM,stressor,dose_mM,stressor=DTT,stressor=DTT|dose_mM=0.05328125,,DTT,,0.05328125000000001,0.05328125,train,3,0.8525,aa0c6e84ee136633b9415a505e00cdc4bf9185bcd61dc502ac20961d08068c46
simulated_panel,extrapolation,2,stressor|dose_mM,stressor,dose_mM,stressor=DTT,stressor=DTT|dose_mM=0.1065625,,DTT,,0.10656250000000005,0.1065625,train,3,0.8525,aa0c6e84ee136633b9415a505e00cdc4bf9185bcd61dc502ac20961d08068c46
simulated_panel,extrapolation,2,stressor|dose_mM,stressor,dose_mM,stressor=DTT,stressor=DTT|dose_mM=0.213125,,DTT,,0.21312500000000006,0.213125,train,3,0.8525,aa0c6e84ee136633b9415a505e00cdc4bf9185bcd61dc502ac20961d08068c46
simulated_panel,extrapolation,2,stressor|dose_mM,stressor,dose_mM,stressor=DTT,stressor=DTT|dose_mM=0.42625,,DTT,,0.42625000000000013,0.42625,train,3,0.8525,aa0c6e84ee136633b9415a505e00cdc4bf9185bcd61dc502ac20961d08068c46
simulated_panel,extrapolation,2,stressor|dose_mM,stressor,dose_mM,stressor=DTT+H2O2,stressor=DTT+H2O2|dose_mM=0.8525,,DTT+H2O2,,0.8525000000000001,0.8525,test,3,0.8525,aa0c6e84ee136633b9415a505e00cdc4bf9185bcd61dc502ac20961d08068c46
simulated_panel,extrapolation,2,stressor|dose_mM,stressor,dose_mM,stressor=DTT+H2O2,stressor=DTT+H2O2|dose_mM=0.05328125,,DTT+H2O2,,0.05328125000000001,0.05328125,train,3,0.8525,aa0c6e84ee136633b9415a505e00cdc4bf9185bcd61dc502ac20961d08068c46
simulated_panel,extrapolation,2,stressor|dose_mM,stressor,dose_mM,stressor=DTT+H2O2,stressor=DTT+H2O2|dose_mM=0.1065625,,DTT+H2O2,,0.10656250000000005,0.1065625,train,3,0.8525,aa0c6e84ee136633b9415a505e00cdc4bf9185bcd61dc502ac20961d08068c46
simulated_panel,extrapolation,2,stressor|dose_mM,stressor,dose_mM,stressor=DTT+H2O2,stressor=DTT+H2O2|dose_mM=0.213125,,DTT+H2O2,,0.21312500000000006,0.213125,train,3,0.8525,aa0c6e84ee136633b9415a505e00cdc4bf9185bcd61dc502ac20961d08068c46
simulated_panel,extrapolation,2,stressor|dose_mM,stressor,dose_mM,stressor=DTT+H2O2,stressor=DTT+H2O2|dose_mM=0.42625,,DTT+H2O2,,0.42625000000000013,0.42625,train,3,0.8525,aa0c6e84ee136633b9415a505e00cdc4bf9185bcd61dc502ac20961d08068c46
simulated_panel,extrapolation,2,stressor|dose_mM,stressor,dose_mM,stressor=H2O2,stressor=H2O2|dose_mM=0.55,,H2O2,,0.55,0.55,test,3,0.55,aa0c6e84ee136633b9415a505e00cdc4bf9185bcd61dc502ac20961d08068c46
simulated_panel,extrapolation,2,stressor|dose_mM,stressor,dose_mM,stressor=H2O2,stressor=H2O2|dose_mM=0.034375,,H2O2,,0.034375,0.034375,train,3,0.55,aa0c6e84ee136633b9415a505e00cdc4bf9185bcd61dc502ac20961d08068c46
simulated_panel,extrapolation,2,stressor|dose_mM,stressor,dose_mM,stressor=H2O2,stressor=H2O2|dose_mM=0.06875,,H2O2,,0.06875000000000002,0.06875,train,3,0.55,aa0c6e84ee136633b9415a505e00cdc4bf9185bcd61dc502ac20961d08068c46
simulated_panel,extrapolation,2,stressor|dose_mM,stressor,dose_mM,stressor=H2O2,stressor=H2O2|dose_mM=0.1375,,H2O2,,0.1375,0.1375,train,3,0.55,aa0c6e84ee136633b9415a505e00cdc4bf9185bcd61dc502ac20961d08068c46
simulated_panel,extrapolation,2,stressor|dose_mM,stressor,dose_mM,stressor=H2O2,stressor=H2O2|dose_mM=0.275,,H2O2,,0.27499999999999997,0.275,train,3,0.55,aa0c6e84ee136633b9415a505e00cdc4bf9185bcd61dc502ac20961d08068c46
simulated_panel,extrapolation,2,stressor|dose_mM,stressor,dose_mM,stressor=MG132,stressor=MG132|dose_mM=66,,MG132,,66.0,66,test,3,66,aa0c6e84ee136633b9415a505e00cdc4bf9185bcd61dc502ac20961d08068c46
simulated_panel,extrapolation,2,stressor|dose_mM,stressor,dose_mM,stressor=MG132,stressor=MG132|dose_mM=16.5,,MG132,,16.5,16.5,train,3,66,aa0c6e84ee136633b9415a505e00cdc4bf9185bcd61dc502ac20961d08068c46
simulated_panel,extrapolation,2,stressor|dose_mM,stressor,dose_mM,stressor=MG132,stressor=MG132|dose_mM=33,,MG132,,33.0,33,train,3,66,aa0c6e84ee136633b9415a505e00cdc4bf9185bcd61dc502ac20961d08068c46
simulated_panel,extrapolation,2,stressor|dose_mM,stressor,dose_mM,stressor=MG132,stressor=MG132|dose_mM=4.125,,MG132,,4.125,4.125,train,3,66,aa0c6e84ee136633b9415a505e00cdc4bf9185bcd61dc502ac20961d08068c46
simulated_panel,extrapolation,2,stressor|dose_mM,stressor,dose_mM,stressor=MG132,stressor=MG132|dose_mM=8.25,,MG132,,8.25,8.25,train,3,66,aa0c6e84ee136633b9415a505e00cdc4bf9185bcd61dc502ac20961d08068c46
simulated_panel,extrapolation,2,stressor|dose_mM,stressor,dose_mM,stressor=MMS,stressor=MMS|dose_mM=0.033,,MMS,,0.033,0.033,test,3,0.033,aa0c6e84ee136633b9415a505e00cdc4bf9185bcd61dc502ac20961d08068c46
simulated_panel,extrapolation,2,stressor|dose_mM,stressor,dose_mM,stressor=MMS,stressor=MMS|dose_mM=0.0020625,,MMS,,0.0020625,0.0020625,train,3,0.033,aa0c6e84ee136633b9415a505e00cdc4bf9185bcd61dc502ac20961d08068c46
simulated_panel,extrapolation,2,stressor|dose_mM,stressor,dose_mM,stressor=MMS,stressor=MMS|dose_mM=0.004125,,MMS,,0.0041249999999999985,0.004125,train,3,0.033,aa0c6e84ee136633b9415a505e00cdc4bf9185bcd61dc502ac20961d08068c46
simulated_panel,extrapolation,2,stressor|dose_mM,stressor,dose_mM,stressor=MMS,stressor=MMS|dose_mM=0.00825,,MMS,,0.008249999999999999,0.00825,train,3,0.033,aa0c6e84ee136633b9415a505e00cdc4bf9185bcd61dc502ac20961d08068c46
simulated_panel,extrapolation,2,stressor|dose_mM,stressor,dose_mM,stressor=MMS,stressor=MMS|dose_mM=0.0165,,MMS,,0.0165,0.0165,train,3,0.033,aa0c6e84ee136633b9415a505e00cdc4bf9185bcd61dc502ac20961d08068c46
simulated_panel,extrapolation,2,stressor|dose_mM,stressor,dose_mM,stressor=NaCl,stressor=NaCl|dose_mM=0.825,,NaCl,,0.8250000000000001,0.825,test,3,0.825,aa0c6e84ee136633b9415a505e00cdc4bf9185bcd61dc502ac20961d08068c46
simulated_panel,extrapolation,2,stressor|dose_mM,stressor,dose_mM,stressor=NaCl,stressor=NaCl|dose_mM=0.0515625,,NaCl,,0.051562500000000004,0.0515625,train,3,0.825,aa0c6e84ee136633b9415a505e00cdc4bf9185bcd61dc502ac20961d08068c46
simulated_panel,extrapolation,2,stressor|dose_mM,stressor,dose_mM,stressor=NaCl,stressor=NaCl|dose_mM=0.103125,,NaCl,,0.10312500000000002,0.103125,train,3,0.825,aa0c6e84ee136633b9415a505e00cdc4bf9185bcd61dc502ac20961d08068c46
simulated_panel,extrapolation,2,stressor|dose_mM,stressor,dose_mM,stressor=NaCl,stressor=NaCl|dose_mM=0.20625,,NaCl,,0.20625000000000002,0.20625,train,3,0.825,aa0c6e84ee136633b9415a505e00cdc4bf9185bcd61dc502ac20961d08068c46
simulated_panel,extrapolation,2,stressor|dose_mM,stressor,dose_mM,stressor=NaCl,stressor=NaCl|dose_mM=0.4125,,NaCl,,0.4125,0.4125,train,3,0.825,aa0c6e84ee136633b9415a505e00cdc4bf9185bcd61dc502ac20961d08068c46
simulated_panel,extrapolation,2,stressor|dose_mM,stressor,dose_mM,stressor=TPEN,stressor=TPEN|dose_mM=16.5,,TPEN,,16.5,16.5,test,3,16.5,aa0c6e84ee136633b9415a505e00cdc4bf9185bcd61dc502ac20961d08068c46
simulated_panel,extrapolation,2,stressor|dose_mM,stressor,dose_mM,stressor=TPEN,stressor=TPEN|dose_mM=1.03125,,TPEN,,1.03125,1.03125,train,3,16.5,aa0c6e84ee136633b9415a505e00cdc4bf9185bcd61dc502ac20961d08068c46
simulated_panel,extrapolation,2,stressor|dose_mM,stressor,dose_mM,stressor=TPEN,stressor=TPEN|dose_mM=2.0625,,TPEN,,2.0625,2.0625,train,3,16.5,aa0c6e84ee136633b9415a505e00cdc4bf9185bcd61dc502ac20961d08068c46
simulated_panel,extrapolation,2,stressor|dose_mM,stressor,dose_mM,stressor=TPEN,stressor=TPEN|dose_mM=4.125,,TPEN,,4.125,4.125,train,3,16.5,aa0c6e84ee136633b9415a505e00cdc4bf9185bcd61dc502ac20961d08068c46
simulated_panel,extrapolation,2,stressor|dose_mM,stressor,dose_mM,stressor=TPEN,stressor=TPEN|dose_mM=8.25,,TPEN,,8.249999999999998,8.25,train,3,16.5,aa0c6e84ee136633b9415a505e00cdc4bf9185bcd61dc502ac20961d08068c46
simulated_panel,extrapolation,2,stressor|dose_mM,stressor,dose_mM,stressor=acetic_acid,stressor=acetic_acid|dose_mM=99,,acetic_acid,,99.00000000000001,99,test,3,99,aa0c6e84ee136633b9415a505e00cdc4bf9185bcd61dc502ac20961d08068c46
simulated_panel,extrapolation,2,stressor|dose_mM,stressor,dose_mM,stressor=acetic_acid,stressor=acetic_acid|dose_mM=12.375,,acetic_acid,,12.375000000000002,12.375,train,3,99,aa0c6e84ee136633b9415a505e00cdc4bf9185bcd61dc502ac20961d08068c46
simulated_panel,extrapolation,2,stressor|dose_mM,stressor,dose_mM,stressor=acetic_acid,stressor=acetic_acid|dose_mM=24.75,,acetic_acid,,24.750000000000004,24.75,train,3,99,aa0c6e84ee136633b9415a505e00cdc4bf9185bcd61dc502ac20961d08068c46
simulated_panel,extrapolation,2,stressor|dose_mM,stressor,dose_mM,stressor=acetic_acid,stressor=acetic_acid|dose_mM=49.5,,acetic_acid,,49.49999999999999,49.5,train,3,99,aa0c6e84ee136633b9415a505e00cdc4bf9185bcd61dc502ac20961d08068c46
simulated_panel,extrapolation,2,stressor|dose_mM,stressor,dose_mM,stressor=acetic_acid,stressor=acetic_acid|dose_mM=6.1875,,acetic_acid,,6.187500000000001,6.1875,train,3,99,aa0c6e84ee136633b9415a505e00cdc4bf9185bcd61dc502ac20961d08068c46
simulated_panel,extrapolation,2,stressor|dose_mM,stressor,dose_mM,stressor=antimycin_A,stressor=antimycin_A|dose_mM=8.25,,antimycin_A,,8.25,8.25,test,3,8.25,aa0c6e84ee136633b9415a505e00cdc4bf9185bcd61dc502ac20961d08068c46
simulated_panel,extrapolation,2,stressor|dose_mM,stressor,dose_mM,stressor=antimycin_A,stressor=antimycin_A|dose_mM=0.515625,,antimycin_A,,0.515625,0.515625,train,3,8.25,aa0c6e84ee136633b9415a505e00cdc4bf9185bcd61dc502ac20961d08068c46
simulated_panel,extrapolation,2,stressor|dose_mM,stressor,dose_mM,stressor=antimycin_A,stressor=antimycin_A|dose_mM=1.03125,,antimycin_A,,1.03125,1.03125,train,3,8.25,aa0c6e84ee136633b9415a505e00cdc4bf9185bcd61dc502ac20961d08068c46
simulated_panel,extrapolation,2,stressor|dose_mM,stressor,dose_mM,stressor=antimycin_A,stressor=antimycin_A|dose_mM=2.0625,,antimycin_A,,2.0625,2.0625,train,3,8.25,aa0c6e84ee136633b9415a505e00cdc4bf9185bcd61dc502ac20961d08068c46
simulated_panel,extrapolation,2,stressor|dose_mM,stressor,dose_mM,stressor=antimycin_A,stressor=antimycin_A|dose_mM=4.125,,antimycin_A,,4.125,4.125,train,3,8.25,aa0c6e84ee136633b9415a505e00cdc4bf9185bcd61dc502ac20961d08068c46
simulated_panel,extrapolation,2,stressor|dose_mM,stressor,dose_mM,stressor=caffeine,stressor=caffeine|dose_mM=16.5,,caffeine,,16.5,16.5,test,3,16.5,aa0c6e84ee136633b9415a505e00cdc4bf9185bcd61dc502ac20961d08068c46
simulated_panel,extrapolation,2,stressor|dose_mM,stressor,dose_mM,stressor=caffeine,stressor=caffeine|dose_mM=1.03125,,caffeine,,1.03125,1.03125,train,3,16.5,aa0c6e84ee136633b9415a505e00cdc4bf9185bcd61dc502ac20961d08068c46
simulated_panel,extrapolation,2,stressor|dose_mM,stressor,dose_mM,stressor=caffeine,stressor=caffeine|dose_mM=2.0625,,caffeine,,2.0625,2.0625,train,3,16.5,aa0c6e84ee136633b9415a505e00cdc4bf9185bcd61dc502ac20961d08068c46
simulated_panel,extrapolation,2,stressor|dose_mM,stressor,dose_mM,stressor=caffeine,stressor=caffeine|dose_mM=4.125,,caffeine,,4.125,4.125,train,3,16.5,aa0c6e84ee136633b9415a505e00cdc4bf9185bcd61dc502ac20961d08068c46
simulated_panel,extrapolation,2,stressor|dose_mM,stressor,dose_mM,stressor=caffeine,stressor=caffeine|dose_mM=8.25,,caffeine,,8.249999999999998,8.25,train,3,16.5,aa0c6e84ee136633b9415a505e00cdc4bf9185bcd61dc502ac20961d08068c46
simulated_panel,extrapolation,2,stressor|dose_mM,stressor,dose_mM,stressor=calcium_chloride,stressor=calcium_chloride|dose_mM=330,,calcium_chloride,,330.0,330,test,3,330,aa0c6e84ee136633b9415a505e00cdc4bf9185bcd61dc502ac20961d08068c46
simulated_panel,extrapolation,2,stressor|dose_mM,stressor,dose_mM,stressor=calcium_chloride,stressor=calcium_chloride|dose_mM=165,,calcium_chloride,,165.0,165,train,3,330,aa0c6e84ee136633b9415a505e00cdc4bf9185bcd61dc502ac20961d08068c46
simulated_panel,extrapolation,2,stressor|dose_mM,stressor,dose_mM,stressor=calcium_chloride,stressor=calcium_chloride|dose_mM=20.625,,calcium_chloride,,20.625,20.625,train,3,330,aa0c6e84ee136633b9415a505e00cdc4bf9185bcd61dc502ac20961d08068c46
simulated_panel,extrapolation,2,stressor|dose_mM,stressor,dose_mM,stressor=calcium_chloride,stressor=calcium_chloride|dose_mM=41.25,,calcium_chloride,,41.25000000000001,41.25,train,3,330,aa0c6e84ee136633b9415a505e00cdc4bf9185bcd61dc502ac20961d08068c46
simulated_panel,extrapolation,2,stressor|dose_mM,stressor,dose_mM,stressor=calcium_chloride,stressor=calcium_chloride|dose_mM=82.5,,calcium_chloride,,82.49999999999999,82.5,train,3,330,aa0c6e84ee136633b9415a505e00cdc4bf9185bcd61dc502ac20961d08068c46
simulated_panel,extrapolation,2,stressor|dose_mM,stressor,dose_mM,stressor=cobalt_chloride,stressor=cobalt_chloride|dose_mM=1.65,,cobalt_chloride,,1.6500000000000001,1.65,test,3,1.65,aa0c6e84ee136633b9415a505e00cdc4bf9185bcd61dc502ac20961d08068c46
simulated_panel,extrapolation,2,stressor|dose_mM,stressor,dose_mM,stressor=cobalt_chloride,stressor=cobalt_chloride|dose_mM=0.103125,,cobalt_chloride,,0.10312500000000001,0.103125,train,3,1.65,aa0c6e84ee136633b9415a505e00cdc4bf9185bcd61dc502ac20961d08068c46
simulated_panel,extrapolation,2,stressor|dose_mM,stressor,dose_mM,stressor=cobalt_chloride,stressor=cobalt_chloride|dose_mM=0.20625,,cobalt_chloride,,0.20625000000000002,0.20625,train,3,1.65,aa0c6e84ee136633b9415a505e00cdc4bf9185bcd61dc502ac20961d08068c46
simulated_panel,extrapolation,2,stressor|dose_mM,stressor,dose_mM,stressor=cobalt_chloride,stressor=cobalt_chloride|dose_mM=0.4125,,cobalt_chloride,,0.4125000000000001,0.4125,train,3,1.65,aa0c6e84ee136633b9415a505e00cdc4bf9185bcd61dc502ac20961d08068c46
simulated_panel,extrapolation,2,stressor|dose_mM,stressor,dose_mM,stressor=cobalt_chloride,stressor=cobalt_chloride|dose_mM=0.825,,cobalt_chloride,,0.8250000000000001,0.825,train,3,1.65,aa0c6e84ee136633b9415a505e00cdc4bf9185bcd61dc502ac20961d08068c46
simulated_panel,extrapolation,2,stressor|dose_mM,stressor,dose_mM,stressor=congo_red,stressor=congo_red|dose_mM=82.5,,congo_red,,82.5,82.5,test,3,82.5,aa0c6e84ee136633b9415a505e00cdc4bf9185bcd61dc502ac20961d08068c46
simulated_panel,extrapolation,2,stressor|dose_mM,stressor,dose_mM,stressor=congo_red,stressor=congo_red|dose_mM=10.3125,,congo_red,,10.3125,10.3125,train,3,82.5,aa0c6e84ee136633b9415a505e00cdc4bf9185bcd61dc502ac20961d08068c46
simulated_panel,extrapolation,2,stressor|dose_mM,stressor,dose_mM,stressor=congo_red,stressor=congo_red|dose_mM=20.625,,congo_red,,20.62499999999999,20.625,train,3,82.5,aa0c6e84ee136633b9415a505e00cdc4bf9185bcd61dc502ac20961d08068c46
simulated_panel,extrapolation,2,stressor|dose_mM,stressor,dose_mM,stressor=congo_red,stressor=congo_red|dose_mM=41.25,,congo_red,,41.249999999999986,41.25,train,3,82.5,aa0c6e84ee136633b9415a505e00cdc4bf9185bcd61dc502ac20961d08068c46
simulated_panel,extrapolation,2,stressor|dose_mM,stressor,dose_mM,stressor=congo_red,stressor=congo_red|dose_mM=5.15625,,congo_red,,5.15625,5.15625,train,3,82.5,aa0c6e84ee136633b9415a505e00cdc4bf9185bcd61dc502ac20961d08068c46
simulated_panel,extrapolation,2,stressor|dose_mM,stressor,dose_mM,stressor=copper_sulfate,stressor=copper_sulfate|dose_mM=1.65,,copper_sulfate,,1.6500000000000001,1.65,test,3,1.65,aa0c6e84ee136633b9415a505e00cdc4bf9185bcd61dc502ac20961d08068c46
simulated_panel,extrapolation,2,stressor|dose_mM,stressor,dose_mM,stressor=copper_sulfate,stressor=copper_sulfate|dose_mM=0.103125,,copper_sulfate,,0.10312500000000001,0.103125,train,3,1.65,aa0c6e84ee136633b9415a505e00cdc4bf9185bcd61dc502ac20961d08068c46
simulated_panel,extrapolation,2,stressor|dose_mM,stressor,dose_mM,stressor=copper_sulfate,stressor=copper_sulfate|dose_mM=0.20625,,copper_sulfate,,0.20625000000000002,0.20625,train,3,1.65,aa0c6e84ee136633b9415a505e00cdc4bf9185bcd61dc502ac20961d08068c46
simulated_panel,extrapolation,2,stressor|dose_mM,stressor,dose_mM,stressor=copper_sulfate,stressor=copper_sulfate|dose_mM=0.4125,,copper_sulfate,,0.4125000000000001,0.4125,train,3,1.65,aa0c6e84ee136633b9415a505e00cdc4bf9185bcd61dc502ac20961d08068c46
simulated_panel,extrapolation,2,stressor|dose_mM,stressor,dose_mM,stressor=copper_sulfate,stressor=copper_sulfate|dose_mM=0.825,,copper_sulfate,,0.8250000000000001,0.825,train,3,1.65,aa0c6e84ee136633b9415a505e00cdc4bf9185bcd61dc502ac20961d08068c46
simulated_panel,extrapolation,2,stressor|dose_mM,stressor,dose_mM,stressor=diamide,stressor=diamide|dose_mM=2.475,,diamide,,2.475,2.475,test,3,2.475,aa0c6e84ee136633b9415a505e00cdc4bf9185bcd61dc502ac20961d08068c46
simulated_panel,extrapolation,2,stressor|dose_mM,stressor,dose_mM,stressor=diamide,stressor=diamide|dose_mM=0.1546875,,diamide,,0.1546875,0.1546875,train,3,2.475,aa0c6e84ee136633b9415a505e00cdc4bf9185bcd61dc502ac20961d08068c46
simulated_panel,extrapolation,2,stressor|dose_mM,stressor,dose_mM,stressor=diamide,stressor=diamide|dose_mM=0.309375,,diamide,,0.30937499999999996,0.309375,train,3,2.475,aa0c6e84ee136633b9415a505e00cdc4bf9185bcd61dc502ac20961d08068c46
simulated_panel,extrapolation,2,stressor|dose_mM,stressor,dose_mM,stressor=diamide,stressor=diamide|dose_mM=0.61875,,diamide,,0.6187499999999999,0.61875,train,3,2.475,aa0c6e84ee136633b9415a505e00cdc4bf9185bcd61dc502ac20961d08068c46
simulated_panel,extrapolation,2,stressor|dose_mM,stressor,dose_mM,stressor=diamide,stressor=diamide|dose_mM=1.2375,,diamide,,1.2374999999999998,1.2375,train,3,2.475,aa0c6e84ee136633b9415a505e00cdc4bf9185bcd61dc502ac20961d08068c46
simulated_panel,extrapolation,2,stressor|dose_mM,stressor,dose_mM,stressor=fluconazole,stressor=fluconazole|dose_mM=49.5,,fluconazole,,49.50000000000001,49.5,test,3,49.5,aa0c6e84ee136633b9415a505e00cdc4bf9185bcd61dc502ac20961d08068c46
simulated_panel,extrapolation,2,stressor|dose_mM,stressor,dose_mM,stressor=fluconazole,stressor=fluconazole|dose_mM=12.375,,fluconazole,,12.375000000000002,12.375,train,3,49.5,aa0c6e84ee136633b9415a505e00cdc4bf9185bcd61dc502ac20961d08068c46
simulated_panel,extrapolation,2,stressor|dose_mM,stressor,dose_mM,stressor=fluconazole,stressor=fluconazole|dose_mM=24.75,,fluconazole,,24.750000000000004,24.75,train,3,49.5,aa0c6e84ee136633b9415a505e00cdc4bf9185bcd61dc502ac20961d08068c46
simulated_panel,extrapolation,2,stressor|dose_mM,stressor,dose_mM,stressor=fluconazole,stressor=fluconazole|dose_mM=3.09375,,fluconazole,,3.0937500000000004,3.09375,train,3,49.5,aa0c6e84ee136633b9415a505e00cdc4bf9185bcd61dc502ac20961d08068c46
simulated_panel,extrapolation,2,stressor|dose_mM,stressor,dose_mM,stressor=fluconazole,stressor=fluconazole|dose_mM=6.1875,,fluconazole,,6.187500000000001,6.1875,train,3,49.5,aa0c6e84ee136633b9415a505e00cdc4bf9185bcd61dc502ac20961d08068c46
simulated_panel,extrapolation,2,stressor|dose_mM,stressor,dose_mM,stressor=glucose_starvation,stressor=glucose_starvation|dose_mM=0.99,,glucose_starvation,,0.99,0.99,test,3,0.99,aa0c6e84ee136633b9415a505e00cdc4bf9185bcd61dc502ac20961d08068c46
simulated_panel,extrapolation,2,stressor|dose_mM,stressor,dose_mM,stressor=glucose_starvation,stressor=glucose_starvation|dose_mM=0.061875,,glucose_starvation,,0.061875,0.061875,train,3,0.99,aa0c6e84ee136633b9415a505e00cdc4bf9185bcd61dc502ac20961d08068c46
simulated_panel,extrapolation,2,stressor|dose_mM,stressor,dose_mM,stressor=glucose_starvation,stressor=glucose_starvation|dose_mM=0.12375,,glucose_starvation,,0.12375,0.12375,train,3,0.99,aa0c6e84ee136633b9415a505e00cdc4bf9185bcd61dc502ac20961d08068c46
simulated_panel,extrapolation,2,stressor|dose_mM,stressor,dose_mM,stressor=glucose_starvation,stressor=glucose_starvation|dose_mM=0.2475,,glucose_starvation,,0.2475,0.2475,train,3,0.99,aa0c6e84ee136633b9415a505e00cdc4bf9185bcd61dc502ac20961d08068c46
simulated_panel,extrapolation,2,stressor|dose_mM,stressor,dose_mM,stressor=glucose_starvation,stressor=glucose_starvation|dose_mM=0.495,,glucose_starvation,,0.49499999999999994,0.495,train,3,0.99,aa0c6e84ee136633b9415a505e00cdc4bf9185bcd61dc502ac20961d08068c46
simulated_panel,extrapolation,2,stressor|dose_mM,stressor,dose_mM,stressor=heat,stressor=heat|dose_mM=9.9,,heat,,9.9,9.9,test,3,9.9,aa0c6e84ee136633b9415a505e00cdc4bf9185bcd61dc502ac20961d08068c46
simulated_panel,extrapolation,2,stressor|dose_mM,stressor,dose_mM,stressor=heat,stressor=heat|dose_mM=0.61875,,heat,,0.61875,0.61875,train,3,9.9,aa0c6e84ee136633b9415a505e00cdc4bf9185bcd61dc502ac20961d08068c46
simulated_panel,extrapolation,2,stressor|dose_mM,stressor,dose_mM,stressor=heat,stressor=heat|dose_mM=1.2375,,heat,,1.2375,1.2375,train,3,9.9,aa0c6e84ee136633b9415a505e00cdc4bf9185bcd61dc502ac20961d08068c46
simulated_panel,extrapolation,2,stressor|dose_mM,stressor,dose_mM,stressor=heat,stressor=heat|dose_mM=2.475,,heat,,2.475,2.475,train,3,9.9,aa0c6e84ee136633b9415a505e00cdc4bf9185bcd61dc502ac20961d08068c46
simulated_panel,extrapolation,2,stressor|dose_mM,stressor,dose_mM,stressor=heat,stressor=heat|dose_mM=4.95,,heat,,4.949999999999999,4.95,train,3,9.9,aa0c6e84ee136633b9415a505e00cdc4bf9185bcd61dc502ac20961d08068c46
simulated_panel,extrapolation,2,stressor|dose_mM,stressor,dose_mM,stressor=hydroxyurea,stressor=hydroxyurea|dose_mM=165,,hydroxyurea,,165.0,165,test,3,165,aa0c6e84ee136633b9415a505e00cdc4bf9185bcd61dc502ac20961d08068c46
simulated_panel,extrapolation,2,stressor|dose_mM,stressor,dose_mM,stressor=hydroxyurea,stressor=hydroxyurea|dose_mM=10.3125,,hydroxyurea,,10.3125,10.3125,train,3,165,aa0c6e84ee136633b9415a505e00cdc4bf9185bcd61dc502ac20961d08068c46
simulated_panel,extrapolation,2,stressor|dose_mM,stressor,dose_mM,stressor=hydroxyurea,stressor=hydroxyurea|dose_mM=20.625,,hydroxyurea,,20.625,20.625,train,3,165,aa0c6e84ee136633b9415a505e00cdc4bf9185bcd61dc502ac20961d08068c46
simulated_panel,extrapolation,2,stressor|dose_mM,stressor,dose_mM,stressor=hydroxyurea,stressor=hydroxyurea|dose_mM=41.25,,hydroxyurea,,41.249999999999986,41.25,train,3,165,aa0c6e84ee136633b9415a505e00cdc4bf9185bcd61dc502ac20961d08068c46
simulated_panel,extrapolation,2,stressor|dose_mM,stressor,dose_mM,stressor=hydroxyurea,stressor=hydroxyurea|dose_mM=82.5,,hydroxyurea,,82.49999999999999,82.5,train,3,165,aa0c6e84ee136633b9415a505e00cdc4bf9185bcd61dc502ac20961d08068c46
simulated_panel,extrapolation,2,stressor|dose_mM,stressor,dose_mM,stressor=menadione,stressor=menadione|dose_mM=165,,menadione,,165.0,165,test,3,165,aa0c6e84ee136633b9415a505e00cdc4bf9185bcd61dc502ac20961d08068c46
simulated_panel,extrapolation,2,stressor|dose_mM,stressor,dose_mM,stressor=menadione,stressor=menadione|dose_mM=10.3125,,menadione,,10.3125,10.3125,train,3,165,aa0c6e84ee136633b9415a505e00cdc4bf9185bcd61dc502ac20961d08068c46
simulated_panel,extrapolation,2,stressor|dose_mM,stressor,dose_mM,stressor=menadione,stressor=menadione|dose_mM=20.625,,menadione,,20.625,20.625,train,3,165,aa0c6e84ee136633b9415a505e00cdc4bf9185bcd61dc502ac20961d08068c46
simulated_panel,extrapolation,2,stressor|dose_mM,stressor,dose_mM,stressor=menadione,stressor=menadione|dose_mM=41.25,,menadione,,41.249999999999986,41.25,train,3,165,aa0c6e84ee136633b9415a505e00cdc4bf9185bcd61dc502ac20961d08068c46
simulated_panel,extrapolation,2,stressor|dose_mM,stressor,dose_mM,stressor=menadione,stressor=menadione|dose_mM=82.5,,menadione,,82.49999999999999,82.5,train,3,165,aa0c6e84ee136633b9415a505e00cdc4bf9185bcd61dc502ac20961d08068c46
simulated_panel,extrapolation,2,stressor|dose_mM,stressor,dose_mM,stressor=methionine_starvation,stressor=methionine_starvation|dose_mM=1.32,,methionine_starvation,,1.3200000000000003,1.32,test,3,1.32,aa0c6e84ee136633b9415a505e00cdc4bf9185bcd61dc502ac20961d08068c46
simulated_panel,extrapolation,2,stressor|dose_mM,stressor,dose_mM,stressor=methionine_starvation,stressor=methionine_starvation|dose_mM=0.0825,,methionine_starvation,,0.08250000000000002,0.0825,train,3,1.32,aa0c6e84ee136633b9415a505e00cdc4bf9185bcd61dc502ac20961d08068c46
simulated_panel,extrapolation,2,stressor|dose_mM,stressor,dose_mM,stressor=methionine_starvation,stressor=methionine_starvation|dose_mM=0.165,,methionine_starvation,,0.1650000000000001,0.165,train,3,1.32,aa0c6e84ee136633b9415a505e00cdc4bf9185bcd61dc502ac20961d08068c46
simulated_panel,extrapolation,2,stressor|dose_mM,stressor,dose_mM,stressor=methionine_starvation,stressor=methionine_starvation|dose_mM=0.33,,methionine_starvation,,0.3300000000000001,0.33,train,3,1.32,aa0c6e84ee136633b9415a505e00cdc4bf9185bcd61dc502ac20961d08068c46
simulated_panel,extrapolation,2,stressor|dose_mM,stressor,dose_mM,stressor=methionine_starvation,stressor=methionine_starvation|dose_mM=0.66,,methionine_starvation,,0.6600000000000001,0.66,train,3,1.32,aa0c6e84ee136633b9415a505e00cdc4bf9185bcd61dc502ac20961d08068c46
simulated_panel,extrapolation,2,stressor|dose_mM,stressor,dose_mM,stressor=rapamycin,stressor=rapamycin|dose_mM=33,,rapamycin,,33.0,33,test,3,33,aa0c6e84ee136633b9415a505e00cdc4bf9185bcd61dc502ac20961d08068c46
simulated_panel,extrapolation,2,stressor|dose_mM,stressor,dose_mM,stressor=rapamycin,stressor=rapamycin|dose_mM=16.5,,rapamycin,,16.5,16.5,train,3,33,aa0c6e84ee136633b9415a505e00cdc4bf9185bcd61dc502ac20961d08068c46
simulated_panel,extrapolation,2,stressor|dose_mM,stressor,dose_mM,stressor=rapamycin,stressor=rapamycin|dose_mM=2.0625,,rapamycin,,2.0625,2.0625,train,3,33,aa0c6e84ee136633b9415a505e00cdc4bf9185bcd61dc502ac20961d08068c46
simulated_panel,extrapolation,2,stressor|dose_mM,stressor,dose_mM,stressor=rapamycin,stressor=rapamycin|dose_mM=4.125,,rapamycin,,4.125,4.125,train,3,33,aa0c6e84ee136633b9415a505e00cdc4bf9185bcd61dc502ac20961d08068c46
simulated_panel,extrapolation,2,stressor|dose_mM,stressor,dose_mM,stressor=rapamycin,stressor=rapamycin|dose_mM=8.25,,rapamycin,,8.249999999999998,8.25,train,3,33,aa0c6e84ee136633b9415a505e00cdc4bf9185bcd61dc502ac20961d08068c46
simulated_panel,extrapolation,2,stressor|dose_mM,stressor,dose_mM,stressor=sodium_hydroxide,stressor=sodium_hydroxide|dose_mM=4.95,,sodium_hydroxide,,4.95,4.95,test,3,4.95,aa0c6e84ee136633b9415a505e00cdc4bf9185bcd61dc502ac20961d08068c46
simulated_panel,extrapolation,2,stressor|dose_mM,stressor,dose_mM,stressor=sodium_hydroxide,stressor=sodium_hydroxide|dose_mM=0.309375,,sodium_hydroxide,,0.309375,0.309375,train,3,4.95,aa0c6e84ee136633b9415a505e00cdc4bf9185bcd61dc502ac20961d08068c46
simulated_panel,extrapolation,2,stressor|dose_mM,stressor,dose_mM,stressor=sodium_hydroxide,stressor=sodium_hydroxide|dose_mM=0.61875,,sodium_hydroxide,,0.61875,0.61875,train,3,4.95,aa0c6e84ee136633b9415a505e00cdc4bf9185bcd61dc502ac20961d08068c46
simulated_panel,extrapolation,2,stressor|dose_mM,stressor,dose_mM,stressor=sodium_hydroxide,stressor=sodium_hydroxide|dose_mM=1.2375,,sodium_hydroxide,,1.2375,1.2375,train,3,4.95,aa0c6e84ee136633b9415a505e00cdc4bf9185bcd61dc502ac20961d08068c46
simulated_panel,extrapolation,2,stressor|dose_mM,stressor,dose_mM,stressor=sodium_hydroxide,stressor=sodium_hydroxide|dose_mM=2.475,,sodium_hydroxide,,2.475,2.475,train,3,4.95,aa0c6e84ee136633b9415a505e00cdc4bf9185bcd61dc502ac20961d08068c46
simulated_panel,extrapolation,2,stressor|dose_mM,stressor,dose_mM,stressor=sorbitol,stressor=sorbitol|dose_mM=1.65,,sorbitol,,1.6500000000000001,1.65,test,3,1.65,aa0c6e84ee136633b9415a505e00cdc4bf9185bcd61dc502ac20961d08068c46
simulated_panel,extrapolation,2,stressor|dose_mM,stressor,dose_mM,stressor=sorbitol,stressor=sorbitol|dose_mM=0.103125,,sorbitol,,0.10312500000000001,0.103125,train,3,1.65,aa0c6e84ee136633b9415a505e00cdc4bf9185bcd61dc502ac20961d08068c46
simulated_panel,extrapolation,2,stressor|dose_mM,stressor,dose_mM,stressor=sorbitol,stressor=sorbitol|dose_mM=0.20625,,sorbitol,,0.20625000000000002,0.20625,train,3,1.65,aa0c6e84ee136633b9415a505e00cdc4bf9185bcd61dc502ac20961d08068c46
simulated_panel,extrapolation,2,stressor|dose_mM,stressor,dose_mM,stressor=sorbitol,stressor=sorbitol|dose_mM=0.4125,,sorbitol,,0.4125000000000001,0.4125,train,3,1.65,aa0c6e84ee136633b9415a505e00cdc4bf9185bcd61dc502ac20961d08068c46
simulated_panel,extrapolation,2,stressor|dose_mM,stressor,dose_mM,stressor=sorbitol,stressor=sorbitol|dose_mM=0.825,,sorbitol,,0.8250000000000001,0.825,train,3,1.65,aa0c6e84ee136633b9415a505e00cdc4bf9185bcd61dc502ac20961d08068c46
simulated_panel,extrapolation,2,stressor|dose_mM,stressor,dose_mM,stressor=tunicamycin,stressor=tunicamycin|dose_mM=1.65,,tunicamycin,,1.6500000000000001,1.65,test,3,1.65,aa0c6e84ee136633b9415a505e00cdc4bf9185bcd61dc502ac20961d08068c46
simulated_panel,extrapolation,2,stressor|dose_mM,stressor,dose_mM,stressor=tunicamycin,stressor=tunicamycin|dose_mM=0.103125,,tunicamycin,,0.10312500000000001,0.103125,train,3,1.65,aa0c6e84ee136633b9415a505e00cdc4bf9185bcd61dc502ac20961d08068c46
simulated_panel,extrapolation,2,stressor|dose_mM,stressor,dose_mM,stressor=tunicamycin,stressor=tunicamycin|dose_mM=0.20625,,tunicamycin,,0.20625000000000002,0.20625,train,3,1.65,aa0c6e84ee136633b9415a505e00cdc4bf9185bcd61dc502ac20961d08068c46
simulated_panel,extrapolation,2,stressor|dose_mM,stressor,dose_mM,stressor=tunicamycin,stressor=tunicamycin|dose_mM=0.4125,,tunicamycin,,0.4125000000000001,0.4125,train,3,1.65,aa0c6e84ee136633b9415a505e00cdc4bf9185bcd61dc502ac20961d08068c46
simulated_panel,extrapolation,2,stressor|dose_mM,stressor,dose_mM,stressor=tunicamycin,stressor=tunicamycin|dose_mM=0.825,,tunicamycin,,0.8250000000000001,0.825,train,3,1.65,aa0c6e84ee136633b9415a505e00cdc4bf9185bcd61dc502ac20961d08068c46
simulated_panel,heldout_combination,0,stressor,,stressor,,stressor=DTT+H2O2,,DTT+H2O2,,,DTT+H2O2,test,15,DTT+H2O2,4974190efd4b1d65e5e66d59548acb63e0bad41cebd2634564ca663aad81a582
simulated_panel,heldout_combination,0,stressor,,stressor,,stressor=BPS,,BPS,,,BPS,train,15,DTT+H2O2,4974190efd4b1d65e5e66d59548acb63e0bad41cebd2634564ca663aad81a582
simulated_panel,heldout_combination,0,stressor,,stressor,,stressor=DTT,,DTT,,,DTT,train,15,DTT+H2O2,4974190efd4b1d65e5e66d59548acb63e0bad41cebd2634564ca663aad81a582
simulated_panel,heldout_combination,0,stressor,,stressor,,stressor=H2O2,,H2O2,,,H2O2,train,15,DTT+H2O2,4974190efd4b1d65e5e66d59548acb63e0bad41cebd2634564ca663aad81a582
simulated_panel,heldout_combination,0,stressor,,stressor,,stressor=MG132,,MG132,,,MG132,train,15,DTT+H2O2,4974190efd4b1d65e5e66d59548acb63e0bad41cebd2634564ca663aad81a582
simulated_panel,heldout_combination,0,stressor,,stressor,,stressor=MMS,,MMS,,,MMS,train,15,DTT+H2O2,4974190efd4b1d65e5e66d59548acb63e0bad41cebd2634564ca663aad81a582
simulated_panel,heldout_combination,0,stressor,,stressor,,stressor=NaCl,,NaCl,,,NaCl,train,15,DTT+H2O2,4974190efd4b1d65e5e66d59548acb63e0bad41cebd2634564ca663aad81a582
simulated_panel,heldout_combination,0,stressor,,stressor,,stressor=TPEN,,TPEN,,,TPEN,train,15,DTT+H2O2,4974190efd4b1d65e5e66d59548acb63e0bad41cebd2634564ca663aad81a582
simulated_panel,heldout_combination,0,stressor,,stressor,,stressor=acetic_acid,,acetic_acid,,,acetic_acid,train,15,DTT+H2O2,4974190efd4b1d65e5e66d59548acb63e0bad41cebd2634564ca663aad81a582
simulated_panel,heldout_combination,0,stressor,,stressor,,stressor=antimycin_A,,antimycin_A,,,antimycin_A,train,15,DTT+H2O2,4974190efd4b1d65e5e66d59548acb63e0bad41cebd2634564ca663aad81a582
simulated_panel,heldout_combination,0,stressor,,stressor,,stressor=caffeine,,caffeine,,,caffeine,train,15,DTT+H2O2,4974190efd4b1d65e5e66d59548acb63e0bad41cebd2634564ca663aad81a582
simulated_panel,heldout_combination,0,stressor,,stressor,,stressor=calcium_chloride,,calcium_chloride,,,calcium_chloride,train,15,DTT+H2O2,4974190efd4b1d65e5e66d59548acb63e0bad41cebd2634564ca663aad81a582
simulated_panel,heldout_combination,0,stressor,,stressor,,stressor=cobalt_chloride,,cobalt_chloride,,,cobalt_chloride,train,15,DTT+H2O2,4974190efd4b1d65e5e66d59548acb63e0bad41cebd2634564ca663aad81a582
simulated_panel,heldout_combination,0,stressor,,stressor,,stressor=congo_red,,congo_red,,,congo_red,train,15,DTT+H2O2,4974190efd4b1d65e5e66d59548acb63e0bad41cebd2634564ca663aad81a582
simulated_panel,heldout_combination,0,stressor,,stressor,,stressor=copper_sulfate,,copper_sulfate,,,copper_sulfate,train,15,DTT+H2O2,4974190efd4b1d65e5e66d59548acb63e0bad41cebd2634564ca663aad81a582
simulated_panel,heldout_combination,0,stressor,,stressor,,stressor=diamide,,diamide,,,diamide,train,15,DTT+H2O2,4974190efd4b1d65e5e66d59548acb63e0bad41cebd2634564ca663aad81a582
simulated_panel,heldout_combination,0,stressor,,stressor,,stressor=fluconazole,,fluconazole,,,fluconazole,train,15,DTT+H2O2,4974190efd4b1d65e5e66d59548acb63e0bad41cebd2634564ca663aad81a582
simulated_panel,heldout_combination,0,stressor,,stressor,,stressor=glucose_starvation,,glucose_starvation,,,glucose_starvation,train,15,DTT+H2O2,4974190efd4b1d65e5e66d59548acb63e0bad41cebd2634564ca663aad81a582
simulated_panel,heldout_combination,0,stressor,,stressor,,stressor=heat,,heat,,,heat,train,15,DTT+H2O2,4974190efd4b1d65e5e66d59548acb63e0bad41cebd2634564ca663aad81a582
simulated_panel,heldout_combination,0,stressor,,stressor,,stressor=hydroxyurea,,hydroxyurea,,,hydroxyurea,train,15,DTT+H2O2,4974190efd4b1d65e5e66d59548acb63e0bad41cebd2634564ca663aad81a582
simulated_panel,heldout_combination,0,stressor,,stressor,,stressor=menadione,,menadione,,,menadione,train,15,DTT+H2O2,4974190efd4b1d65e5e66d59548acb63e0bad41cebd2634564ca663aad81a582
simulated_panel,heldout_combination,0,stressor,,stressor,,stressor=methionine_starvation,,methionine_starvation,,,methionine_starvation,train,15,DTT+H2O2,4974190efd4b1d65e5e66d59548acb63e0bad41cebd2634564ca663aad81a582
simulated_panel,heldout_combination,0,stressor,,stressor,,stressor=rapamycin,,rapamycin,,,rapamycin,train,15,DTT+H2O2,4974190efd4b1d65e5e66d59548acb63e0bad41cebd2634564ca663aad81a582
simulated_panel,heldout_combination,0,stressor,,stressor,,stressor=sodium_hydroxide,,sodium_hydroxide,,,sodium_hydroxide,train,15,DTT+H2O2,4974190efd4b1d65e5e66d59548acb63e0bad41cebd2634564ca663aad81a582
simulated_panel,heldout_combination,0,stressor,,stressor,,stressor=sorbitol,,sorbitol,,,sorbitol,train,15,DTT+H2O2,4974190efd4b1d65e5e66d59548acb63e0bad41cebd2634564ca663aad81a582
simulated_panel,heldout_combination,0,stressor,,stressor,,stressor=tunicamycin,,tunicamycin,,,tunicamycin,train,15,DTT+H2O2,4974190efd4b1d65e5e66d59548acb63e0bad41cebd2634564ca663aad81a582
simulated_panel,heldout_combination,1,stressor,,stressor,,stressor=DTT+H2O2,,DTT+H2O2,,,DTT+H2O2,test,15,DTT+H2O2,4974190efd4b1d65e5e66d59548acb63e0bad41cebd2634564ca663aad81a582
simulated_panel,heldout_combination,1,stressor,,stressor,,stressor=BPS,,BPS,,,BPS,train,15,DTT+H2O2,4974190efd4b1d65e5e66d59548acb63e0bad41cebd2634564ca663aad81a582
simulated_panel,heldout_combination,1,stressor,,stressor,,stressor=DTT,,DTT,,,DTT,train,15,DTT+H2O2,4974190efd4b1d65e5e66d59548acb63e0bad41cebd2634564ca663aad81a582
simulated_panel,heldout_combination,1,stressor,,stressor,,stressor=H2O2,,H2O2,,,H2O2,train,15,DTT+H2O2,4974190efd4b1d65e5e66d59548acb63e0bad41cebd2634564ca663aad81a582
simulated_panel,heldout_combination,1,stressor,,stressor,,stressor=MG132,,MG132,,,MG132,train,15,DTT+H2O2,4974190efd4b1d65e5e66d59548acb63e0bad41cebd2634564ca663aad81a582
simulated_panel,heldout_combination,1,stressor,,stressor,,stressor=MMS,,MMS,,,MMS,train,15,DTT+H2O2,4974190efd4b1d65e5e66d59548acb63e0bad41cebd2634564ca663aad81a582
simulated_panel,heldout_combination,1,stressor,,stressor,,stressor=NaCl,,NaCl,,,NaCl,train,15,DTT+H2O2,4974190efd4b1d65e5e66d59548acb63e0bad41cebd2634564ca663aad81a582
simulated_panel,heldout_combination,1,stressor,,stressor,,stressor=TPEN,,TPEN,,,TPEN,train,15,DTT+H2O2,4974190efd4b1d65e5e66d59548acb63e0bad41cebd2634564ca663aad81a582
simulated_panel,heldout_combination,1,stressor,,stressor,,stressor=acetic_acid,,acetic_acid,,,acetic_acid,train,15,DTT+H2O2,4974190efd4b1d65e5e66d59548acb63e0bad41cebd2634564ca663aad81a582
simulated_panel,heldout_combination,1,stressor,,stressor,,stressor=antimycin_A,,antimycin_A,,,antimycin_A,train,15,DTT+H2O2,4974190efd4b1d65e5e66d59548acb63e0bad41cebd2634564ca663aad81a582
simulated_panel,heldout_combination,1,stressor,,stressor,,stressor=caffeine,,caffeine,,,caffeine,train,15,DTT+H2O2,4974190efd4b1d65e5e66d59548acb63e0bad41cebd2634564ca663aad81a582
simulated_panel,heldout_combination,1,stressor,,stressor,,stressor=calcium_chloride,,calcium_chloride,,,calcium_chloride,train,15,DTT+H2O2,4974190efd4b1d65e5e66d59548acb63e0bad41cebd2634564ca663aad81a582
simulated_panel,heldout_combination,1,stressor,,stressor,,stressor=cobalt_chloride,,cobalt_chloride,,,cobalt_chloride,train,15,DTT+H2O2,4974190efd4b1d65e5e66d59548acb63e0bad41cebd2634564ca663aad81a582
simulated_panel,heldout_combination,1,stressor,,stressor,,stressor=congo_red,,congo_red,,,congo_red,train,15,DTT+H2O2,4974190efd4b1d65e5e66d59548acb63e0bad41cebd2634564ca663aad81a582
simulated_panel,heldout_combination,1,stressor,,stressor,,stressor=copper_sulfate,,copper_sulfate,,,copper_sulfate,train,15,DTT+H2O2,4974190efd4b1d65e5e66d59548acb63e0bad41cebd2634564ca663aad81a582
simulated_panel,heldout_combination,1,stressor,,stressor,,stressor=diamide,,diamide,,,diamide,train,15,DTT+H2O2,4974190efd4b1d65e5e66d59548acb63e0bad41cebd2634564ca663aad81a582
simulated_panel,heldout_combination,1,stressor,,stressor,,stressor=fluconazole,,fluconazole,,,fluconazole,train,15,DTT+H2O2,4974190efd4b1d65e5e66d59548acb63e0bad41cebd2634564ca663aad81a582
simulated_panel,heldout_combination,1,stressor,,stressor,,stressor=glucose_starvation,,glucose_starvation,,,glucose_starvation,train,15,DTT+H2O2,4974190efd4b1d65e5e66d59548acb63e0bad41cebd2634564ca663aad81a582
simulated_panel,heldout_combination,1,stressor,,stressor,,stressor=heat,,heat,,,heat,train,15,DTT+H2O2,4974190efd4b1d65e5e66d59548acb63e0bad41cebd2634564ca663aad81a582
simulated_panel,heldout_combination,1,stressor,,stressor,,stressor=hydroxyurea,,hydroxyurea,,,hydroxyurea,train,15,DTT+H2O2,4974190efd4b1d65e5e66d59548acb63e0bad41cebd2634564ca663aad81a582
simulated_panel,heldout_combination,1,stressor,,stressor,,stressor=menadione,,menadione,,,menadione,train,15,DTT+H2O2,4974190efd4b1d65e5e66d59548acb63e0bad41cebd2634564ca663aad81a582
simulated_panel,heldout_combination,1,stressor,,stressor,,stressor=methionine_starvation,,methionine_starvation,,,methionine_starvation,train,15,DTT+H2O2,4974190efd4b1d65e5e66d59548acb63e0bad41cebd2634564ca663aad81a582
simulated_panel,heldout_combination,1,stressor,,stressor,,stressor=rapamycin,,rapamycin,,,rapamycin,train,15,DTT+H2O2,4974190efd4b1d65e5e66d59548acb63e0bad41cebd2634564ca663aad81a582
simulated_panel,heldout_combination,1,stressor,,stressor,,stressor=sodium_hydroxide,,sodium_hydroxide,,,sodium_hydroxide,train,15,DTT+H2O2,4974190efd4b1d65e5e66d59548acb63e0bad41cebd2634564ca663aad81a582
simulated_panel,heldout_combination,1,stressor,,stressor,,stressor=sorbitol,,sorbitol,,,sorbitol,train,15,DTT+H2O2,4974190efd4b1d65e5e66d59548acb63e0bad41cebd2634564ca663aad81a582
simulated_panel,heldout_combination,1,stressor,,stressor,,stressor=tunicamycin,,tunicamycin,,,tunicamycin,train,15,DTT+H2O2,4974190efd4b1d65e5e66d59548acb63e0bad41cebd2634564ca663aad81a582
simulated_panel,heldout_combination,2,stressor,,stressor,,stressor=DTT+H2O2,,DTT+H2O2,,,DTT+H2O2,test,15,DTT+H2O2,4974190efd4b1d65e5e66d59548acb63e0bad41cebd2634564ca663aad81a582
simulated_panel,heldout_combination,2,stressor,,stressor,,stressor=BPS,,BPS,,,BPS,train,15,DTT+H2O2,4974190efd4b1d65e5e66d59548acb63e0bad41cebd2634564ca663aad81a582
simulated_panel,heldout_combination,2,stressor,,stressor,,stressor=DTT,,DTT,,,DTT,train,15,DTT+H2O2,4974190efd4b1d65e5e66d59548acb63e0bad41cebd2634564ca663aad81a582
simulated_panel,heldout_combination,2,stressor,,stressor,,stressor=H2O2,,H2O2,,,H2O2,train,15,DTT+H2O2,4974190efd4b1d65e5e66d59548acb63e0bad41cebd2634564ca663aad81a582
simulated_panel,heldout_combination,2,stressor,,stressor,,stressor=MG132,,MG132,,,MG132,train,15,DTT+H2O2,4974190efd4b1d65e5e66d59548acb63e0bad41cebd2634564ca663aad81a582
simulated_panel,heldout_combination,2,stressor,,stressor,,stressor=MMS,,MMS,,,MMS,train,15,DTT+H2O2,4974190efd4b1d65e5e66d59548acb63e0bad41cebd2634564ca663aad81a582
simulated_panel,heldout_combination,2,stressor,,stressor,,stressor=NaCl,,NaCl,,,NaCl,train,15,DTT+H2O2,4974190efd4b1d65e5e66d59548acb63e0bad41cebd2634564ca663aad81a582
simulated_panel,heldout_combination,2,stressor,,stressor,,stressor=TPEN,,TPEN,,,TPEN,train,15,DTT+H2O2,4974190efd4b1d65e5e66d59548acb63e0bad41cebd2634564ca663aad81a582
simulated_panel,heldout_combination,2,stressor,,stressor,,stressor=acetic_acid,,acetic_acid,,,acetic_acid,train,15,DTT+H2O2,4974190efd4b1d65e5e66d59548acb63e0bad41cebd2634564ca663aad81a582
simulated_panel,heldout_combination,2,stressor,,stressor,,stressor=antimycin_A,,antimycin_A,,,antimycin_A,train,15,DTT+H2O2,4974190efd4b1d65e5e66d59548acb63e0bad41cebd2634564ca663aad81a582
simulated_panel,heldout_combination,2,stressor,,stressor,,stressor=caffeine,,caffeine,,,caffeine,train,15,DTT+H2O2,4974190efd4b1d65e5e66d59548acb63e0bad41cebd2634564ca663aad81a582
simulated_panel,heldout_combination,2,stressor,,stressor,,stressor=calcium_chloride,,calcium_chloride,,,calcium_chloride,train,15,DTT+H2O2,4974190efd4b1d65e5e66d59548acb63e0bad41cebd2634564ca663aad81a582
simulated_panel,heldout_combination,2,stressor,,stressor,,stressor=cobalt_chloride,,cobalt_chloride,,,cobalt_chloride,train,15,DTT+H2O2,4974190efd4b1d65e5e66d59548acb63e0bad41cebd2634564ca663aad81a582
simulated_panel,heldout_combination,2,stressor,,stressor,,stressor=congo_red,,congo_red,,,congo_red,train,15,DTT+H2O2,4974190efd4b1d65e5e66d59548acb63e0bad41cebd2634564ca663aad81a582
simulated_panel,heldout_combination,2,stressor,,stressor,,stressor=copper_sulfate,,copper_sulfate,,,copper_sulfate,train,15,DTT+H2O2,4974190efd4b1d65e5e66d59548acb63e0bad41cebd2634564ca663aad81a582
simulated_panel,heldout_combination,2,stressor,,stressor,,stressor=diamide,,diamide,,,diamide,train,15,DTT+H2O2,4974190efd4b1d65e5e66d59548acb63e0bad41cebd2634564ca663aad81a582
simulated_panel,heldout_combination,2,stressor,,stressor,,stressor=fluconazole,,fluconazole,,,fluconazole,train,15,DTT+H2O2,4974190efd4b1d65e5e66d59548acb63e0bad41cebd2634564ca663aad81a582
simulated_panel,heldout_combination,2,stressor,,stressor,,stressor=glucose_starvation,,glucose_starvation,,,glucose_starvation,train,15,DTT+H2O2,4974190efd4b1d65e5e66d59548acb63e0bad41cebd2634564ca663aad81a582
simulated_panel,heldout_combination,2,stressor,,stressor,,stressor=heat,,heat,,,heat,train,15,DTT+H2O2,4974190efd4b1d65e5e66d59548acb63e0bad41cebd2634564ca663aad81a582
simulated_panel,heldout_combination,2,stressor,,stressor,,stressor=hydroxyurea,,hydroxyurea,,,hydroxyurea,train,15,DTT+H2O2,4974190efd4b1d65e5e66d59548acb63e0bad41cebd2634564ca663aad81a582
simulated_panel,heldout_combination,2,stressor,,stressor,,stressor=menadione,,menadione,,,menadione,train,15,DTT+H2O2,4974190efd4b1d65e5e66d59548acb63e0bad41cebd2634564ca663aad81a582
simulated_panel,heldout_combination,2,stressor,,stressor,,stressor=methionine_starvation,,methionine_starvation,,,methionine_starvation,train,15,DTT+H2O2,4974190efd4b1d65e5e66d59548acb63e0bad41cebd2634564ca663aad81a582
simulated_panel,heldout_combination,2,stressor,,stressor,,stressor=rapamycin,,rapamycin,,,rapamycin,train,15,DTT+H2O2,4974190efd4b1d65e5e66d59548acb63e0bad41cebd2634564ca663aad81a582
simulated_panel,heldout_combination,2,stressor,,stressor,,stressor=sodium_hydroxide,,sodium_hydroxide,,,sodium_hydroxide,train,15,DTT+H2O2,4974190efd4b1d65e5e66d59548acb63e0bad41cebd2634564ca663aad81a582
simulated_panel,heldout_combination,2,stressor,,stressor,,stressor=sorbitol,,sorbitol,,,sorbitol,train,15,DTT+H2O2,4974190efd4b1d65e5e66d59548acb63e0bad41cebd2634564ca663aad81a582
simulated_panel,heldout_combination,2,stressor,,stressor,,stressor=tunicamycin,,tunicamycin,,,tunicamycin,train,15,DTT+H2O2,4974190efd4b1d65e5e66d59548acb63e0bad41cebd2634564ca663aad81a582
simulated_panel,heldout_stressor,0,stressor,,stressor,,stressor=DTT+H2O2,,DTT+H2O2,,,DTT+H2O2,test,15,"DTT+H2O2, H2O2",bb5e875c8ad6ce747eebfaa0930a13c2ae16286112471ad4cfc84f868d543d67
simulated_panel,heldout_stressor,0,stressor,,stressor,,stressor=H2O2,,H2O2,,,H2O2,test,15,"DTT+H2O2, H2O2",bb5e875c8ad6ce747eebfaa0930a13c2ae16286112471ad4cfc84f868d543d67
simulated_panel,heldout_stressor,0,stressor,,stressor,,stressor=BPS,,BPS,,,BPS,train,15,"DTT+H2O2, H2O2",bb5e875c8ad6ce747eebfaa0930a13c2ae16286112471ad4cfc84f868d543d67
simulated_panel,heldout_stressor,0,stressor,,stressor,,stressor=DTT,,DTT,,,DTT,train,15,"DTT+H2O2, H2O2",bb5e875c8ad6ce747eebfaa0930a13c2ae16286112471ad4cfc84f868d543d67
simulated_panel,heldout_stressor,0,stressor,,stressor,,stressor=MG132,,MG132,,,MG132,train,15,"DTT+H2O2, H2O2",bb5e875c8ad6ce747eebfaa0930a13c2ae16286112471ad4cfc84f868d543d67
simulated_panel,heldout_stressor,0,stressor,,stressor,,stressor=MMS,,MMS,,,MMS,train,15,"DTT+H2O2, H2O2",bb5e875c8ad6ce747eebfaa0930a13c2ae16286112471ad4cfc84f868d543d67
simulated_panel,heldout_stressor,0,stressor,,stressor,,stressor=NaCl,,NaCl,,,NaCl,train,15,"DTT+H2O2, H2O2",bb5e875c8ad6ce747eebfaa0930a13c2ae16286112471ad4cfc84f868d543d67
simulated_panel,heldout_stressor,0,stressor,,stressor,,stressor=TPEN,,TPEN,,,TPEN,train,15,"DTT+H2O2, H2O2",bb5e875c8ad6ce747eebfaa0930a13c2ae16286112471ad4cfc84f868d543d67
simulated_panel,heldout_stressor,0,stressor,,stressor,,stressor=acetic_acid,,acetic_acid,,,acetic_acid,train,15,"DTT+H2O2, H2O2",bb5e875c8ad6ce747eebfaa0930a13c2ae16286112471ad4cfc84f868d543d67
simulated_panel,heldout_stressor,0,stressor,,stressor,,stressor=antimycin_A,,antimycin_A,,,antimycin_A,train,15,"DTT+H2O2, H2O2",bb5e875c8ad6ce747eebfaa0930a13c2ae16286112471ad4cfc84f868d543d67
simulated_panel,heldout_stressor,0,stressor,,stressor,,stressor=caffeine,,caffeine,,,caffeine,train,15,"DTT+H2O2, H2O2",bb5e875c8ad6ce747eebfaa0930a13c2ae16286112471ad4cfc84f868d543d67
simulated_panel,heldout_stressor,0,stressor,,stressor,,stressor=calcium_chloride,,calcium_chloride,,,calcium_chloride,train,15,"DTT+H2O2, H2O2",bb5e875c8ad6ce747eebfaa0930a13c2ae16286112471ad4cfc84f868d543d67
simulated_panel,heldout_stressor,0,stressor,,stressor,,stressor=cobalt_chloride,,cobalt_chloride,,,cobalt_chloride,train,15,"DTT+H2O2, H2O2",bb5e875c8ad6ce747eebfaa0930a13c2ae16286112471ad4cfc84f868d543d67
simulated_panel,heldout_stressor,0,stressor,,stressor,,stressor=congo_red,,congo_red,,,congo_red,train,15,"DTT+H2O2, H2O2",bb5e875c8ad6ce747eebfaa0930a13c2ae16286112471ad4cfc84f868d543d67
simulated_panel,heldout_stressor,0,stressor,,stressor,,stressor=copper_sulfate,,copper_sulfate,,,copper_sulfate,train,15,"DTT+H2O2, H2O2",bb5e875c8ad6ce747eebfaa0930a13c2ae16286112471ad4cfc84f868d543d67
simulated_panel,heldout_stressor,0,stressor,,stressor,,stressor=diamide,,diamide,,,diamide,train,15,"DTT+H2O2, H2O2",bb5e875c8ad6ce747eebfaa0930a13c2ae16286112471ad4cfc84f868d543d67
simulated_panel,heldout_stressor,0,stressor,,stressor,,stressor=fluconazole,,fluconazole,,,fluconazole,train,15,"DTT+H2O2, H2O2",bb5e875c8ad6ce747eebfaa0930a13c2ae16286112471ad4cfc84f868d543d67
simulated_panel,heldout_stressor,0,stressor,,stressor,,stressor=heat,,heat,,,heat,train,15,"DTT+H2O2, H2O2",bb5e875c8ad6ce747eebfaa0930a13c2ae16286112471ad4cfc84f868d543d67
simulated_panel,heldout_stressor,0,stressor,,stressor,,stressor=hydroxyurea,,hydroxyurea,,,hydroxyurea,train,15,"DTT+H2O2, H2O2",bb5e875c8ad6ce747eebfaa0930a13c2ae16286112471ad4cfc84f868d543d67
simulated_panel,heldout_stressor,0,stressor,,stressor,,stressor=menadione,,menadione,,,menadione,train,15,"DTT+H2O2, H2O2",bb5e875c8ad6ce747eebfaa0930a13c2ae16286112471ad4cfc84f868d543d67
simulated_panel,heldout_stressor,0,stressor,,stressor,,stressor=methionine_starvation,,methionine_starvation,,,methionine_starvation,train,15,"DTT+H2O2, H2O2",bb5e875c8ad6ce747eebfaa0930a13c2ae16286112471ad4cfc84f868d543d67
simulated_panel,heldout_stressor,0,stressor,,stressor,,stressor=rapamycin,,rapamycin,,,rapamycin,train,15,"DTT+H2O2, H2O2",bb5e875c8ad6ce747eebfaa0930a13c2ae16286112471ad4cfc84f868d543d67
simulated_panel,heldout_stressor,0,stressor,,stressor,,stressor=sodium_hydroxide,,sodium_hydroxide,,,sodium_hydroxide,train,15,"DTT+H2O2, H2O2",bb5e875c8ad6ce747eebfaa0930a13c2ae16286112471ad4cfc84f868d543d67
simulated_panel,heldout_stressor,0,stressor,,stressor,,stressor=sorbitol,,sorbitol,,,sorbitol,train,15,"DTT+H2O2, H2O2",bb5e875c8ad6ce747eebfaa0930a13c2ae16286112471ad4cfc84f868d543d67
simulated_panel,heldout_stressor,0,stressor,,stressor,,stressor=tunicamycin,,tunicamycin,,,tunicamycin,train,15,"DTT+H2O2, H2O2",bb5e875c8ad6ce747eebfaa0930a13c2ae16286112471ad4cfc84f868d543d67
simulated_panel,heldout_stressor,0,stressor,,stressor,,stressor=glucose_starvation,,glucose_starvation,,,glucose_starvation,validation,15,"DTT+H2O2, H2O2",bb5e875c8ad6ce747eebfaa0930a13c2ae16286112471ad4cfc84f868d543d67
simulated_panel,heldout_stressor,1,stressor,,stressor,,stressor=BPS,,BPS,,,BPS,test,15,BPS,f1f86a1b430fd60670fcf05c6b1b7d8f518f67ec20db9fe952fb8381281bf7df
simulated_panel,heldout_stressor,1,stressor,,stressor,,stressor=DTT,,DTT,,,DTT,train,15,BPS,f1f86a1b430fd60670fcf05c6b1b7d8f518f67ec20db9fe952fb8381281bf7df
simulated_panel,heldout_stressor,1,stressor,,stressor,,stressor=MG132,,MG132,,,MG132,train,15,BPS,f1f86a1b430fd60670fcf05c6b1b7d8f518f67ec20db9fe952fb8381281bf7df
simulated_panel,heldout_stressor,1,stressor,,stressor,,stressor=MMS,,MMS,,,MMS,train,15,BPS,f1f86a1b430fd60670fcf05c6b1b7d8f518f67ec20db9fe952fb8381281bf7df
simulated_panel,heldout_stressor,1,stressor,,stressor,,stressor=NaCl,,NaCl,,,NaCl,train,15,BPS,f1f86a1b430fd60670fcf05c6b1b7d8f518f67ec20db9fe952fb8381281bf7df
simulated_panel,heldout_stressor,1,stressor,,stressor,,stressor=TPEN,,TPEN,,,TPEN,train,15,BPS,f1f86a1b430fd60670fcf05c6b1b7d8f518f67ec20db9fe952fb8381281bf7df
simulated_panel,heldout_stressor,1,stressor,,stressor,,stressor=acetic_acid,,acetic_acid,,,acetic_acid,train,15,BPS,f1f86a1b430fd60670fcf05c6b1b7d8f518f67ec20db9fe952fb8381281bf7df
simulated_panel,heldout_stressor,1,stressor,,stressor,,stressor=antimycin_A,,antimycin_A,,,antimycin_A,train,15,BPS,f1f86a1b430fd60670fcf05c6b1b7d8f518f67ec20db9fe952fb8381281bf7df
simulated_panel,heldout_stressor,1,stressor,,stressor,,stressor=caffeine,,caffeine,,,caffeine,train,15,BPS,f1f86a1b430fd60670fcf05c6b1b7d8f518f67ec20db9fe952fb8381281bf7df
simulated_panel,heldout_stressor,1,stressor,,stressor,,stressor=calcium_chloride,,calcium_chloride,,,calcium_chloride,train,15,BPS,f1f86a1b430fd60670fcf05c6b1b7d8f518f67ec20db9fe952fb8381281bf7df
simulated_panel,heldout_stressor,1,stressor,,stressor,,stressor=cobalt_chloride,,cobalt_chloride,,,cobalt_chloride,train,15,BPS,f1f86a1b430fd60670fcf05c6b1b7d8f518f67ec20db9fe952fb8381281bf7df
simulated_panel,heldout_stressor,1,stressor,,stressor,,stressor=congo_red,,congo_red,,,congo_red,train,15,BPS,f1f86a1b430fd60670fcf05c6b1b7d8f518f67ec20db9fe952fb8381281bf7df
simulated_panel,heldout_stressor,1,stressor,,stressor,,stressor=copper_sulfate,,copper_sulfate,,,copper_sulfate,train,15,BPS,f1f86a1b430fd60670fcf05c6b1b7d8f518f67ec20db9fe952fb8381281bf7df
simulated_panel,heldout_stressor,1,stressor,,stressor,,stressor=diamide,,diamide,,,diamide,train,15,BPS,f1f86a1b430fd60670fcf05c6b1b7d8f518f67ec20db9fe952fb8381281bf7df
simulated_panel,heldout_stressor,1,stressor,,stressor,,stressor=fluconazole,,fluconazole,,,fluconazole,train,15,BPS,f1f86a1b430fd60670fcf05c6b1b7d8f518f67ec20db9fe952fb8381281bf7df
simulated_panel,heldout_stressor,1,stressor,,stressor,,stressor=glucose_starvation,,glucose_starvation,,,glucose_starvation,train,15,BPS,f1f86a1b430fd60670fcf05c6b1b7d8f518f67ec20db9fe952fb8381281bf7df
simulated_panel,heldout_stressor,1,stressor,,stressor,,stressor=heat,,heat,,,heat,train,15,BPS,f1f86a1b430fd60670fcf05c6b1b7d8f518f67ec20db9fe952fb8381281bf7df
simulated_panel,heldout_stressor,1,stressor,,stressor,,stressor=hydroxyurea,,hydroxyurea,,,hydroxyurea,train,15,BPS,f1f86a1b430fd60670fcf05c6b1b7d8f518f67ec20db9fe952fb8381281bf7df
simulated_panel,heldout_stressor,1,stressor,,stressor,,stressor=menadione,,menadione,,,menadione,train,15,BPS,f1f86a1b430fd60670fcf05c6b1b7d8f518f67ec20db9fe952fb8381281bf7df
simulated_panel,heldout_stressor,1,stressor,,stressor,,stressor=methionine_starvation,,methionine_starvation,,,methionine_starvation,train,15,BPS,f1f86a1b430fd60670fcf05c6b1b7d8f518f67ec20db9fe952fb8381281bf7df
simulated_panel,heldout_stressor,1,stressor,,stressor,,stressor=rapamycin,,rapamycin,,,rapamycin,train,15,BPS,f1f86a1b430fd60670fcf05c6b1b7d8f518f67ec20db9fe952fb8381281bf7df
simulated_panel,heldout_stressor,1,stressor,,stressor,,stressor=sodium_hydroxide,,sodium_hydroxide,,,sodium_hydroxide,train,15,BPS,f1f86a1b430fd60670fcf05c6b1b7d8f518f67ec20db9fe952fb8381281bf7df
simulated_panel,heldout_stressor,1,stressor,,stressor,,stressor=sorbitol,,sorbitol,,,sorbitol,train,15,BPS,f1f86a1b430fd60670fcf05c6b1b7d8f518f67ec20db9fe952fb8381281bf7df
simulated_panel,heldout_stressor,1,stressor,,stressor,,stressor=tunicamycin,,tunicamycin,,,tunicamycin,train,15,BPS,f1f86a1b430fd60670fcf05c6b1b7d8f518f67ec20db9fe952fb8381281bf7df
simulated_panel,heldout_stressor,1,stressor,,stressor,,stressor=DTT+H2O2,,DTT+H2O2,,,DTT+H2O2,validation,15,BPS,f1f86a1b430fd60670fcf05c6b1b7d8f518f67ec20db9fe952fb8381281bf7df
simulated_panel,heldout_stressor,1,stressor,,stressor,,stressor=H2O2,,H2O2,,,H2O2,validation,15,BPS,f1f86a1b430fd60670fcf05c6b1b7d8f518f67ec20db9fe952fb8381281bf7df
simulated_panel,heldout_stressor,2,stressor,,stressor,,stressor=antimycin_A,,antimycin_A,,,antimycin_A,test,15,antimycin_A,0f83a7f75db4dd6e6af4c3fd79cc185bc6d5b2540a69ab361b502da8abc59872
simulated_panel,heldout_stressor,2,stressor,,stressor,,stressor=BPS,,BPS,,,BPS,train,15,antimycin_A,0f83a7f75db4dd6e6af4c3fd79cc185bc6d5b2540a69ab361b502da8abc59872
simulated_panel,heldout_stressor,2,stressor,,stressor,,stressor=DTT,,DTT,,,DTT,train,15,antimycin_A,0f83a7f75db4dd6e6af4c3fd79cc185bc6d5b2540a69ab361b502da8abc59872
simulated_panel,heldout_stressor,2,stressor,,stressor,,stressor=DTT+H2O2,,DTT+H2O2,,,DTT+H2O2,train,15,antimycin_A,0f83a7f75db4dd6e6af4c3fd79cc185bc6d5b2540a69ab361b502da8abc59872
simulated_panel,heldout_stressor,2,stressor,,stressor,,stressor=H2O2,,H2O2,,,H2O2,train,15,antimycin_A,0f83a7f75db4dd6e6af4c3fd79cc185bc6d5b2540a69ab361b502da8abc59872
simulated_panel,heldout_stressor,2,stressor,,stressor,,stressor=MG132,,MG132,,,MG132,train,15,antimycin_A,0f83a7f75db4dd6e6af4c3fd79cc185bc6d5b2540a69ab361b502da8abc59872
simulated_panel,heldout_stressor,2,stressor,,stressor,,stressor=MMS,,MMS,,,MMS,train,15,antimycin_A,0f83a7f75db4dd6e6af4c3fd79cc185bc6d5b2540a69ab361b502da8abc59872
simulated_panel,heldout_stressor,2,stressor,,stressor,,stressor=NaCl,,NaCl,,,NaCl,train,15,antimycin_A,0f83a7f75db4dd6e6af4c3fd79cc185bc6d5b2540a69ab361b502da8abc59872
simulated_panel,heldout_stressor,2,stressor,,stressor,,stressor=TPEN,,TPEN,,,TPEN,train,15,antimycin_A,0f83a7f75db4dd6e6af4c3fd79cc185bc6d5b2540a69ab361b502da8abc59872
simulated_panel,heldout_stressor,2,stressor,,stressor,,stressor=acetic_acid,,acetic_acid,,,acetic_acid,train,15,antimycin_A,0f83a7f75db4dd6e6af4c3fd79cc185bc6d5b2540a69ab361b502da8abc59872
simulated_panel,heldout_stressor,2,stressor,,stressor,,stressor=caffeine,,caffeine,,,caffeine,train,15,antimycin_A,0f83a7f75db4dd6e6af4c3fd79cc185bc6d5b2540a69ab361b502da8abc59872
simulated_panel,heldout_stressor,2,stressor,,stressor,,stressor=calcium_chloride,,calcium_chloride,,,calcium_chloride,train,15,antimycin_A,0f83a7f75db4dd6e6af4c3fd79cc185bc6d5b2540a69ab361b502da8abc59872
simulated_panel,heldout_stressor,2,stressor,,stressor,,stressor=cobalt_chloride,,cobalt_chloride,,,cobalt_chloride,train,15,antimycin_A,0f83a7f75db4dd6e6af4c3fd79cc185bc6d5b2540a69ab361b502da8abc59872
simulated_panel,heldout_stressor,2,stressor,,stressor,,stressor=congo_red,,congo_red,,,congo_red,train,15,antimycin_A,0f83a7f75db4dd6e6af4c3fd79cc185bc6d5b2540a69ab361b502da8abc59872
simulated_panel,heldout_stressor,2,stressor,,stressor,,stressor=copper_sulfate,,copper_sulfate,,,copper_sulfate,train,15,antimycin_A,0f83a7f75db4dd6e6af4c3fd79cc185bc6d5b2540a69ab361b502da8abc59872
simulated_panel,heldout_stressor,2,stressor,,stressor,,stressor=fluconazole,,fluconazole,,,fluconazole,train,15,antimycin_A,0f83a7f75db4dd6e6af4c3fd79cc185bc6d5b2540a69ab361b502da8abc59872
simulated_panel,heldout_stressor,2,stressor,,stressor,,stressor=glucose_starvation,,glucose_starvation,,,glucose_starvation,train,15,antimycin_A,0f83a7f75db4dd6e6af4c3fd79cc185bc6d5b2540a69ab361b502da8abc59872
simulated_panel,heldout_stressor,2,stressor,,stressor,,stressor=heat,,heat,,,heat,train,15,antimycin_A,0f83a7f75db4dd6e6af4c3fd79cc185bc6d5b2540a69ab361b502da8abc59872
simulated_panel,heldout_stressor,2,stressor,,stressor,,stressor=hydroxyurea,,hydroxyurea,,,hydroxyurea,train,15,antimycin_A,0f83a7f75db4dd6e6af4c3fd79cc185bc6d5b2540a69ab361b502da8abc59872
simulated_panel,heldout_stressor,2,stressor,,stressor,,stressor=menadione,,menadione,,,menadione,train,15,antimycin_A,0f83a7f75db4dd6e6af4c3fd79cc185bc6d5b2540a69ab361b502da8abc59872
simulated_panel,heldout_stressor,2,stressor,,stressor,,stressor=methionine_starvation,,methionine_starvation,,,methionine_starvation,train,15,antimycin_A,0f83a7f75db4dd6e6af4c3fd79cc185bc6d5b2540a69ab361b502da8abc59872
simulated_panel,heldout_stressor,2,stressor,,stressor,,stressor=rapamycin,,rapamycin,,,rapamycin,train,15,antimycin_A,0f83a7f75db4dd6e6af4c3fd79cc185bc6d5b2540a69ab361b502da8abc59872
simulated_panel,heldout_stressor,2,stressor,,stressor,,stressor=sodium_hydroxide,,sodium_hydroxide,,,sodium_hydroxide,train,15,antimycin_A,0f83a7f75db4dd6e6af4c3fd79cc185bc6d5b2540a69ab361b502da8abc59872
simulated_panel,heldout_stressor,2,stressor,,stressor,,stressor=sorbitol,,sorbitol,,,sorbitol,train,15,antimycin_A,0f83a7f75db4dd6e6af4c3fd79cc185bc6d5b2540a69ab361b502da8abc59872
simulated_panel,heldout_stressor,2,stressor,,stressor,,stressor=tunicamycin,,tunicamycin,,,tunicamycin,train,15,antimycin_A,0f83a7f75db4dd6e6af4c3fd79cc185bc6d5b2540a69ab361b502da8abc59872
simulated_panel,heldout_stressor,2,stressor,,stressor,,stressor=diamide,,diamide,,,diamide,validation,15,antimycin_A,0f83a7f75db4dd6e6af4c3fd79cc185bc6d5b2540a69ab361b502da8abc59872
simulated_panel,interpolation,0,stressor|dose_mM,stressor,dose_mM,stressor=BPS,stressor=BPS|dose_mM=41.25,,BPS,,41.249999999999986,41.25,test,3,41.25,e82a651624efc2b1612985060ebd2f0a4e9a412400874caf4065fb09e994a423
simulated_panel,interpolation,0,stressor|dose_mM,stressor,dose_mM,stressor=BPS,stressor=BPS|dose_mM=10.3125,,BPS,,10.3125,10.3125,train,3,41.25,e82a651624efc2b1612985060ebd2f0a4e9a412400874caf4065fb09e994a423
simulated_panel,interpolation,0,stressor|dose_mM,stressor,dose_mM,stressor=BPS,stressor=BPS|dose_mM=20.625,,BPS,,20.62499999999999,20.625,train,3,41.25,e82a651624efc2b1612985060ebd2f0a4e9a412400874caf4065fb09e994a423
simulated_panel,interpolation,0,stressor|dose_mM,stressor,dose_mM,stressor=BPS,stressor=BPS|dose_mM=5.15625,,BPS,,5.15625,5.15625,train,3,41.25,e82a651624efc2b1612985060ebd2f0a4e9a412400874caf4065fb09e994a423
simulated_panel,interpolation,0,stressor|dose_mM,stressor,dose_mM,stressor=BPS,stressor=BPS|dose_mM=82.5,,BPS,,82.5,82.5,train,3,41.25,e82a651624efc2b1612985060ebd2f0a4e9a412400874caf4065fb09e994a423
simulated_panel,interpolation,0,stressor|dose_mM,stressor,dose_mM,stressor=DTT,stressor=DTT|dose_mM=0.42625,,DTT,,0.42625000000000013,0.42625,test,3,0.42625,e82a651624efc2b1612985060ebd2f0a4e9a412400874caf4065fb09e994a423
simulated_panel,interpolation,0,stressor|dose_mM,stressor,dose_mM,stressor=DTT,stressor=DTT|dose_mM=0.05328125,,DTT,,0.05328125000000001,0.05328125,train,3,0.42625,e82a651624efc2b1612985060ebd2f0a4e9a412400874caf4065fb09e994a423
simulated_panel,interpolation,0,stressor|dose_mM,stressor,dose_mM,stressor=DTT,stressor=DTT|dose_mM=0.1065625,,DTT,,0.10656250000000005,0.1065625,train,3,0.42625,e82a651624efc2b1612985060ebd2f0a4e9a412400874caf4065fb09e994a423
simulated_panel,interpolation,0,stressor|dose_mM,stressor,dose_mM,stressor=DTT,stressor=DTT|dose_mM=0.213125,,DTT,,0.21312500000000006,0.213125,train,3,0.42625,e82a651624efc2b1612985060ebd2f0a4e9a412400874caf4065fb09e994a423
simulated_panel,interpolation,0,stressor|dose_mM,stressor,dose_mM,stressor=DTT,stressor=DTT|dose_mM=0.8525,,DTT,,0.8525000000000001,0.8525,train,3,0.42625,e82a651624efc2b1612985060ebd2f0a4e9a412400874caf4065fb09e994a423
simulated_panel,interpolation,0,stressor|dose_mM,stressor,dose_mM,stressor=DTT+H2O2,stressor=DTT+H2O2|dose_mM=0.1065625,,DTT+H2O2,,0.10656250000000005,0.1065625,test,3,0.1065625,e82a651624efc2b1612985060ebd2f0a4e9a412400874caf4065fb09e994a423
simulated_panel,interpolation,0,stressor|dose_mM,stressor,dose_mM,stressor=DTT+H2O2,stressor=DTT+H2O2|dose_mM=0.05328125,,DTT+H2O2,,0.05328125000000001,0.05328125,train,3,0.1065625,e82a651624efc2b1612985060ebd2f0a4e9a412400874caf4065fb09e994a423
simulated_panel,interpolation,0,stressor|dose_mM,stressor,dose_mM,stressor=DTT+H2O2,stressor=DTT+H2O2|dose_mM=0.213125,,DTT+H2O2,,0.21312500000000006,0.213125,train,3,0.1065625,e82a651624efc2b1612985060ebd2f0a4e9a412400874caf4065fb09e994a423
simulated_panel,interpolation,0,stressor|dose_mM,stressor,dose_mM,stressor=DTT+H2O2,stressor=DTT+H2O2|dose_mM=0.42625,,DTT+H2O2,,0.42625000000000013,0.42625,train,3,0.1065625,e82a651624efc2b1612985060ebd2f0a4e9a412400874caf4065fb09e994a423
simulated_panel,interpolation,0,stressor|dose_mM,stressor,dose_mM,stressor=DTT+H2O2,stressor=DTT+H2O2|dose_mM=0.8525,,DTT+H2O2,,0.8525000000000001,0.8525,train,3,0.1065625,e82a651624efc2b1612985060ebd2f0a4e9a412400874caf4065fb09e994a423
simulated_panel,interpolation,0,stressor|dose_mM,stressor,dose_mM,stressor=H2O2,stressor=H2O2|dose_mM=0.06875,,H2O2,,0.06875000000000002,0.06875,test,3,0.06875,e82a651624efc2b1612985060ebd2f0a4e9a412400874caf4065fb09e994a423
simulated_panel,interpolation,0,stressor|dose_mM,stressor,dose_mM,stressor=H2O2,stressor=H2O2|dose_mM=0.034375,,H2O2,,0.034375,0.034375,train,3,0.06875,e82a651624efc2b1612985060ebd2f0a4e9a412400874caf4065fb09e994a423
simulated_panel,interpolation,0,stressor|dose_mM,stressor,dose_mM,stressor=H2O2,stressor=H2O2|dose_mM=0.1375,,H2O2,,0.1375,0.1375,train,3,0.06875,e82a651624efc2b1612985060ebd2f0a4e9a412400874caf4065fb09e994a423
simulated_panel,interpolation,0,stressor|dose_mM,stressor,dose_mM,stressor=H2O2,stressor=H2O2|dose_mM=0.275,,H2O2,,0.27499999999999997,0.275,train,3,0.06875,e82a651624efc2b1612985060ebd2f0a4e9a412400874caf4065fb09e994a423
simulated_panel,interpolation,0,stressor|dose_mM,stressor,dose_mM,stressor=H2O2,stressor=H2O2|dose_mM=0.55,,H2O2,,0.55,0.55,train,3,0.06875,e82a651624efc2b1612985060ebd2f0a4e9a412400874caf4065fb09e994a423
simulated_panel,interpolation,0,stressor|dose_mM,stressor,dose_mM,stressor=MG132,stressor=MG132|dose_mM=8.25,,MG132,,8.25,8.25,test,3,8.25,e82a651624efc2b1612985060ebd2f0a4e9a412400874caf4065fb09e994a423
simulated_panel,interpolation,0,stressor|dose_mM,stressor,dose_mM,stressor=MG132,stressor=MG132|dose_mM=16.5,,MG132,,16.5,16.5,train,3,8.25,e82a651624efc2b1612985060ebd2f0a4e9a412400874caf4065fb09e994a423
simulated_panel,interpolation,0,stressor|dose_mM,stressor,dose_mM,stressor=MG132,stressor=MG132|dose_mM=33,,MG132,,33.0,33,train,3,8.25,e82a651624efc2b1612985060ebd2f0a4e9a412400874caf4065fb09e994a423
simulated_panel,interpolation,0,stressor|dose_mM,stressor,dose_mM,stressor=MG132,stressor=MG132|dose_mM=4.125,,MG132,,4.125,4.125,train,3,8.25,e82a651624efc2b1612985060ebd2f0a4e9a412400874caf4065fb09e994a423
simulated_panel,interpolation,0,stressor|dose_mM,stressor,dose_mM,stressor=MG132,stressor=MG132|dose_mM=66,,MG132,,66.0,66,train,3,8.25,e82a651624efc2b1612985060ebd2f0a4e9a412400874caf4065fb09e994a423
simulated_panel,interpolation,0,stressor|dose_mM,stressor,dose_mM,stressor=MMS,stressor=MMS|dose_mM=0.004125,,MMS,,0.0041249999999999985,0.004125,test,3,0.004125,e82a651624efc2b1612985060ebd2f0a4e9a412400874caf4065fb09e994a423
simulated_panel,interpolation,0,stressor|dose_mM,stressor,dose_mM,stressor=MMS,stressor=MMS|dose_mM=0.0020625,,MMS,,0.0020625,0.0020625,train,3,0.004125,e82a651624efc2b1612985060ebd2f0a4e9a412400874caf4065fb09e994a423
simulated_panel,interpolation,0,stressor|dose_mM,stressor,dose_mM,stressor=MMS,stressor=MMS|dose_mM=0.00825,,MMS,,0.008249999999999999,0.00825,train,3,0.004125,e82a651624efc2b1612985060ebd2f0a4e9a412400874caf4065fb09e994a423
simulated_panel,interpolation,0,stressor|dose_mM,stressor,dose_mM,stressor=MMS,stressor=MMS|dose_mM=0.0165,,MMS,,0.0165,0.0165,train,3,0.004125,e82a651624efc2b1612985060ebd2f0a4e9a412400874caf4065fb09e994a423
simulated_panel,interpolation,0,stressor|dose_mM,stressor,dose_mM,stressor=MMS,stressor=MMS|dose_mM=0.033,,MMS,,0.033,0.033,train,3,0.004125,e82a651624efc2b1612985060ebd2f0a4e9a412400874caf4065fb09e994a423
simulated_panel,interpolation,0,stressor|dose_mM,stressor,dose_mM,stressor=NaCl,stressor=NaCl|dose_mM=0.103125,,NaCl,,0.10312500000000002,0.103125,test,3,0.103125,e82a651624efc2b1612985060ebd2f0a4e9a412400874caf4065fb09e994a423
simulated_panel,interpolation,0,stressor|dose_mM,stressor,dose_mM,stressor=NaCl,stressor=NaCl|dose_mM=0.0515625,,NaCl,,0.051562500000000004,0.0515625,train,3,0.103125,e82a651624efc2b1612985060ebd2f0a4e9a412400874caf4065fb09e994a423
simulated_panel,interpolation,0,stressor|dose_mM,stressor,dose_mM,stressor=NaCl,stressor=NaCl|dose_mM=0.20625,,NaCl,,0.20625000000000002,0.20625,train,3,0.103125,e82a651624efc2b1612985060ebd2f0a4e9a412400874caf4065fb09e994a423
simulated_panel,interpolation,0,stressor|dose_mM,stressor,dose_mM,stressor=NaCl,stressor=NaCl|dose_mM=0.4125,,NaCl,,0.4125,0.4125,train,3,0.103125,e82a651624efc2b1612985060ebd2f0a4e9a412400874caf4065fb09e994a423
simulated_panel,interpolation,0,stressor|dose_mM,stressor,dose_mM,stressor=NaCl,stressor=NaCl|dose_mM=0.825,,NaCl,,0.8250000000000001,0.825,train,3,0.103125,e82a651624efc2b1612985060ebd2f0a4e9a412400874caf4065fb09e994a423
simulated_panel,interpolation,0,stressor|dose_mM,stressor,dose_mM,stressor=TPEN,stressor=TPEN|dose_mM=2.0625,,TPEN,,2.0625,2.0625,test,3,2.0625,e82a651624efc2b1612985060ebd2f0a4e9a412400874caf4065fb09e994a423
simulated_panel,interpolation,0,stressor|dose_mM,stressor,dose_mM,stressor=TPEN,stressor=TPEN|dose_mM=1.03125,,TPEN,,1.03125,1.03125,train,3,2.0625,e82a651624efc2b1612985060ebd2f0a4e9a412400874caf4065fb09e994a423
simulated_panel,interpolation,0,stressor|dose_mM,stressor,dose_mM,stressor=TPEN,stressor=TPEN|dose_mM=16.5,,TPEN,,16.5,16.5,train,3,2.0625,e82a651624efc2b1612985060ebd2f0a4e9a412400874caf4065fb09e994a423
simulated_panel,interpolation,0,stressor|dose_mM,stressor,dose_mM,stressor=TPEN,stressor=TPEN|dose_mM=4.125,,TPEN,,4.125,4.125,train,3,2.0625,e82a651624efc2b1612985060ebd2f0a4e9a412400874caf4065fb09e994a423
simulated_panel,interpolation,0,stressor|dose_mM,stressor,dose_mM,stressor=TPEN,stressor=TPEN|dose_mM=8.25,,TPEN,,8.249999999999998,8.25,train,3,2.0625,e82a651624efc2b1612985060ebd2f0a4e9a412400874caf4065fb09e994a423
simulated_panel,interpolation,0,stressor|dose_mM,stressor,dose_mM,stressor=acetic_acid,stressor=acetic_acid|dose_mM=12.375,,acetic_acid,,12.375000000000002,12.375,test,3,12.375,e82a651624efc2b1612985060ebd2f0a4e9a412400874caf4065fb09e994a423
simulated_panel,interpolation,0,stressor|dose_mM,stressor,dose_mM,stressor=acetic_acid,stressor=acetic_acid|dose_mM=24.75,,acetic_acid,,24.750000000000004,24.75,train,3,12.375,e82a651624efc2b1612985060ebd2f0a4e9a412400874caf4065fb09e994a423
simulated_panel,interpolation,0,stressor|dose_mM,stressor,dose_mM,stressor=acetic_acid,stressor=acetic_acid|dose_mM=49.5,,acetic_acid,,49.49999999999999,49.5,train,3,12.375,e82a651624efc2b1612985060ebd2f0a4e9a412400874caf4065fb09e994a423
simulated_panel,interpolation,0,stressor|dose_mM,stressor,dose_mM,stressor=acetic_acid,stressor=acetic_acid|dose_mM=6.1875,,acetic_acid,,6.187500000000001,6.1875,train,3,12.375,e82a651624efc2b1612985060ebd2f0a4e9a412400874caf4065fb09e994a423
simulated_panel,interpolation,0,stressor|dose_mM,stressor,dose_mM,stressor=acetic_acid,stressor=acetic_acid|dose_mM=99,,acetic_acid,,99.00000000000001,99,train,3,12.375,e82a651624efc2b1612985060ebd2f0a4e9a412400874caf4065fb09e994a423
simulated_panel,interpolation,0,stressor|dose_mM,stressor,dose_mM,stressor=antimycin_A,stressor=antimycin_A|dose_mM=2.0625,,antimycin_A,,2.0625,2.0625,test,3,2.0625,e82a651624efc2b1612985060ebd2f0a4e9a412400874caf4065fb09e994a423
simulated_panel,interpolation,0,stressor|dose_mM,stressor,dose_mM,stressor=antimycin_A,stressor=antimycin_A|dose_mM=0.515625,,antimycin_A,,0.515625,0.515625,train,3,2.0625,e82a651624efc2b1612985060ebd2f0a4e9a412400874caf4065fb09e994a423
simulated_panel,interpolation,0,stressor|dose_mM,stressor,dose_mM,stressor=antimycin_A,stressor=antimycin_A|dose_mM=1.03125,,antimycin_A,,1.03125,1.03125,train,3,2.0625,e82a651624efc2b1612985060ebd2f0a4e9a412400874caf4065fb09e994a423
simulated_panel,interpolation,0,stressor|dose_mM,stressor,dose_mM,stressor=antimycin_A,stressor=antimycin_A|dose_mM=4.125,,antimycin_A,,4.125,4.125,train,3,2.0625,e82a651624efc2b1612985060ebd2f0a4e9a412400874caf4065fb09e994a423
simulated_panel,interpolation,0,stressor|dose_mM,stressor,dose_mM,stressor=antimycin_A,stressor=antimycin_A|dose_mM=8.25,,antimycin_A,,8.25,8.25,train,3,2.0625,e82a651624efc2b1612985060ebd2f0a4e9a412400874caf4065fb09e994a423
simulated_panel,interpolation,0,stressor|dose_mM,stressor,dose_mM,stressor=caffeine,stressor=caffeine|dose_mM=8.25,,caffeine,,8.249999999999998,8.25,test,3,8.25,e82a651624efc2b1612985060ebd2f0a4e9a412400874caf4065fb09e994a423
simulated_panel,interpolation,0,stressor|dose_mM,stressor,dose_mM,stressor=caffeine,stressor=caffeine|dose_mM=1.03125,,caffeine,,1.03125,1.03125,train,3,8.25,e82a651624efc2b1612985060ebd2f0a4e9a412400874caf4065fb09e994a423
simulated_panel,interpolation,0,stressor|dose_mM,stressor,dose_mM,stressor=caffeine,stressor=caffeine|dose_mM=16.5,,caffeine,,16.5,16.5,train,3,8.25,e82a651624efc2b1612985060ebd2f0a4e9a412400874caf4065fb09e994a423
simulated_panel,interpolation,0,stressor|dose_mM,stressor,dose_mM,stressor=caffeine,stressor=caffeine|dose_mM=2.0625,,caffeine,,2.0625,2.0625,train,3,8.25,e82a651624efc2b1612985060ebd2f0a4e9a412400874caf4065fb09e994a423
simulated_panel,interpolation,0,stressor|dose_mM,stressor,dose_mM,stressor=caffeine,stressor=caffeine|dose_mM=4.125,,caffeine,,4.125,4.125,train,3,8.25,e82a651624efc2b1612985060ebd2f0a4e9a412400874caf4065fb09e994a423
simulated_panel,interpolation,0,stressor|dose_mM,stressor,dose_mM,stressor=calcium_chloride,stressor=calcium_chloride|dose_mM=165,,calcium_chloride,,165.0,165,test,3,165,e82a651624efc2b1612985060ebd2f0a4e9a412400874caf4065fb09e994a423
simulated_panel,interpolation,0,stressor|dose_mM,stressor,dose_mM,stressor=calcium_chloride,stressor=calcium_chloride|dose_mM=20.625,,calcium_chloride,,20.625,20.625,train,3,165,e82a651624efc2b1612985060ebd2f0a4e9a412400874caf4065fb09e994a423
simulated_panel,interpolation,0,stressor|dose_mM,stressor,dose_mM,stressor=calcium_chloride,stressor=calcium_chloride|dose_mM=330,,calcium_chloride,,330.0,330,train,3,165,e82a651624efc2b1612985060ebd2f0a4e9a412400874caf4065fb09e994a423
simulated_panel,interpolation,0,stressor|dose_mM,stressor,dose_mM,stressor=calcium_chloride,stressor=calcium_chloride|dose_mM=41.25,,calcium_chloride,,41.25000000000001,41.25,train,3,165,e82a651624efc2b1612985060ebd2f0a4e9a412400874caf4065fb09e994a423
simulated_panel,interpolation,0,stressor|dose_mM,stressor,dose_mM,stressor=calcium_chloride,stressor=calcium_chloride|dose_mM=82.5,,calcium_chloride,,82.49999999999999,82.5,train,3,165,e82a651624efc2b1612985060ebd2f0a4e9a412400874caf4065fb09e994a423
simulated_panel,interpolation,0,stressor|dose_mM,stressor,dose_mM,stressor=cobalt_chloride,stressor=cobalt_chloride|dose_mM=0.20625,,cobalt_chloride,,0.20625000000000002,0.20625,test,3,0.20625,e82a651624efc2b1612985060ebd2f0a4e9a412400874caf4065fb09e994a423
simulated_panel,interpolation,0,stressor|dose_mM,stressor,dose_mM,stressor=cobalt_chloride,stressor=cobalt_chloride|dose_mM=0.103125,,cobalt_chloride,,0.10312500000000001,0.103125,train,3,0.20625,e82a651624efc2b1612985060ebd2f0a4e9a412400874caf4065fb09e994a423
simulated_panel,interpolation,0,stressor|dose_mM,stressor,dose_mM,stressor=cobalt_chloride,stressor=cobalt_chloride|dose_mM=0.4125,,cobalt_chloride,,0.4125000000000001,0.4125,train,3,0.20625,e82a651624efc2b1612985060ebd2f0a4e9a412400874caf4065fb09e994a423
simulated_panel,interpolation,0,stressor|dose_mM,stressor,dose_mM,stressor=cobalt_chloride,stressor=cobalt_chloride|dose_mM=0.825,,cobalt_chloride,,0.8250000000000001,0.825,train,3,0.20625,e82a651624efc2b1612985060ebd2f0a4e9a412400874caf4065fb09e994a423
simulated_panel,interpolation,0,stressor|dose_mM,stressor,dose_mM,stressor=cobalt_chloride,stressor=cobalt_chloride|dose_mM=1.65,,cobalt_chloride,,1.6500000000000001,1.65,train,3,0.20625,e82a651624efc2b1612985060ebd2f0a4e9a412400874caf4065fb09e994a423
simulated_panel,interpolation,0,stressor|dose_mM,stressor,dose_mM,stressor=congo_red,stressor=congo_red|dose_mM=10.3125,,congo_red,,10.3125,10.3125,test,3,10.3125,e82a651624efc2b1612985060ebd2f0a4e9a412400874caf4065fb09e994a423
simulated_panel,interpolation,0,stressor|dose_mM,stressor,dose_mM,stressor=congo_red,stressor=congo_red|dose_mM=20.625,,congo_red,,20.62499999999999,20.625,train,3,10.3125,e82a651624efc2b1612985060ebd2f0a4e9a412400874caf4065fb09e994a423
simulated_panel,interpolation,0,stressor|dose_mM,stressor,dose_mM,stressor=congo_red,stressor=congo_red|dose_mM=41.25,,congo_red,,41.249999999999986,41.25,train,3,10.3125,e82a651624efc2b1612985060ebd2f0a4e9a412400874caf4065fb09e994a423
simulated_panel,interpolation,0,stressor|dose_mM,stressor,dose_mM,stressor=congo_red,stressor=congo_red|dose_mM=5.15625,,congo_red,,5.15625,5.15625,train,3,10.3125,e82a651624efc2b1612985060ebd2f0a4e9a412400874caf4065fb09e994a423
simulated_panel,interpolation,0,stressor|dose_mM,stressor,dose_mM,stressor=congo_red,stressor=congo_red|dose_mM=82.5,,congo_red,,82.5,82.5,train,3,10.3125,e82a651624efc2b1612985060ebd2f0a4e9a412400874caf4065fb09e994a423
simulated_panel,interpolation,0,stressor|dose_mM,stressor,dose_mM,stressor=copper_sulfate,stressor=copper_sulfate|dose_mM=0.20625,,copper_sulfate,,0.20625000000000002,0.20625,test,3,0.20625,e82a651624efc2b1612985060ebd2f0a4e9a412400874caf4065fb09e994a423
simulated_panel,interpolation,0,stressor|dose_mM,stressor,dose_mM,stressor=copper_sulfate,stressor=copper_sulfate|dose_mM=0.103125,,copper_sulfate,,0.10312500000000001,0.103125,train,3,0.20625,e82a651624efc2b1612985060ebd2f0a4e9a412400874caf4065fb09e994a423
simulated_panel,interpolation,0,stressor|dose_mM,stressor,dose_mM,stressor=copper_sulfate,stressor=copper_sulfate|dose_mM=0.4125,,copper_sulfate,,0.4125000000000001,0.4125,train,3,0.20625,e82a651624efc2b1612985060ebd2f0a4e9a412400874caf4065fb09e994a423
simulated_panel,interpolation,0,stressor|dose_mM,stressor,dose_mM,stressor=copper_sulfate,stressor=copper_sulfate|dose_mM=0.825,,copper_sulfate,,0.8250000000000001,0.825,train,3,0.20625,e82a651624efc2b1612985060ebd2f0a4e9a412400874caf4065fb09e994a423
simulated_panel,interpolation,0,stressor|dose_mM,stressor,dose_mM,stressor=copper_sulfate,stressor=copper_sulfate|dose_mM=1.65,,copper_sulfate,,1.6500000000000001,1.65,train,3,0.20625,e82a651624efc2b1612985060ebd2f0a4e9a412400874caf4065fb09e994a423
simulated_panel,interpolation,0,stressor|dose_mM,stressor,dose_mM,stressor=diamide,stressor=diamide|dose_mM=1.2375,,diamide,,1.2374999999999998,1.2375,test,3,1.2375,e82a651624efc2b1612985060ebd2f0a4e9a412400874caf4065fb09e994a423
simulated_panel,interpolation,0,stressor|dose_mM,stressor,dose_mM,stressor=diamide,stressor=diamide|dose_mM=0.1546875,,diamide,,0.1546875,0.1546875,train,3,1.2375,e82a651624efc2b1612985060ebd2f0a4e9a412400874caf4065fb09e994a423
simulated_panel,interpolation,0,stressor|dose_mM,stressor,dose_mM,stressor=diamide,stressor=diamide|dose_mM=0.309375,,diamide,,0.30937499999999996,0.309375,train,3,1.2375,e82a651624efc2b1612985060ebd2f0a4e9a412400874caf4065fb09e994a423
simulated_panel,interpolation,0,stressor|dose_mM,stressor,dose_mM,stressor=diamide,stressor=diamide|dose_mM=0.61875,,diamide,,0.6187499999999999,0.61875,train,3,1.2375,e82a651624efc2b1612985060ebd2f0a4e9a412400874caf4065fb09e994a423
simulated_panel,interpolation,0,stressor|dose_mM,stressor,dose_mM,stressor=diamide,stressor=diamide|dose_mM=2.475,,diamide,,2.475,2.475,train,3,1.2375,e82a651624efc2b1612985060ebd2f0a4e9a412400874caf4065fb09e994a423
simulated_panel,interpolation,0,stressor|dose_mM,stressor,dose_mM,stressor=fluconazole,stressor=fluconazole|dose_mM=6.1875,,fluconazole,,6.187500000000001,6.1875,test,3,6.1875,e82a651624efc2b1612985060ebd2f0a4e9a412400874caf4065fb09e994a423
simulated_panel,interpolation,0,stressor|dose_mM,stressor,dose_mM,stressor=fluconazole,stressor=fluconazole|dose_mM=12.375,,fluconazole,,12.375000000000002,12.375,train,3,6.1875,e82a651624efc2b1612985060ebd2f0a4e9a412400874caf4065fb09e994a423
simulated_panel,interpolation,0,stressor|dose_mM,stressor,dose_mM,stressor=fluconazole,stressor=fluconazole|dose_mM=24.75,,fluconazole,,24.750000000000004,24.75,train,3,6.1875,e82a651624efc2b1612985060ebd2f0a4e9a412400874caf4065fb09e994a423
simulated_panel,interpolation,0,stressor|dose_mM,stressor,dose_mM,stressor=fluconazole,stressor=fluconazole|dose_mM=3.09375,,fluconazole,,3.0937500000000004,3.09375,train,3,6.1875,e82a651624efc2b1612985060ebd2f0a4e9a412400874caf4065fb09e994a423
simulated_panel,interpolation,0,stressor|dose_mM,stressor,dose_mM,stressor=fluconazole,stressor=fluconazole|dose_mM=49.5,,fluconazole,,49.50000000000001,49.5,train,3,6.1875,e82a651624efc2b1612985060ebd2f0a4e9a412400874caf4065fb09e994a423
simulated_panel,interpolation,0,stressor|dose_mM,stressor,dose_mM,stressor=glucose_starvation,stressor=glucose_starvation|dose_mM=0.12375,,glucose_starvation,,0.12375,0.12375,test,3,0.12375,e82a651624efc2b1612985060ebd2f0a4e9a412400874caf4065fb09e994a423
simulated_panel,interpolation,0,stressor|dose_mM,stressor,dose_mM,stressor=glucose_starvation,stressor=glucose_starvation|dose_mM=0.061875,,glucose_starvation,,0.061875,0.061875,train,3,0.12375,e82a651624efc2b1612985060ebd2f0a4e9a412400874caf4065fb09e994a423
simulated_panel,interpolation,0,stressor|dose_mM,stressor,dose_mM,stressor=glucose_starvation,stressor=glucose_starvation|dose_mM=0.2475,,glucose_starvation,,0.2475,0.2475,train,3,0.12375,e82a651624efc2b1612985060ebd2f0a4e9a412400874caf4065fb09e994a423
simulated_panel,interpolation,0,stressor|dose_mM,stressor,dose_mM,stressor=glucose_starvation,stressor=glucose_starvation|dose_mM=0.495,,glucose_starvation,,0.49499999999999994,0.495,train,3,0.12375,e82a651624efc2b1612985060ebd2f0a4e9a412400874caf4065fb09e994a423
simulated_panel,interpolation,0,stressor|dose_mM,stressor,dose_mM,stressor=glucose_starvation,stressor=glucose_starvation|dose_mM=0.99,,glucose_starvation,,0.99,0.99,train,3,0.12375,e82a651624efc2b1612985060ebd2f0a4e9a412400874caf4065fb09e994a423
simulated_panel,interpolation,0,stressor|dose_mM,stressor,dose_mM,stressor=heat,stressor=heat|dose_mM=1.2375,,heat,,1.2375,1.2375,test,3,1.2375,e82a651624efc2b1612985060ebd2f0a4e9a412400874caf4065fb09e994a423
simulated_panel,interpolation,0,stressor|dose_mM,stressor,dose_mM,stressor=heat,stressor=heat|dose_mM=0.61875,,heat,,0.61875,0.61875,train,3,1.2375,e82a651624efc2b1612985060ebd2f0a4e9a412400874caf4065fb09e994a423
simulated_panel,interpolation,0,stressor|dose_mM,stressor,dose_mM,stressor=heat,stressor=heat|dose_mM=2.475,,heat,,2.475,2.475,train,3,1.2375,e82a651624efc2b1612985060ebd2f0a4e9a412400874caf4065fb09e994a423
simulated_panel,interpolation,0,stressor|dose_mM,stressor,dose_mM,stressor=heat,stressor=heat|dose_mM=4.95,,heat,,4.949999999999999,4.95,train,3,1.2375,e82a651624efc2b1612985060ebd2f0a4e9a412400874caf4065fb09e994a423
simulated_panel,interpolation,0,stressor|dose_mM,stressor,dose_mM,stressor=heat,stressor=heat|dose_mM=9.9,,heat,,9.9,9.9,train,3,1.2375,e82a651624efc2b1612985060ebd2f0a4e9a412400874caf4065fb09e994a423
simulated_panel,interpolation,0,stressor|dose_mM,stressor,dose_mM,stressor=hydroxyurea,stressor=hydroxyurea|dose_mM=82.5,,hydroxyurea,,82.49999999999999,82.5,test,3,82.5,e82a651624efc2b1612985060ebd2f0a4e9a412400874caf4065fb09e994a423
simulated_panel,interpolation,0,stressor|dose_mM,stressor,dose_mM,stressor=hydroxyurea,stressor=hydroxyurea|dose_mM=10.3125,,hydroxyurea,,10.3125,10.3125,train,3,82.5,e82a651624efc2b1612985060ebd2f0a4e9a412400874caf4065fb09e994a423
simulated_panel,interpolation,0,stressor|dose_mM,stressor,dose_mM,stressor=hydroxyurea,stressor=hydroxyurea|dose_mM=165,,hydroxyurea,,165.0,165,train,3,82.5,e82a651624efc2b1612985060ebd2f0a4e9a412400874caf4065fb09e994a423
simulated_panel,interpolation,0,stressor|dose_mM,stressor,dose_mM,stressor=hydroxyurea,stressor=hydroxyurea|dose_mM=20.625,,hydroxyurea,,20.625,20.625,train,3,82.5,e82a651624efc2b1612985060ebd2f0a4e9a412400874caf4065fb09e994a423
simulated_panel,interpolation,0,stressor|dose_mM,stressor,dose_mM,stressor=hydroxyurea,stressor=hydroxyurea|dose_mM=41.25,,hydroxyurea,,41.249999999999986,41.25,train,3,82.5,e82a651624efc2b1612985060ebd2f0a4e9a412400874caf4065fb09e994a423
simulated_panel,interpolation,0,stressor|dose_mM,stressor,dose_mM,stressor=menadione,stressor=menadione|dose_mM=41.25,,menadione,,41.249999999999986,41.25,test,3,41.25,e82a651624efc2b1612985060ebd2f0a4e9a412400874caf4065fb09e994a423
simulated_panel,interpolation,0,stressor|dose_mM,stressor,dose_mM,stressor=menadione,stressor=menadione|dose_mM=10.3125,,menadione,,10.3125,10.3125,train,3,41.25,e82a651624efc2b1612985060ebd2f0a4e9a412400874caf4065fb09e994a423
simulated_panel,interpolation,0,stressor|dose_mM,stressor,dose_mM,stressor=menadione,stressor=menadione|dose_mM=165,,menadione,,165.0,165,train,3,41.25,e82a651624efc2b1612985060ebd2f0a4e9a412400874caf4065fb09e994a423
simulated_panel,interpolation,0,stressor|dose_mM,stressor,dose_mM,stressor=menadione,stressor=menadione|dose_mM=20.625,,menadione,,20.625,20.625,train,3,41.25,e82a651624efc2b1612985060ebd2f0a4e9a412400874caf4065fb09e994a423
simulated_panel,interpolation,0,stressor|dose_mM,stressor,dose_mM,stressor=menadione,stressor=menadione|dose_mM=82.5,,menadione,,82.49999999999999,82.5,train,3,41.25,e82a651624efc2b1612985060ebd2f0a4e9a412400874caf4065fb09e994a423
simulated_panel,interpolation,0,stressor|dose_mM,stressor,dose_mM,stressor=methionine_starvation,stressor=methionine_starvation|dose_mM=0.66,,methionine_starvation,,0.6600000000000001,0.66,test,3,0.66,e82a651624efc2b1612985060ebd2f0a4e9a412400874caf4065fb09e994a423
simulated_panel,interpolation,0,stressor|dose_mM,stressor,dose_mM,stressor=methionine_starvation,stressor=methionine_starvation|dose_mM=0.0825,,methionine_starvation,,0.08250000000000002,0.0825,train,3,0.66,e82a651624efc2b1612985060ebd2f0a4e9a412400874caf4065fb09e994a423
simulated_panel,interpolation,0,stressor|dose_mM,stressor,dose_mM,stressor=methionine_starvation,stressor=methionine_starvation|dose_mM=0.165,,methionine_starvation,,0.1650000000000001,0.165,train,3,0.66,e82a651624efc2b1612985060ebd2f0a4e9a412400874caf4065fb09e994a423
simulated_panel,interpolation,0,stressor|dose_mM,stressor,dose_mM,stressor=methionine_starvation,stressor=methionine_starvation|dose_mM=0.33,,methionine_starvation,,0.3300000000000001,0.33,train,3,0.66,e82a651624efc2b1612985060ebd2f0a4e9a412400874caf4065fb09e994a423
simulated_panel,interpolation,0,stressor|dose_mM,stressor,dose_mM,stressor=methionine_starvation,stressor=methionine_starvation|dose_mM=1.32,,methionine_starvation,,1.3200000000000003,1.32,train,3,0.66,e82a651624efc2b1612985060ebd2f0a4e9a412400874caf4065fb09e994a423
simulated_panel,interpolation,0,stressor|dose_mM,stressor,dose_mM,stressor=rapamycin,stressor=rapamycin|dose_mM=8.25,,rapamycin,,8.249999999999998,8.25,test,3,8.25,e82a651624efc2b1612985060ebd2f0a4e9a412400874caf4065fb09e994a423
simulated_panel,interpolation,0,stressor|dose_mM,stressor,dose_mM,stressor=rapamycin,stressor=rapamycin|dose_mM=16.5,,rapamycin,,16.5,16.5,train,3,8.25,e82a651624efc2b1612985060ebd2f0a4e9a412400874caf4065fb09e994a423
simulated_panel,interpolation,0,stressor|dose_mM,stressor,dose_mM,stressor=rapamycin,stressor=rapamycin|dose_mM=2.0625,,rapamycin,,2.0625,2.0625,train,3,8.25,e82a651624efc2b1612985060ebd2f0a4e9a412400874caf4065fb09e994a423
simulated_panel,interpolation,0,stressor|dose_mM,stressor,dose_mM,stressor=rapamycin,stressor=rapamycin|dose_mM=33,,rapamycin,,33.0,33,train,3,8.25,e82a651624efc2b1612985060ebd2f0a4e9a412400874caf4065fb09e994a423
simulated_panel,interpolation,0,stressor|dose_mM,stressor,dose_mM,stressor=rapamycin,stressor=rapamycin|dose_mM=4.125,,rapamycin,,4.125,4.125,train,3,8.25,e82a651624efc2b1612985060ebd2f0a4e9a412400874caf4065fb09e994a423
simulated_panel,interpolation,0,stressor|dose_mM,stressor,dose_mM,stressor=sodium_hydroxide,stressor=sodium_hydroxide|dose_mM=2.475,,sodium_hydroxide,,2.475,2.475,test,3,2.475,e82a651624efc2b1612985060ebd2f0a4e9a412400874caf4065fb09e994a423
simulated_panel,interpolation,0,stressor|dose_mM,stressor,dose_mM,stressor=sodium_hydroxide,stressor=sodium_hydroxide|dose_mM=0.309375,,sodium_hydroxide,,0.309375,0.309375,train,3,2.475,e82a651624efc2b1612985060ebd2f0a4e9a412400874caf4065fb09e994a423
simulated_panel,interpolation,0,stressor|dose_mM,stressor,dose_mM,stressor=sodium_hydroxide,stressor=sodium_hydroxide|dose_mM=0.61875,,sodium_hydroxide,,0.61875,0.61875,train,3,2.475,e82a651624efc2b1612985060ebd2f0a4e9a412400874caf4065fb09e994a423
simulated_panel,interpolation,0,stressor|dose_mM,stressor,dose_mM,stressor=sodium_hydroxide,stressor=sodium_hydroxide|dose_mM=1.2375,,sodium_hydroxide,,1.2375,1.2375,train,3,2.475,e82a651624efc2b1612985060ebd2f0a4e9a412400874caf4065fb09e994a423
simulated_panel,interpolation,0,stressor|dose_mM,stressor,dose_mM,stressor=sodium_hydroxide,stressor=sodium_hydroxide|dose_mM=4.95,,sodium_hydroxide,,4.95,4.95,train,3,2.475,e82a651624efc2b1612985060ebd2f0a4e9a412400874caf4065fb09e994a423
simulated_panel,interpolation,0,stressor|dose_mM,stressor,dose_mM,stressor=sorbitol,stressor=sorbitol|dose_mM=0.825,,sorbitol,,0.8250000000000001,0.825,test,3,0.825,e82a651624efc2b1612985060ebd2f0a4e9a412400874caf4065fb09e994a423
simulated_panel,interpolation,0,stressor|dose_mM,stressor,dose_mM,stressor=sorbitol,stressor=sorbitol|dose_mM=0.103125,,sorbitol,,0.10312500000000001,0.103125,train,3,0.825,e82a651624efc2b1612985060ebd2f0a4e9a412400874caf4065fb09e994a423
simulated_panel,interpolation,0,stressor|dose_mM,stressor,dose_mM,stressor=sorbitol,stressor=sorbitol|dose_mM=0.20625,,sorbitol,,0.20625000000000002,0.20625,train,3,0.825,e82a651624efc2b1612985060ebd2f0a4e9a412400874caf4065fb09e994a423
simulated_panel,interpolation,0,stressor|dose_mM,stressor,dose_mM,stressor=sorbitol,stressor=sorbitol|dose_mM=0.4125,,sorbitol,,0.4125000000000001,0.4125,train,3,0.825,e82a651624efc2b1612985060ebd2f0a4e9a412400874caf4065fb09e994a423
simulated_panel,interpolation,0,stressor|dose_mM,stressor,dose_mM,stressor=sorbitol,stressor=sorbitol|dose_mM=1.65,,sorbitol,,1.6500000000000001,1.65,train,3,0.825,e82a651624efc2b1612985060ebd2f0a4e9a412400874caf4065fb09e994a423
simulated_panel,interpolation,0,stressor|dose_mM,stressor,dose_mM,stressor=tunicamycin,stressor=tunicamycin|dose_mM=0.825,,tunicamycin,,0.8250000000000001,0.825,test,3,0.825,e82a651624efc2b1612985060ebd2f0a4e9a412400874caf4065fb09e994a423
simulated_panel,interpolation,0,stressor|dose_mM,stressor,dose_mM,stressor=tunicamycin,stressor=tunicamycin|dose_mM=0.103125,,tunicamycin,,0.10312500000000001,0.103125,train,3,0.825,e82a651624efc2b1612985060ebd2f0a4e9a412400874caf4065fb09e994a423
simulated_panel,interpolation,0,stressor|dose_mM,stressor,dose_mM,stressor=tunicamycin,stressor=tunicamycin|dose_mM=0.20625,,tunicamycin,,0.20625000000000002,0.20625,train,3,0.825,e82a651624efc2b1612985060ebd2f0a4e9a412400874caf4065fb09e994a423
simulated_panel,interpolation,0,stressor|dose_mM,stressor,dose_mM,stressor=tunicamycin,stressor=tunicamycin|dose_mM=0.4125,,tunicamycin,,0.4125000000000001,0.4125,train,3,0.825,e82a651624efc2b1612985060ebd2f0a4e9a412400874caf4065fb09e994a423
simulated_panel,interpolation,0,stressor|dose_mM,stressor,dose_mM,stressor=tunicamycin,stressor=tunicamycin|dose_mM=1.65,,tunicamycin,,1.6500000000000001,1.65,train,3,0.825,e82a651624efc2b1612985060ebd2f0a4e9a412400874caf4065fb09e994a423
simulated_panel,interpolation,1,stressor|dose_mM,stressor,dose_mM,stressor=BPS,stressor=BPS|dose_mM=10.3125,,BPS,,10.3125,10.3125,test,3,10.3125,ecbc7cf8b22bfce4014ecb5c983bddcf5af786218989ae3cd8e21862629d3b97
simulated_panel,interpolation,1,stressor|dose_mM,stressor,dose_mM,stressor=BPS,stressor=BPS|dose_mM=20.625,,BPS,,20.62499999999999,20.625,train,3,10.3125,ecbc7cf8b22bfce4014ecb5c983bddcf5af786218989ae3cd8e21862629d3b97
simulated_panel,interpolation,1,stressor|dose_mM,stressor,dose_mM,stressor=BPS,stressor=BPS|dose_mM=41.25,,BPS,,41.249999999999986,41.25,train,3,10.3125,ecbc7cf8b22bfce4014ecb5c983bddcf5af786218989ae3cd8e21862629d3b97
simulated_panel,interpolation,1,stressor|dose_mM,stressor,dose_mM,stressor=BPS,stressor=BPS|dose_mM=5.15625,,BPS,,5.15625,5.15625,train,3,10.3125,ecbc7cf8b22bfce4014ecb5c983bddcf5af786218989ae3cd8e21862629d3b97
simulated_panel,interpolation,1,stressor|dose_mM,stressor,dose_mM,stressor=BPS,stressor=BPS|dose_mM=82.5,,BPS,,82.5,82.5,train,3,10.3125,ecbc7cf8b22bfce4014ecb5c983bddcf5af786218989ae3cd8e21862629d3b97
simulated_panel,interpolation,1,stressor|dose_mM,stressor,dose_mM,stressor=DTT,stressor=DTT|dose_mM=0.1065625,,DTT,,0.10656250000000005,0.1065625,test,3,0.1065625,ecbc7cf8b22bfce4014ecb5c983bddcf5af786218989ae3cd8e21862629d3b97
simulated_panel,interpolation,1,stressor|dose_mM,stressor,dose_mM,stressor=DTT,stressor=DTT|dose_mM=0.05328125,,DTT,,0.05328125000000001,0.05328125,train,3,0.1065625,ecbc7cf8b22bfce4014ecb5c983bddcf5af786218989ae3cd8e21862629d3b97
simulated_panel,interpolation,1,stressor|dose_mM,stressor,dose_mM,stressor=DTT,stressor=DTT|dose_mM=0.213125,,DTT,,0.21312500000000006,0.213125,train,3,0.1065625,ecbc7cf8b22bfce4014ecb5c983bddcf5af786218989ae3cd8e21862629d3b97
simulated_panel,interpolation,1,stressor|dose_mM,stressor,dose_mM,stressor=DTT,stressor=DTT|dose_mM=0.42625,,DTT,,0.42625000000000013,0.42625,train,3,0.1065625,ecbc7cf8b22bfce4014ecb5c983bddcf5af786218989ae3cd8e21862629d3b97
simulated_panel,interpolation,1,stressor|dose_mM,stressor,dose_mM,stressor=DTT,stressor=DTT|dose_mM=0.8525,,DTT,,0.8525000000000001,0.8525,train,3,0.1065625,ecbc7cf8b22bfce4014ecb5c983bddcf5af786218989ae3cd8e21862629d3b97
simulated_panel,interpolation,1,stressor|dose_mM,stressor,dose_mM,stressor=DTT+H2O2,stressor=DTT+H2O2|dose_mM=0.213125,,DTT+H2O2,,0.21312500000000006,0.213125,test,3,0.213125,ecbc7cf8b22bfce4014ecb5c983bddcf5af786218989ae3cd8e21862629d3b97
simulated_panel,interpolation,1,stressor|dose_mM,stressor,dose_mM,stressor=DTT+H2O2,stressor=DTT+H2O2|dose_mM=0.05328125,,DTT+H2O2,,0.05328125000000001,0.05328125,train,3,0.213125,ecbc7cf8b22bfce4014ecb5c983bddcf5af786218989ae3cd8e21862629d3b97
simulated_panel,interpolation,1,stressor|dose_mM,stressor,dose_mM,stressor=DTT+H2O2,stressor=DTT+H2O2|dose_mM=0.1065625,,DTT+H2O2,,0.10656250000000005,0.1065625,train,3,0.213125,ecbc7cf8b22bfce4014ecb5c983bddcf5af786218989ae3cd8e21862629d3b97
simulated_panel,interpolation,1,stressor|dose_mM,stressor,dose_mM,stressor=DTT+H2O2,stressor=DTT+H2O2|dose_mM=0.42625,,DTT+H2O2,,0.42625000000000013,0.42625,train,3,0.213125,ecbc7cf8b22bfce4014ecb5c983bddcf5af786218989ae3cd8e21862629d3b97
simulated_panel,interpolation,1,stressor|dose_mM,stressor,dose_mM,stressor=DTT+H2O2,stressor=DTT+H2O2|dose_mM=0.8525,,DTT+H2O2,,0.8525000000000001,0.8525,train,3,0.213125,ecbc7cf8b22bfce4014ecb5c983bddcf5af786218989ae3cd8e21862629d3b97
simulated_panel,interpolation,1,stressor|dose_mM,stressor,dose_mM,stressor=H2O2,stressor=H2O2|dose_mM=0.1375,,H2O2,,0.1375,0.1375,test,3,0.1375,ecbc7cf8b22bfce4014ecb5c983bddcf5af786218989ae3cd8e21862629d3b97
simulated_panel,interpolation,1,stressor|dose_mM,stressor,dose_mM,stressor=H2O2,stressor=H2O2|dose_mM=0.034375,,H2O2,,0.034375,0.034375,train,3,0.1375,ecbc7cf8b22bfce4014ecb5c983bddcf5af786218989ae3cd8e21862629d3b97
simulated_panel,interpolation,1,stressor|dose_mM,stressor,dose_mM,stressor=H2O2,stressor=H2O2|dose_mM=0.06875,,H2O2,,0.06875000000000002,0.06875,train,3,0.1375,ecbc7cf8b22bfce4014ecb5c983bddcf5af786218989ae3cd8e21862629d3b97
simulated_panel,interpolation,1,stressor|dose_mM,stressor,dose_mM,stressor=H2O2,stressor=H2O2|dose_mM=0.275,,H2O2,,0.27499999999999997,0.275,train,3,0.1375,ecbc7cf8b22bfce4014ecb5c983bddcf5af786218989ae3cd8e21862629d3b97
simulated_panel,interpolation,1,stressor|dose_mM,stressor,dose_mM,stressor=H2O2,stressor=H2O2|dose_mM=0.55,,H2O2,,0.55,0.55,train,3,0.1375,ecbc7cf8b22bfce4014ecb5c983bddcf5af786218989ae3cd8e21862629d3b97
simulated_panel,interpolation,1,stressor|dose_mM,stressor,dose_mM,stressor=MG132,stressor=MG132|dose_mM=33,,MG132,,33.0,33,test,3,33,ecbc7cf8b22bfce4014ecb5c983bddcf5af786218989ae3cd8e21862629d3b97
simulated_panel,interpolation,1,stressor|dose_mM,stressor,dose_mM,stressor=MG132,stressor=MG132|dose_mM=16.5,,MG132,,16.5,16.5,train,3,33,ecbc7cf8b22bfce4014ecb5c983bddcf5af786218989ae3cd8e21862629d3b97
simulated_panel,interpolation,1,stressor|dose_mM,stressor,dose_mM,stressor=MG132,stressor=MG132|dose_mM=4.125,,MG132,,4.125,4.125,train,3,33,ecbc7cf8b22bfce4014ecb5c983bddcf5af786218989ae3cd8e21862629d3b97
simulated_panel,interpolation,1,stressor|dose_mM,stressor,dose_mM,stressor=MG132,stressor=MG132|dose_mM=66,,MG132,,66.0,66,train,3,33,ecbc7cf8b22bfce4014ecb5c983bddcf5af786218989ae3cd8e21862629d3b97
simulated_panel,interpolation,1,stressor|dose_mM,stressor,dose_mM,stressor=MG132,stressor=MG132|dose_mM=8.25,,MG132,,8.25,8.25,train,3,33,ecbc7cf8b22bfce4014ecb5c983bddcf5af786218989ae3cd8e21862629d3b97
simulated_panel,interpolation,1,stressor|dose_mM,stressor,dose_mM,stressor=MMS,stressor=MMS|dose_mM=0.0165,,MMS,,0.0165,0.0165,test,3,0.0165,ecbc7cf8b22bfce4014ecb5c983bddcf5af786218989ae3cd8e21862629d3b97
simulated_panel,interpolation,1,stressor|dose_mM,stressor,dose_mM,stressor=MMS,stressor=MMS|dose_mM=0.0020625,,MMS,,0.0020625,0.0020625,train,3,0.0165,ecbc7cf8b22bfce4014ecb5c983bddcf5af786218989ae3cd8e21862629d3b97
simulated_panel,interpolation,1,stressor|dose_mM,stressor,dose_mM,stressor=MMS,stressor=MMS|dose_mM=0.004125,,MMS,,0.0041249999999999985,0.004125,train,3,0.0165,ecbc7cf8b22bfce4014ecb5c983bddcf5af786218989ae3cd8e21862629d3b97
simulated_panel,interpolation,1,stressor|dose_mM,stressor,dose_mM,stressor=MMS,stressor=MMS|dose_mM=0.00825,,MMS,,0.008249999999999999,0.00825,train,3,0.0165,ecbc7cf8b22bfce4014ecb5c983bddcf5af786218989ae3cd8e21862629d3b97
simulated_panel,interpolation,1,stressor|dose_mM,stressor,dose_mM,stressor=MMS,stressor=MMS|dose_mM=0.033,,MMS,,0.033,0.033,train,3,0.0165,ecbc7cf8b22bfce4014ecb5c983bddcf5af786218989ae3cd8e21862629d3b97
simulated_panel,interpolation,1,stressor|dose_mM,stressor,dose_mM,stressor=NaCl,stressor=NaCl|dose_mM=0.4125,,NaCl,,0.4125,0.4125,test,3,0.4125,ecbc7cf8b22bfce4014ecb5c983bddcf5af786218989ae3cd8e21862629d3b97
simulated_panel,interpolation,1,stressor|dose_mM,stressor,dose_mM,stressor=NaCl,stressor=NaCl|dose_mM=0.0515625,,NaCl,,0.051562500000000004,0.0515625,train,3,0.4125,ecbc7cf8b22bfce4014ecb5c983bddcf5af786218989ae3cd8e21862629d3b97
simulated_panel,interpolation,1,stressor|dose_mM,stressor,dose_mM,stressor=NaCl,stressor=NaCl|dose_mM=0.103125,,NaCl,,0.10312500000000002,0.103125,train,3,0.4125,ecbc7cf8b22bfce4014ecb5c983bddcf5af786218989ae3cd8e21862629d3b97
simulated_panel,interpolation,1,stressor|dose_mM,stressor,dose_mM,stressor=NaCl,stressor=NaCl|dose_mM=0.20625,,NaCl,,0.20625000000000002,0.20625,train,3,0.4125,ecbc7cf8b22bfce4014ecb5c983bddcf5af786218989ae3cd8e21862629d3b97
simulated_panel,interpolation,1,stressor|dose_mM,stressor,dose_mM,stressor=NaCl,stressor=NaCl|dose_mM=0.825,,NaCl,,0.8250000000000001,0.825,train,3,0.4125,ecbc7cf8b22bfce4014ecb5c983bddcf5af786218989ae3cd8e21862629d3b97
simulated_panel,interpolation,1,stressor|dose_mM,stressor,dose_mM,stressor=TPEN,stressor=TPEN|dose_mM=4.125,,TPEN,,4.125,4.125,test,3,4.125,ecbc7cf8b22bfce4014ecb5c983bddcf5af786218989ae3cd8e21862629d3b97
simulated_panel,interpolation,1,stressor|dose_mM,stressor,dose_mM,stressor=TPEN,stressor=TPEN|dose_mM=1.03125,,TPEN,,1.03125,1.03125,train,3,4.125,ecbc7cf8b22bfce4014ecb5c983bddcf5af786218989ae3cd8e21862629d3b97
simulated_panel,interpolation,1,stressor|dose_mM,stressor,dose_mM,stressor=TPEN,stressor=TPEN|dose_mM=16.5,,TPEN,,16.5,16.5,train,3,4.125,ecbc7cf8b22bfce4014ecb5c983bddcf5af786218989ae3cd8e21862629d3b97
simulated_panel,interpolation,1,stressor|dose_mM,stressor,dose_mM,stressor=TPEN,stressor=TPEN|dose_mM=2.0625,,TPEN,,2.0625,2.0625,train,3,4.125,ecbc7cf8b22bfce4014ecb5c983bddcf5af786218989ae3cd8e21862629d3b97
simulated_panel,interpolation,1,stressor|dose_mM,stressor,dose_mM,stressor=TPEN,stressor=TPEN|dose_mM=8.25,,TPEN,,8.249999999999998,8.25,train,3,4.125,ecbc7cf8b22bfce4014ecb5c983bddcf5af786218989ae3cd8e21862629d3b97
simulated_panel,interpolation,1,stressor|dose_mM,stressor,dose_mM,stressor=acetic_acid,stressor=acetic_acid|dose_mM=24.75,,acetic_acid,,24.750000000000004,24.75,test,3,24.75,ecbc7cf8b22bfce4014ecb5c983bddcf5af786218989ae3cd8e21862629d3b97
simulated_panel,interpolation,1,stressor|dose_mM,stressor,dose_mM,stressor=acetic_acid,stressor=acetic_acid|dose_mM=12.375,,acetic_acid,,12.375000000000002,12.375,train,3,24.75,ecbc7cf8b22bfce4014ecb5c983bddcf5af786218989ae3cd8e21862629d3b97
simulated_panel,interpolation,1,stressor|dose_mM,stressor,dose_mM,stressor=acetic_acid,stressor=acetic_acid|dose_mM=49.5,,acetic_acid,,49.49999999999999,49.5,train,3,24.75,ecbc7cf8b22bfce4014ecb5c983bddcf5af786218989ae3cd8e21862629d3b97
simulated_panel,interpolation,1,stressor|dose_mM,stressor,dose_mM,stressor=acetic_acid,stressor=acetic_acid|dose_mM=6.1875,,acetic_acid,,6.187500000000001,6.1875,train,3,24.75,ecbc7cf8b22bfce4014ecb5c983bddcf5af786218989ae3cd8e21862629d3b97
simulated_panel,interpolation,1,stressor|dose_mM,stressor,dose_mM,stressor=acetic_acid,stressor=acetic_acid|dose_mM=99,,acetic_acid,,99.00000000000001,99,train,3,24.75,ecbc7cf8b22bfce4014ecb5c983bddcf5af786218989ae3cd8e21862629d3b97
simulated_panel,interpolation,1,stressor|dose_mM,stressor,dose_mM,stressor=antimycin_A,stressor=antimycin_A|dose_mM=2.0625,,antimycin_A,,2.0625,2.0625,test,3,2.0625,ecbc7cf8b22bfce4014ecb5c983bddcf5af786218989ae3cd8e21862629d3b97
simulated_panel,interpolation,1,stressor|dose_mM,stressor,dose_mM,stressor=antimycin_A,stressor=antimycin_A|dose_mM=0.515625,,antimycin_A,,0.515625,0.515625,train,3,2.0625,ecbc7cf8b22bfce4014ecb5c983bddcf5af786218989ae3cd8e21862629d3b97
simulated_panel,interpolation,1,stressor|dose_mM,stressor,dose_mM,stressor=antimycin_A,stressor=antimycin_A|dose_mM=1.03125,,antimycin_A,,1.03125,1.03125,train,3,2.0625,ecbc7cf8b22bfce4014ecb5c983bddcf5af786218989ae3cd8e21862629d3b97
simulated_panel,interpolation,1,stressor|dose_mM,stressor,dose_mM,stressor=antimycin_A,stressor=antimycin_A|dose_mM=4.125,,antimycin_A,,4.125,4.125,train,3,2.0625,ecbc7cf8b22bfce4014ecb5c983bddcf5af786218989ae3cd8e21862629d3b97
simulated_panel,interpolation,1,stressor|dose_mM,stressor,dose_mM,stressor=antimycin_A,stressor=antimycin_A|dose_mM=8.25,,antimycin_A,,8.25,8.25,train,3,2.0625,ecbc7cf8b22bfce4014ecb5c983bddcf5af786218989ae3cd8e21862629d3b97
simulated_panel,interpolation,1,stressor|dose_mM,stressor,dose_mM,stressor=caffeine,stressor=caffeine|dose_mM=4.125,,caffeine,,4.125,4.125,test,3,4.125,ecbc7cf8b22bfce4014ecb5c983bddcf5af786218989ae3cd8e21862629d3b97
simulated_panel,interpolation,1,stressor|dose_mM,stressor,dose_mM,stressor=caffeine,stressor=caffeine|dose_mM=1.03125,,caffeine,,1.03125,1.03125,train,3,4.125,ecbc7cf8b22bfce4014ecb5c983bddcf5af786218989ae3cd8e21862629d3b97
simulated_panel,interpolation,1,stressor|dose_mM,stressor,dose_mM,stressor=caffeine,stressor=caffeine|dose_mM=16.5,,caffeine,,16.5,16.5,train,3,4.125,ecbc7cf8b22bfce4014ecb5c983bddcf5af786218989ae3cd8e21862629d3b97
simulated_panel,interpolation,1,stressor|dose_mM,stressor,dose_mM,stressor=caffeine,stressor=caffeine|dose_mM=2.0625,,caffeine,,2.0625,2.0625,train,3,4.125,ecbc7cf8b22bfce4014ecb5c983bddcf5af786218989ae3cd8e21862629d3b97
simulated_panel,interpolation,1,stressor|dose_mM,stressor,dose_mM,stressor=caffeine,stressor=caffeine|dose_mM=8.25,,caffeine,,8.249999999999998,8.25,train,3,4.125,ecbc7cf8b22bfce4014ecb5c983bddcf5af786218989ae3cd8e21862629d3b97
simulated_panel,interpolation,1,stressor|dose_mM,stressor,dose_mM,stressor=calcium_chloride,stressor=calcium_chloride|dose_mM=82.5,,calcium_chloride,,82.49999999999999,82.5,test,3,82.5,ecbc7cf8b22bfce4014ecb5c983bddcf5af786218989ae3cd8e21862629d3b97
simulated_panel,interpolation,1,stressor|dose_mM,stressor,dose_mM,stressor=calcium_chloride,stressor=calcium_chloride|dose_mM=165,,calcium_chloride,,165.0,165,train,3,82.5,ecbc7cf8b22bfce4014ecb5c983bddcf5af786218989ae3cd8e21862629d3b97
simulated_panel,interpolation,1,stressor|dose_mM,stressor,dose_mM,stressor=calcium_chloride,stressor=calcium_chloride|dose_mM=20.625,,calcium_chloride,,20.625,20.625,train,3,82.5,ecbc7cf8b22bfce4014ecb5c983bddcf5af786218989ae3cd8e21862629d3b97
simulated_panel,interpolation,1,stressor|dose_mM,stressor,dose_mM,stressor=calcium_chloride,stressor=calcium_chloride|dose_mM=330,,calcium_chloride,,330.0,330,train,3,82.5,ecbc7cf8b22bfce4014ecb5c983bddcf5af786218989ae3cd8e21862629d3b97
simulated_panel,interpolation,1,stressor|dose_mM,stressor,dose_mM,stressor=calcium_chloride,stressor=calcium_chloride|dose_mM=41.25,,calcium_chloride,,41.25000000000001,41.25,train,3,82.5,ecbc7cf8b22bfce4014ecb5c983bddcf5af786218989ae3cd8e21862629d3b97
simulated_panel,interpolation,1,stressor|dose_mM,stressor,dose_mM,stressor=cobalt_chloride,stressor=cobalt_chloride|dose_mM=0.20625,,cobalt_chloride,,0.20625000000000002,0.20625,test,3,0.20625,ecbc7cf8b22bfce4014ecb5c983bddcf5af786218989ae3cd8e21862629d3b97
simulated_panel,interpolation,1,stressor|dose_mM,stressor,dose_mM,stressor=cobalt_chloride,stressor=cobalt_chloride|dose_mM=0.103125,,cobalt_chloride,,0.10312500000000001,0.103125,train,3,0.20625,ecbc7cf8b22bfce4014ecb5c983bddcf5af786218989ae3cd8e21862629d3b97
simulated_panel,interpolation,1,stressor|dose_mM,stressor,dose_mM,stressor=cobalt_chloride,stressor=cobalt_chloride|dose_mM=0.4125,,cobalt_chloride,,0.4125000000000001,0.4125,train,3,0.20625,ecbc7cf8b22bfce4014ecb5c983bddcf5af786218989ae3cd8e21862629d3b97
simulated_panel,interpolation,1,stressor|dose_mM,stressor,dose_mM,stressor=cobalt_chloride,stressor=cobalt_chloride|dose_mM=0.825,,cobalt_chloride,,0.8250000000000001,0.825,train,3,0.20625,ecbc7cf8b22bfce4014ecb5c983bddcf5af786218989ae3cd8e21862629d3b97
simulated_panel,interpolation,1,stressor|dose_mM,stressor,dose_mM,stressor=cobalt_chloride,stressor=cobalt_chloride|dose_mM=1.65,,cobalt_chloride,,1.6500000000000001,1.65,train,3,0.20625,ecbc7cf8b22bfce4014ecb5c983bddcf5af786218989ae3cd8e21862629d3b97
simulated_panel,interpolation,1,stressor|dose_mM,stressor,dose_mM,stressor=congo_red,stressor=congo_red|dose_mM=41.25,,congo_red,,41.249999999999986,41.25,test,3,41.25,ecbc7cf8b22bfce4014ecb5c983bddcf5af786218989ae3cd8e21862629d3b97
simulated_panel,interpolation,1,stressor|dose_mM,stressor,dose_mM,stressor=congo_red,stressor=congo_red|dose_mM=10.3125,,congo_red,,10.3125,10.3125,train,3,41.25,ecbc7cf8b22bfce4014ecb5c983bddcf5af786218989ae3cd8e21862629d3b97
simulated_panel,interpolation,1,stressor|dose_mM,stressor,dose_mM,stressor=congo_red,stressor=congo_red|dose_mM=20.625,,congo_red,,20.62499999999999,20.625,train,3,41.25,ecbc7cf8b22bfce4014ecb5c983bddcf5af786218989ae3cd8e21862629d3b97
simulated_panel,interpolation,1,stressor|dose_mM,stressor,dose_mM,stressor=congo_red,stressor=congo_red|dose_mM=5.15625,,congo_red,,5.15625,5.15625,train,3,41.25,ecbc7cf8b22bfce4014ecb5c983bddcf5af786218989ae3cd8e21862629d3b97
simulated_panel,interpolation,1,stressor|dose_mM,stressor,dose_mM,stressor=congo_red,stressor=congo_red|dose_mM=82.5,,congo_red,,82.5,82.5,train,3,41.25,ecbc7cf8b22bfce4014ecb5c983bddcf5af786218989ae3cd8e21862629d3b97
simulated_panel,interpolation,1,stressor|dose_mM,stressor,dose_mM,stressor=copper_sulfate,stressor=copper_sulfate|dose_mM=0.20625,,copper_sulfate,,0.20625000000000002,0.20625,test,3,0.20625,ecbc7cf8b22bfce4014ecb5c983bddcf5af786218989ae3cd8e21862629d3b97
simulated_panel,interpolation,1,stressor|dose_mM,stressor,dose_mM,stressor=copper_sulfate,stressor=copper_sulfate|dose_mM=0.103125,,copper_sulfate,,0.10312500000000001,0.103125,train,3,0.20625,ecbc7cf8b22bfce4014ecb5c983bddcf5af786218989ae3cd8e21862629d3b97
simulated_panel,interpolation,1,stressor|dose_mM,stressor,dose_mM,stressor=copper_sulfate,stressor=copper_sulfate|dose_mM=0.4125,,copper_sulfate,,0.4125000000000001,0.4125,train,3,0.20625,ecbc7cf8b22bfce4014ecb5c983bddcf5af786218989ae3cd8e21862629d3b97
simulated_panel,interpolation,1,stressor|dose_mM,stressor,dose_mM,stressor=copper_sulfate,stressor=copper_sulfate|dose_mM=0.825,,copper_sulfate,,0.8250000000000001,0.825,train,3,0.20625,ecbc7cf8b22bfce4014ecb5c983bddcf5af786218989ae3cd8e21862629d3b97
simulated_panel,interpolation,1,stressor|dose_mM,stressor,dose_mM,stressor=copper_sulfate,stressor=copper_sulfate|dose_mM=1.65,,copper_sulfate,,1.6500000000000001,1.65,train,3,0.20625,ecbc7cf8b22bfce4014ecb5c983bddcf5af786218989ae3cd8e21862629d3b97
simulated_panel,interpolation,1,stressor|dose_mM,stressor,dose_mM,stressor=diamide,stressor=diamide|dose_mM=0.61875,,diamide,,0.6187499999999999,0.61875,test,3,0.61875,ecbc7cf8b22bfce4014ecb5c983bddcf5af786218989ae3cd8e21862629d3b97
simulated_panel,interpolation,1,stressor|dose_mM,stressor,dose_mM,stressor=diamide,stressor=diamide|dose_mM=0.1546875,,diamide,,0.1546875,0.1546875,train,3,0.61875,ecbc7cf8b22bfce4014ecb5c983bddcf5af786218989ae3cd8e21862629d3b97
simulated_panel,interpolation,1,stressor|dose_mM,stressor,dose_mM,stressor=diamide,stressor=diamide|dose_mM=0.309375,,diamide,,0.30937499999999996,0.309375,train,3,0.61875,ecbc7cf8b22bfce4014ecb5c983bddcf5af786218989ae3cd8e21862629d3b97
simulated_panel,interpolation,1,stressor|dose_mM,stressor,dose_mM,stressor=diamide,stressor=diamide|dose_mM=1.2375,,diamide,,1.2374999999999998,1.2375,train,3,0.61875,ecbc7cf8b22bfce4014ecb5c983bddcf5af786218989ae3cd8e21862629d3b97
simulated_panel,interpolation,1,stressor|dose_mM,stressor,dose_mM,stressor=diamide,stressor=diamide|dose_mM=2.475,,diamide,,2.475,2.475,train,3,0.61875,ecbc7cf8b22bfce4014ecb5c983bddcf5af786218989ae3cd8e21862629d3b97
simulated_panel,interpolation,1,stressor|dose_mM,stressor,dose_mM,stressor=fluconazole,stressor=fluconazole|dose_mM=12.375,,fluconazole,,12.375000000000002,12.375,test,3,12.375,ecbc7cf8b22bfce4014ecb5c983bddcf5af786218989ae3cd8e21862629d3b97
simulated_panel,interpolation,1,stressor|dose_mM,stressor,dose_mM,stressor=fluconazole,stressor=fluconazole|dose_mM=24.75,,fluconazole,,24.750000000000004,24.75,train,3,12.375,ecbc7cf8b22bfce4014ecb5c983bddcf5af786218989ae3cd8e21862629d3b97
simulated_panel,interpolation,1,stressor|dose_mM,stressor,dose_mM,stressor=fluconazole,stressor=fluconazole|dose_mM=3.09375,,fluconazole,,3.0937500000000004,3.09375,train,3,12.375,ecbc7cf8b22bfce4014ecb5c983bddcf5af786218989ae3cd8e21862629d3b97
simulated_panel,interpolation,1,stressor|dose_mM,stressor,dose_mM,stressor=fluconazole,stressor=fluconazole|dose_mM=49.5,,fluconazole,,49.50000000000001,49.5,train,3,12.375,ecbc7cf8b22bfce4014ecb5c983bddcf5af786218989ae3cd8e21862629d3b97
simulated_panel,interpolation,1,stressor|dose_mM,stressor,dose_mM,stressor=fluconazole,stressor=fluconazole|dose_mM=6.1875,,fluconazole,,6.187500000000001,6.1875,train,3,12.375,ecbc7cf8b22bfce4014ecb5c983bddcf5af786218989ae3cd8e21862629d3b97
simulated_panel,interpolation,1,stressor|dose_mM,stressor,dose_mM,stressor=glucose_starvation,stressor=glucose_starvation|dose_mM=0.495,,glucose_starvation,,0.49499999999999994,0.495,test,3,0.495,ecbc7cf8b22bfce4014ecb5c983bddcf5af786218989ae3cd8e21862629d3b97
simulated_panel,interpolation,1,stressor|dose_mM,stressor,dose_mM,stressor=glucose_starvation,stressor=glucose_starvation|dose_mM=0.061875,,glucose_starvation,,0.061875,0.061875,train,3,0.495,ecbc7cf8b22bfce4014ecb5c983bddcf5af786218989ae3cd8e21862629d3b97
simulated_panel,interpolation,1,stressor|dose_mM,stressor,dose_mM,stressor=glucose_starvation,stressor=glucose_starvation|dose_mM=0.12375,,glucose_starvation,,0.12375,0.12375,train,3,0.495,ecbc7cf8b22bfce4014ecb5c983bddcf5af786218989ae3cd8e21862629d3b97
simulated_panel,interpolation,1,stressor|dose_mM,stressor,dose_mM,stressor=glucose_starvation,stressor=glucose_starvation|dose_mM=0.2475,,glucose_starvation,,0.2475,0.2475,train,3,0.495,ecbc7cf8b22bfce4014ecb5c983bddcf5af786218989ae3cd8e21862629d3b97
simulated_panel,interpolation,1,stressor|dose_mM,stressor,dose_mM,stressor=glucose_starvation,stressor=glucose_starvation|dose_mM=0.99,,glucose_starvation,,0.99,0.99,train,3,0.495,ecbc7cf8b22bfce4014ecb5c983bddcf5af786218989ae3cd8e21862629d3b97
simulated_panel,interpolation,1,stressor|dose_mM,stressor,dose_mM,stressor=heat,stressor=heat|dose_mM=2.475,,heat,,2.475,2.475,test,3,2.475,ecbc7cf8b22bfce4014ecb5c983bddcf5af786218989ae3cd8e21862629d3b97
simulated_panel,interpolation,1,stressor|dose_mM,stressor,dose_mM,stressor=heat,stressor=heat|dose_mM=0.61875,,heat,,0.61875,0.61875,train,3,2.475,ecbc7cf8b22bfce4014ecb5c983bddcf5af786218989ae3cd8e21862629d3b97
simulated_panel,interpolation,1,stressor|dose_mM,stressor,dose_mM,stressor=heat,stressor=heat|dose_mM=1.2375,,heat,,1.2375,1.2375,train,3,2.475,ecbc7cf8b22bfce4014ecb5c983bddcf5af786218989ae3cd8e21862629d3b97
simulated_panel,interpolation,1,stressor|dose_mM,stressor,dose_mM,stressor=heat,stressor=heat|dose_mM=4.95,,heat,,4.949999999999999,4.95,train,3,2.475,ecbc7cf8b22bfce4014ecb5c983bddcf5af786218989ae3cd8e21862629d3b97
simulated_panel,interpolation,1,stressor|dose_mM,stressor,dose_mM,stressor=heat,stressor=heat|dose_mM=9.9,,heat,,9.9,9.9,train,3,2.475,ecbc7cf8b22bfce4014ecb5c983bddcf5af786218989ae3cd8e21862629d3b97
simulated_panel,interpolation,1,stressor|dose_mM,stressor,dose_mM,stressor=hydroxyurea,stressor=hydroxyurea|dose_mM=82.5,,hydroxyurea,,82.49999999999999,82.5,test,3,82.5,ecbc7cf8b22bfce4014ecb5c983bddcf5af786218989ae3cd8e21862629d3b97
simulated_panel,interpolation,1,stressor|dose_mM,stressor,dose_mM,stressor=hydroxyurea,stressor=hydroxyurea|dose_mM=10.3125,,hydroxyurea,,10.3125,10.3125,train,3,82.5,ecbc7cf8b22bfce4014ecb5c983bddcf5af786218989ae3cd8e21862629d3b97
simulated_panel,interpolation,1,stressor|dose_mM,stressor,dose_mM,stressor=hydroxyurea,stressor=hydroxyurea|dose_mM=165,,hydroxyurea,,165.0,165,train,3,82.5,ecbc7cf8b22bfce4014ecb5c983bddcf5af786218989ae3cd8e21862629d3b97
simulated_panel,interpolation,1,stressor|dose_mM,stressor,dose_mM,stressor=hydroxyurea,stressor=hydroxyurea|dose_mM=20.625,,hydroxyurea,,20.625,20.625,train,3,82.5,ecbc7cf8b22bfce4014ecb5c983bddcf5af786218989ae3cd8e21862629d3b97
simulated_panel,interpolation,1,stressor|dose_mM,stressor,dose_mM,stressor=hydroxyurea,stressor=hydroxyurea|dose_mM=41.25,,hydroxyurea,,41.249999999999986,41.25,train,3,82.5,ecbc7cf8b22bfce4014ecb5c983bddcf5af786218989ae3cd8e21862629d3b97
simulated_panel,interpolation,1,stressor|dose_mM,stressor,dose_mM,stressor=menadione,stressor=menadione|dose_mM=41.25,,menadione,,41.249999999999986,41.25,test,3,41.25,ecbc7cf8b22bfce4014ecb5c983bddcf5af786218989ae3cd8e21862629d3b97
simulated_panel,interpolation,1,stressor|dose_mM,stressor,dose_mM,stressor=menadione,stressor=menadione|dose_mM=10.3125,,menadione,,10.3125,10.3125,train,3,41.25,ecbc7cf8b22bfce4014ecb5c983bddcf5af786218989ae3cd8e21862629d3b97
simulated_panel,interpolation,1,stressor|dose_mM,stressor,dose_mM,stressor=menadione,stressor=menadione|dose_mM=165,,menadione,,165.0,165,train,3,41.25,ecbc7cf8b22bfce4014ecb5c983bddcf5af786218989ae3cd8e21862629d3b97
simulated_panel,interpolation,1,stressor|dose_mM,stressor,dose_mM,stressor=menadione,stressor=menadione|dose_mM=20.625,,menadione,,20.625,20.625,train,3,41.25,ecbc7cf8b22bfce4014ecb5c983bddcf5af786218989ae3cd8e21862629d3b97
simulated_panel,interpolation,1,stressor|dose_mM,stressor,dose_mM,stressor=menadione,stressor=menadione|dose_mM=82.5,,menadione,,82.49999999999999,82.5,train,3,41.25,ecbc7cf8b22bfce4014ecb5c983bddcf5af786218989ae3cd8e21862629d3b97
simulated_panel,interpolation,1,stressor|dose_mM,stressor,dose_mM,stressor=methionine_starvation,stressor=methionine_starvation|dose_mM=0.33,,methionine_starvation,,0.3300000000000001,0.33,test,3,0.33,ecbc7cf8b22bfce4014ecb5c983bddcf5af786218989ae3cd8e21862629d3b97
simulated_panel,interpolation,1,stressor|dose_mM,stressor,dose_mM,stressor=methionine_starvation,stressor=methionine_starvation|dose_mM=0.0825,,methionine_starvation,,0.08250000000000002,0.0825,train,3,0.33,ecbc7cf8b22bfce4014ecb5c983bddcf5af786218989ae3cd8e21862629d3b97
simulated_panel,interpolation,1,stressor|dose_mM,stressor,dose_mM,stressor=methionine_starvation,stressor=methionine_starvation|dose_mM=0.165,,methionine_starvation,,0.1650000000000001,0.165,train,3,0.33,ecbc7cf8b22bfce4014ecb5c983bddcf5af786218989ae3cd8e21862629d3b97
simulated_panel,interpolation,1,stressor|dose_mM,stressor,dose_mM,stressor=methionine_starvation,stressor=methionine_starvation|dose_mM=0.66,,methionine_starvation,,0.6600000000000001,0.66,train,3,0.33,ecbc7cf8b22bfce4014ecb5c983bddcf5af786218989ae3cd8e21862629d3b97
simulated_panel,interpolation,1,stressor|dose_mM,stressor,dose_mM,stressor=methionine_starvation,stressor=methionine_starvation|dose_mM=1.32,,methionine_starvation,,1.3200000000000003,1.32,train,3,0.33,ecbc7cf8b22bfce4014ecb5c983bddcf5af786218989ae3cd8e21862629d3b97
simulated_panel,interpolation,1,stressor|dose_mM,stressor,dose_mM,stressor=rapamycin,stressor=rapamycin|dose_mM=16.5,,rapamycin,,16.5,16.5,test,3,16.5,ecbc7cf8b22bfce4014ecb5c983bddcf5af786218989ae3cd8e21862629d3b97
simulated_panel,interpolation,1,stressor|dose_mM,stressor,dose_mM,stressor=rapamycin,stressor=rapamycin|dose_mM=2.0625,,rapamycin,,2.0625,2.0625,train,3,16.5,ecbc7cf8b22bfce4014ecb5c983bddcf5af786218989ae3cd8e21862629d3b97
simulated_panel,interpolation,1,stressor|dose_mM,stressor,dose_mM,stressor=rapamycin,stressor=rapamycin|dose_mM=33,,rapamycin,,33.0,33,train,3,16.5,ecbc7cf8b22bfce4014ecb5c983bddcf5af786218989ae3cd8e21862629d3b97
simulated_panel,interpolation,1,stressor|dose_mM,stressor,dose_mM,stressor=rapamycin,stressor=rapamycin|dose_mM=4.125,,rapamycin,,4.125,4.125,train,3,16.5,ecbc7cf8b22bfce4014ecb5c983bddcf5af786218989ae3cd8e21862629d3b97
simulated_panel,interpolation,1,stressor|dose_mM,stressor,dose_mM,stressor=rapamycin,stressor=rapamycin|dose_mM=8.25,,rapamycin,,8.249999999999998,8.25,train,3,16.5,ecbc7cf8b22bfce4014ecb5c983bddcf5af786218989ae3cd8e21862629d3b97
simulated_panel,interpolation,1,stressor|dose_mM,stressor,dose_mM,stressor=sodium_hydroxide,stressor=sodium_hydroxide|dose_mM=2.475,,sodium_hydroxide,,2.475,2.475,test,3,2.475,ecbc7cf8b22bfce4014ecb5c983bddcf5af786218989ae3cd8e21862629d3b97
simulated_panel,interpolation,1,stressor|dose_mM,stressor,dose_mM,stressor=sodium_hydroxide,stressor=sodium_hydroxide|dose_mM=0.309375,,sodium_hydroxide,,0.309375,0.309375,train,3,2.475,ecbc7cf8b22bfce4014ecb5c983bddcf5af786218989ae3cd8e21862629d3b97
simulated_panel,interpolation,1,stressor|dose_mM,stressor,dose_mM,stressor=sodium_hydroxide,stressor=sodium_hydroxide|dose_mM=0.61875,,sodium_hydroxide,,0.61875,0.61875,train,3,2.475,ecbc7cf8b22bfce4014ecb5c983bddcf5af786218989ae3cd8e21862629d3b97
simulated_panel,interpolation,1,stressor|dose_mM,stressor,dose_mM,stressor=sodium_hydroxide,stressor=sodium_hydroxide|dose_mM=1.2375,,sodium_hydroxide,,1.2375,1.2375,train,3,2.475,ecbc7cf8b22bfce4014ecb5c983bddcf5af786218989ae3cd8e21862629d3b97
simulated_panel,interpolation,1,stressor|dose_mM,stressor,dose_mM,stressor=sodium_hydroxide,stressor=sodium_hydroxide|dose_mM=4.95,,sodium_hydroxide,,4.95,4.95,train,3,2.475,ecbc7cf8b22bfce4014ecb5c983bddcf5af786218989ae3cd8e21862629d3b97
simulated_panel,interpolation,1,stressor|dose_mM,stressor,dose_mM,stressor=sorbitol,stressor=sorbitol|dose_mM=0.4125,,sorbitol,,0.4125000000000001,0.4125,test,3,0.4125,ecbc7cf8b22bfce4014ecb5c983bddcf5af786218989ae3cd8e21862629d3b97
simulated_panel,interpolation,1,stressor|dose_mM,stressor,dose_mM,stressor=sorbitol,stressor=sorbitol|dose_mM=0.103125,,sorbitol,,0.10312500000000001,0.103125,train,3,0.4125,ecbc7cf8b22bfce4014ecb5c983bddcf5af786218989ae3cd8e21862629d3b97
simulated_panel,interpolation,1,stressor|dose_mM,stressor,dose_mM,stressor=sorbitol,stressor=sorbitol|dose_mM=0.20625,,sorbitol,,0.20625000000000002,0.20625,train,3,0.4125,ecbc7cf8b22bfce4014ecb5c983bddcf5af786218989ae3cd8e21862629d3b97
simulated_panel,interpolation,1,stressor|dose_mM,stressor,dose_mM,stressor=sorbitol,stressor=sorbitol|dose_mM=0.825,,sorbitol,,0.8250000000000001,0.825,train,3,0.4125,ecbc7cf8b22bfce4014ecb5c983bddcf5af786218989ae3cd8e21862629d3b97
simulated_panel,interpolation,1,stressor|dose_mM,stressor,dose_mM,stressor=sorbitol,stressor=sorbitol|dose_mM=1.65,,sorbitol,,1.6500000000000001,1.65,train,3,0.4125,ecbc7cf8b22bfce4014ecb5c983bddcf5af786218989ae3cd8e21862629d3b97
simulated_panel,interpolation,1,stressor|dose_mM,stressor,dose_mM,stressor=tunicamycin,stressor=tunicamycin|dose_mM=0.20625,,tunicamycin,,0.20625000000000002,0.20625,test,3,0.20625,ecbc7cf8b22bfce4014ecb5c983bddcf5af786218989ae3cd8e21862629d3b97
simulated_panel,interpolation,1,stressor|dose_mM,stressor,dose_mM,stressor=tunicamycin,stressor=tunicamycin|dose_mM=0.103125,,tunicamycin,,0.10312500000000001,0.103125,train,3,0.20625,ecbc7cf8b22bfce4014ecb5c983bddcf5af786218989ae3cd8e21862629d3b97
simulated_panel,interpolation,1,stressor|dose_mM,stressor,dose_mM,stressor=tunicamycin,stressor=tunicamycin|dose_mM=0.4125,,tunicamycin,,0.4125000000000001,0.4125,train,3,0.20625,ecbc7cf8b22bfce4014ecb5c983bddcf5af786218989ae3cd8e21862629d3b97
simulated_panel,interpolation,1,stressor|dose_mM,stressor,dose_mM,stressor=tunicamycin,stressor=tunicamycin|dose_mM=0.825,,tunicamycin,,0.8250000000000001,0.825,train,3,0.20625,ecbc7cf8b22bfce4014ecb5c983bddcf5af786218989ae3cd8e21862629d3b97
simulated_panel,interpolation,1,stressor|dose_mM,stressor,dose_mM,stressor=tunicamycin,stressor=tunicamycin|dose_mM=1.65,,tunicamycin,,1.6500000000000001,1.65,train,3,0.20625,ecbc7cf8b22bfce4014ecb5c983bddcf5af786218989ae3cd8e21862629d3b97
simulated_panel,interpolation,2,stressor|dose_mM,stressor,dose_mM,stressor=BPS,stressor=BPS|dose_mM=20.625,,BPS,,20.62499999999999,20.625,test,3,20.625,cf4c314897ac931ee67ea345f571946ce9d64ba4acfb71832737d4511459d668
simulated_panel,interpolation,2,stressor|dose_mM,stressor,dose_mM,stressor=BPS,stressor=BPS|dose_mM=10.3125,,BPS,,10.3125,10.3125,train,3,20.625,cf4c314897ac931ee67ea345f571946ce9d64ba4acfb71832737d4511459d668
simulated_panel,interpolation,2,stressor|dose_mM,stressor,dose_mM,stressor=BPS,stressor=BPS|dose_mM=41.25,,BPS,,41.249999999999986,41.25,train,3,20.625,cf4c314897ac931ee67ea345f571946ce9d64ba4acfb71832737d4511459d668
simulated_panel,interpolation,2,stressor|dose_mM,stressor,dose_mM,stressor=BPS,stressor=BPS|dose_mM=5.15625,,BPS,,5.15625,5.15625,train,3,20.625,cf4c314897ac931ee67ea345f571946ce9d64ba4acfb71832737d4511459d668
simulated_panel,interpolation,2,stressor|dose_mM,stressor,dose_mM,stressor=BPS,stressor=BPS|dose_mM=82.5,,BPS,,82.5,82.5,train,3,20.625,cf4c314897ac931ee67ea345f571946ce9d64ba4acfb71832737d4511459d668
simulated_panel,interpolation,2,stressor|dose_mM,stressor,dose_mM,stressor=DTT,stressor=DTT|dose_mM=0.1065625,,DTT,,0.10656250000000005,0.1065625,test,3,0.1065625,cf4c314897ac931ee67ea345f571946ce9d64ba4acfb71832737d4511459d668
simulated_panel,interpolation,2,stressor|dose_mM,stressor,dose_mM,stressor=DTT,stressor=DTT|dose_mM=0.05328125,,DTT,,0.05328125000000001,0.05328125,train,3,0.1065625,cf4c314897ac931ee67ea345f571946ce9d64ba4acfb71832737d4511459d668
simulated_panel,interpolation,2,stressor|dose_mM,stressor,dose_mM,stressor=DTT,stressor=DTT|dose_mM=0.213125,,DTT,,0.21312500000000006,0.213125,train,3,0.1065625,cf4c314897ac931ee67ea345f571946ce9d64ba4acfb71832737d4511459d668
simulated_panel,interpolation,2,stressor|dose_mM,stressor,dose_mM,stressor=DTT,stressor=DTT|dose_mM=0.42625,,DTT,,0.42625000000000013,0.42625,train,3,0.1065625,cf4c314897ac931ee67ea345f571946ce9d64ba4acfb71832737d4511459d668
simulated_panel,interpolation,2,stressor|dose_mM,stressor,dose_mM,stressor=DTT,stressor=DTT|dose_mM=0.8525,,DTT,,0.8525000000000001,0.8525,train,3,0.1065625,cf4c314897ac931ee67ea345f571946ce9d64ba4acfb71832737d4511459d668
simulated_panel,interpolation,2,stressor|dose_mM,stressor,dose_mM,stressor=DTT+H2O2,stressor=DTT+H2O2|dose_mM=0.213125,,DTT+H2O2,,0.21312500000000006,0.213125,test,3,0.213125,cf4c314897ac931ee67ea345f571946ce9d64ba4acfb71832737d4511459d668
simulated_panel,interpolation,2,stressor|dose_mM,stressor,dose_mM,stressor=DTT+H2O2,stressor=DTT+H2O2|dose_mM=0.05328125,,DTT+H2O2,,0.05328125000000001,0.05328125,train,3,0.213125,cf4c314897ac931ee67ea345f571946ce9d64ba4acfb71832737d4511459d668
simulated_panel,interpolation,2,stressor|dose_mM,stressor,dose_mM,stressor=DTT+H2O2,stressor=DTT+H2O2|dose_mM=0.1065625,,DTT+H2O2,,0.10656250000000005,0.1065625,train,3,0.213125,cf4c314897ac931ee67ea345f571946ce9d64ba4acfb71832737d4511459d668
simulated_panel,interpolation,2,stressor|dose_mM,stressor,dose_mM,stressor=DTT+H2O2,stressor=DTT+H2O2|dose_mM=0.42625,,DTT+H2O2,,0.42625000000000013,0.42625,train,3,0.213125,cf4c314897ac931ee67ea345f571946ce9d64ba4acfb71832737d4511459d668
simulated_panel,interpolation,2,stressor|dose_mM,stressor,dose_mM,stressor=DTT+H2O2,stressor=DTT+H2O2|dose_mM=0.8525,,DTT+H2O2,,0.8525000000000001,0.8525,train,3,0.213125,cf4c314897ac931ee67ea345f571946ce9d64ba4acfb71832737d4511459d668
simulated_panel,interpolation,2,stressor|dose_mM,stressor,dose_mM,stressor=H2O2,stressor=H2O2|dose_mM=0.1375,,H2O2,,0.1375,0.1375,test,3,0.1375,cf4c314897ac931ee67ea345f571946ce9d64ba4acfb71832737d4511459d668
simulated_panel,interpolation,2,stressor|dose_mM,stressor,dose_mM,stressor=H2O2,stressor=H2O2|dose_mM=0.034375,,H2O2,,0.034375,0.034375,train,3,0.1375,cf4c314897ac931ee67ea345f571946ce9d64ba4acfb71832737d4511459d668
simulated_panel,interpolation,2,stressor|dose_mM,stressor,dose_mM,stressor=H2O2,stressor=H2O2|dose_mM=0.06875,,H2O2,,0.06875000000000002,0.06875,train,3,0.1375,cf4c314897ac931ee67ea345f571946ce9d64ba4acfb71832737d4511459d668
simulated_panel,interpolation,2,stressor|dose_mM,stressor,dose_mM,stressor=H2O2,stressor=H2O2|dose_mM=0.275,,H2O2,,0.27499999999999997,0.275,train,3,0.1375,cf4c314897ac931ee67ea345f571946ce9d64ba4acfb71832737d4511459d668
simulated_panel,interpolation,2,stressor|dose_mM,stressor,dose_mM,stressor=H2O2,stressor=H2O2|dose_mM=0.55,,H2O2,,0.55,0.55,train,3,0.1375,cf4c314897ac931ee67ea345f571946ce9d64ba4acfb71832737d4511459d668
simulated_panel,interpolation,2,stressor|dose_mM,stressor,dose_mM,stressor=MG132,stressor=MG132|dose_mM=8.25,,MG132,,8.25,8.25,test,3,8.25,cf4c314897ac931ee67ea345f571946ce9d64ba4acfb71832737d4511459d668
simulated_panel,interpolation,2,stressor|dose_mM,stressor,dose_mM,stressor=MG132,stressor=MG132|dose_mM=16.5,,MG132,,16.5,16.5,train,3,8.25,cf4c314897ac931ee67ea345f571946ce9d64ba4acfb71832737d4511459d668
simulated_panel,interpolation,2,stressor|dose_mM,stressor,dose_mM,stressor=MG132,stressor=MG132|dose_mM=33,,MG132,,33.0,33,train,3,8.25,cf4c314897ac931ee67ea345f571946ce9d64ba4acfb71832737d4511459d668
simulated_panel,interpolation,2,stressor|dose_mM,stressor,dose_mM,stressor=MG132,stressor=MG132|dose_mM=4.125,,MG132,,4.125,4.125,train,3,8.25,cf4c314897ac931ee67ea345f571946ce9d64ba4acfb71832737d4511459d668
simulated_panel,interpolation,2,stressor|dose_mM,stressor,dose_mM,stressor=MG132,stressor=MG132|dose_mM=66,,MG132,,66.0,66,train,3,8.25,cf4c314897ac931ee67ea345f571946ce9d64ba4acfb71832737d4511459d668
simulated_panel,interpolation,2,stressor|dose_mM,stressor,dose_mM,stressor=MMS,stressor=MMS|dose_mM=0.00825,,MMS,,0.008249999999999999,0.00825,test,3,0.00825,cf4c314897ac931ee67ea345f571946ce9d64ba4acfb71832737d4511459d668
simulated_panel,interpolation,2,stressor|dose_mM,stressor,dose_mM,stressor=MMS,stressor=MMS|dose_mM=0.0020625,,MMS,,0.0020625,0.0020625,train,3,0.00825,cf4c314897ac931ee67ea345f571946ce9d64ba4acfb71832737d4511459d668
simulated_panel,interpolation,2,stressor|dose_mM,stressor,dose_mM,stressor=MMS,stressor=MMS|dose_mM=0.004125,,MMS,,0.0041249999999999985,0.004125,train,3,0.00825,cf4c314897ac931ee67ea345f571946ce9d64ba4acfb71832737d4511459d668
simulated_panel,interpolation,2,stressor|dose_mM,stressor,dose_mM,stressor=MMS,stressor=MMS|dose_mM=0.0165,,MMS,,0.0165,0.0165,train,3,0.00825,cf4c314897ac931ee67ea345f571946ce9d64ba4acfb71832737d4511459d668
simulated_panel,interpolation,2,stressor|dose_mM,stressor,dose_mM,stressor=MMS,stressor=MMS|dose_mM=0.033,,MMS,,0.033,0.033,train,3,0.00825,cf4c314897ac931ee67ea345f571946ce9d64ba4acfb71832737d4511459d668
simulated_panel,interpolation,2,stressor|dose_mM,stressor,dose_mM,stressor=NaCl,stressor=NaCl|dose_mM=0.4125,,NaCl,,0.4125,0.4125,test,3,0.4125,cf4c314897ac931ee67ea345f571946ce9d64ba4acfb71832737d4511459d668
simulated_panel,interpolation,2,stressor|dose_mM,stressor,dose_mM,stressor=NaCl,stressor=NaCl|dose_mM=0.0515625,,NaCl,,0.051562500000000004,0.0515625,train,3,0.4125,cf4c314897ac931ee67ea345f571946ce9d64ba4acfb71832737d4511459d668
simulated_panel,interpolation,2,stressor|dose_mM,stressor,dose_mM,stressor=NaCl,stressor=NaCl|dose_mM=0.103125,,NaCl,,0.10312500000000002,0.103125,train,3,0.4125,cf4c314897ac931ee67ea345f571946ce9d64ba4acfb71832737d4511459d668
simulated_panel,interpolation,2,stressor|dose_mM,stressor,dose_mM,stressor=NaCl,stressor=NaCl|dose_mM=0.20625,,NaCl,,0.20625000000000002,0.20625,train,3,0.4125,cf4c314897ac931ee67ea345f571946ce9d64ba4acfb71832737d4511459d668
simulated_panel,interpolation,2,stressor|dose_mM,stressor,dose_mM,stressor=NaCl,stressor=NaCl|dose_mM=0.825,,NaCl,,0.8250000000000001,0.825,train,3,0.4125,cf4c314897ac931ee67ea345f571946ce9d64ba4acfb71832737d4511459d668
simulated_panel,interpolation,2,stressor|dose_mM,stressor,dose_mM,stressor=TPEN,stressor=TPEN|dose_mM=2.0625,,TPEN,,2.0625,2.0625,test,3,2.0625,cf4c314897ac931ee67ea345f571946ce9d64ba4acfb71832737d4511459d668
simulated_panel,interpolation,2,stressor|dose_mM,stressor,dose_mM,stressor=TPEN,stressor=TPEN|dose_mM=1.03125,,TPEN,,1.03125,1.03125,train,3,2.0625,cf4c314897ac931ee67ea345f571946ce9d64ba4acfb71832737d4511459d668
simulated_panel,interpolation,2,stressor|dose_mM,stressor,dose_mM,stressor=TPEN,stressor=TPEN|dose_mM=16.5,,TPEN,,16.5,16.5,train,3,2.0625,cf4c314897ac931ee67ea345f571946ce9d64ba4acfb71832737d4511459d668
simulated_panel,interpolation,2,stressor|dose_mM,stressor,dose_mM,stressor=TPEN,stressor=TPEN|dose_mM=4.125,,TPEN,,4.125,4.125,train,3,2.0625,cf4c314897ac931ee67ea345f571946ce9d64ba4acfb71832737d4511459d668
simulated_panel,interpolation,2,stressor|dose_mM,stressor,dose_mM,stressor=TPEN,stressor=TPEN|dose_mM=8.25,,TPEN,,8.249999999999998,8.25,train,3,2.0625,cf4c314897ac931ee67ea345f571946ce9d64ba4acfb71832737d4511459d668
simulated_panel,interpolation,2,stressor|dose_mM,stressor,dose_mM,stressor=acetic_acid,stressor=acetic_acid|dose_mM=49.5,,acetic_acid,,49.49999999999999,49.5,test,3,49.5,cf4c314897ac931ee67ea345f571946ce9d64ba4acfb71832737d4511459d668
simulated_panel,interpolation,2,stressor|dose_mM,stressor,dose_mM,stressor=acetic_acid,stressor=acetic_acid|dose_mM=12.375,,acetic_acid,,12.375000000000002,12.375,train,3,49.5,cf4c314897ac931ee67ea345f571946ce9d64ba4acfb71832737d4511459d668
simulated_panel,interpolation,2,stressor|dose_mM,stressor,dose_mM,stressor=acetic_acid,stressor=acetic_acid|dose_mM=24.75,,acetic_acid,,24.750000000000004,24.75,train,3,49.5,cf4c314897ac931ee67ea345f571946ce9d64ba4acfb71832737d4511459d668
simulated_panel,interpolation,2,stressor|dose_mM,stressor,dose_mM,stressor=acetic_acid,stressor=acetic_acid|dose_mM=6.1875,,acetic_acid,,6.187500000000001,6.1875,train,3,49.5,cf4c314897ac931ee67ea345f571946ce9d64ba4acfb71832737d4511459d668
simulated_panel,interpolation,2,stressor|dose_mM,stressor,dose_mM,stressor=acetic_acid,stressor=acetic_acid|dose_mM=99,,acetic_acid,,99.00000000000001,99,train,3,49.5,cf4c314897ac931ee67ea345f571946ce9d64ba4acfb71832737d4511459d668
simulated_panel,interpolation,2,stressor|dose_mM,stressor,dose_mM,stressor=antimycin_A,stressor=antimycin_A|dose_mM=4.125,,antimycin_A,,4.125,4.125,test,3,4.125,cf4c314897ac931ee67ea345f571946ce9d64ba4acfb71832737d4511459d668
simulated_panel,interpolation,2,stressor|dose_mM,stressor,dose_mM,stressor=antimycin_A,stressor=antimycin_A|dose_mM=0.515625,,antimycin_A,,0.515625,0.515625,train,3,4.125,cf4c314897ac931ee67ea345f571946ce9d64ba4acfb71832737d4511459d668
simulated_panel,interpolation,2,stressor|dose_mM,stressor,dose_mM,stressor=antimycin_A,stressor=antimycin_A|dose_mM=1.03125,,antimycin_A,,1.03125,1.03125,train,3,4.125,cf4c314897ac931ee67ea345f571946ce9d64ba4acfb71832737d4511459d668
simulated_panel,interpolation,2,stressor|dose_mM,stressor,dose_mM,stressor=antimycin_A,stressor=antimycin_A|dose_mM=2.0625,,antimycin_A,,2.0625,2.0625,train,3,4.125,cf4c314897ac931ee67ea345f571946ce9d64ba4acfb71832737d4511459d668
simulated_panel,interpolation,2,stressor|dose_mM,stressor,dose_mM,stressor=antimycin_A,stressor=antimycin_A|dose_mM=8.25,,antimycin_A,,8.25,8.25,train,3,4.125,cf4c314897ac931ee67ea345f571946ce9d64ba4acfb71832737d4511459d668
simulated_panel,interpolation,2,stressor|dose_mM,stressor,dose_mM,stressor=caffeine,stressor=caffeine|dose_mM=2.0625,,caffeine,,2.0625,2.0625,test,3,2.0625,cf4c314897ac931ee67ea345f571946ce9d64ba4acfb71832737d4511459d668
simulated_panel,interpolation,2,stressor|dose_mM,stressor,dose_mM,stressor=caffeine,stressor=caffeine|dose_mM=1.03125,,caffeine,,1.03125,1.03125,train,3,2.0625,cf4c314897ac931ee67ea345f571946ce9d64ba4acfb71832737d4511459d668
simulated_panel,interpolation,2,stressor|dose_mM,stressor,dose_mM,stressor=caffeine,stressor=caffeine|dose_mM=16.5,,caffeine,,16.5,16.5,train,3,2.0625,cf4c314897ac931ee67ea345f571946ce9d64ba4acfb71832737d4511459d668
simulated_panel,interpolation,2,stressor|dose_mM,stressor,dose_mM,stressor=caffeine,stressor=caffeine|dose_mM=4.125,,caffeine,,4.125,4.125,train,3,2.0625,cf4c314897ac931ee67ea345f571946ce9d64ba4acfb71832737d4511459d668
simulated_panel,interpolation,2,stressor|dose_mM,stressor,dose_mM,stressor=caffeine,stressor=caffeine|dose_mM=8.25,,caffeine,,8.249999999999998,8.25,train,3,2.0625,cf4c314897ac931ee67ea345f571946ce9d64ba4acfb71832737d4511459d668
simulated_panel,interpolation,2,stressor|dose_mM,stressor,dose_mM,stressor=calcium_chloride,stressor=calcium_chloride|dose_mM=41.25,,calcium_chloride,,41.25000000000001,41.25,test,3,41.25,cf4c314897ac931ee67ea345f571946ce9d64ba4acfb71832737d4511459d668
simulated_panel,interpolation,2,stressor|dose_mM,stressor,dose_mM,stressor=calcium_chloride,stressor=calcium_chloride|dose_mM=165,,calcium_chloride,,165.0,165,train,3,41.25,cf4c314897ac931ee67ea345f571946ce9d64ba4acfb71832737d4511459d668
simulated_panel,interpolation,2,stressor|dose_mM,stressor,dose_mM,stressor=calcium_chloride,stressor=calcium_chloride|dose_mM=20.625,,calcium_chloride,,20.625,20.625,train,3,41.25,cf4c314897ac931ee67ea345f571946ce9d64ba4acfb71832737d4511459d668
simulated_panel,interpolation,2,stressor|dose_mM,stressor,dose_mM,stressor=calcium_chloride,stressor=calcium_chloride|dose_mM=330,,calcium_chloride,,330.0,330,train,3,41.25,cf4c314897ac931ee67ea345f571946ce9d64ba4acfb71832737d4511459d668
simulated_panel,interpolation,2,stressor|dose_mM,stressor,dose_mM,stressor=calcium_chloride,stressor=calcium_chloride|dose_mM=82.5,,calcium_chloride,,82.49999999999999,82.5,train,3,41.25,cf4c314897ac931ee67ea345f571946ce9d64ba4acfb71832737d4511459d668
simulated_panel,interpolation,2,stressor|dose_mM,stressor,dose_mM,stressor=cobalt_chloride,stressor=cobalt_chloride|dose_mM=0.20625,,cobalt_chloride,,0.20625000000000002,0.20625,test,3,0.20625,cf4c314897ac931ee67ea345f571946ce9d64ba4acfb71832737d4511459d668
simulated_panel,interpolation,2,stressor|dose_mM,stressor,dose_mM,stressor=cobalt_chloride,stressor=cobalt_chloride|dose_mM=0.103125,,cobalt_chloride,,0.10312500000000001,0.103125,train,3,0.20625,cf4c314897ac931ee67ea345f571946ce9d64ba4acfb71832737d4511459d668
simulated_panel,interpolation,2,stressor|dose_mM,stressor,dose_mM,stressor=cobalt_chloride,stressor=cobalt_chloride|dose_mM=0.4125,,cobalt_chloride,,0.4125000000000001,0.4125,train,3,0.20625,cf4c314897ac931ee67ea345f571946ce9d64ba4acfb71832737d4511459d668
simulated_panel,interpolation,2,stressor|dose_mM,stressor,dose_mM,stressor=cobalt_chloride,stressor=cobalt_chloride|dose_mM=0.825,,cobalt_chloride,,0.8250000000000001,0.825,train,3,0.20625,cf4c314897ac931ee67ea345f571946ce9d64ba4acfb71832737d4511459d668
simulated_panel,interpolation,2,stressor|dose_mM,stressor,dose_mM,stressor=cobalt_chloride,stressor=cobalt_chloride|dose_mM=1.65,,cobalt_chloride,,1.6500000000000001,1.65,train,3,0.20625,cf4c314897ac931ee67ea345f571946ce9d64ba4acfb71832737d4511459d668
simulated_panel,interpolation,2,stressor|dose_mM,stressor,dose_mM,stressor=congo_red,stressor=congo_red|dose_mM=41.25,,congo_red,,41.249999999999986,41.25,test,3,41.25,cf4c314897ac931ee67ea345f571946ce9d64ba4acfb71832737d4511459d668
simulated_panel,interpolation,2,stressor|dose_mM,stressor,dose_mM,stressor=congo_red,stressor=congo_red|dose_mM=10.3125,,congo_red,,10.3125,10.3125,train,3,41.25,cf4c314897ac931ee67ea345f571946ce9d64ba4acfb71832737d4511459d668
simulated_panel,interpolation,2,stressor|dose_mM,stressor,dose_mM,stressor=congo_red,stressor=congo_red|dose_mM=20.625,,congo_red,,20.62499999999999,20.625,train,3,41.25,cf4c314897ac931ee67ea345f571946ce9d64ba4acfb71832737d4511459d668
simulated_panel,interpolation,2,stressor|dose_mM,stressor,dose_mM,stressor=congo_red,stressor=congo_red|dose_mM=5.15625,,congo_red,,5.15625,5.15625,train,3,41.25,cf4c314897ac931ee67ea345f571946ce9d64ba4acfb71832737d4511459d668
simulated_panel,interpolation,2,stressor|dose_mM,stressor,dose_mM,stressor=congo_red,stressor=congo_red|dose_mM=82.5,,congo_red,,82.5,82.5,train,3,41.25,cf4c314897ac931ee67ea345f571946ce9d64ba4acfb71832737d4511459d668
simulated_panel,interpolation,2,stressor|dose_mM,stressor,dose_mM,stressor=copper_sulfate,stressor=copper_sulfate|dose_mM=0.4125,,copper_sulfate,,0.4125000000000001,0.4125,test,3,0.4125,cf4c314897ac931ee67ea345f571946ce9d64ba4acfb71832737d4511459d668
simulated_panel,interpolation,2,stressor|dose_mM,stressor,dose_mM,stressor=copper_sulfate,stressor=copper_sulfate|dose_mM=0.103125,,copper_sulfate,,0.10312500000000001,0.103125,train,3,0.4125,cf4c314897ac931ee67ea345f571946ce9d64ba4acfb71832737d4511459d668
simulated_panel,interpolation,2,stressor|dose_mM,stressor,dose_mM,stressor=copper_sulfate,stressor=copper_sulfate|dose_mM=0.20625,,copper_sulfate,,0.20625000000000002,0.20625,train,3,0.4125,cf4c314897ac931ee67ea345f571946ce9d64ba4acfb71832737d4511459d668
simulated_panel,interpolation,2,stressor|dose_mM,stressor,dose_mM,stressor=copper_sulfate,stressor=copper_sulfate|dose_mM=0.825,,copper_sulfate,,0.8250000000000001,0.825,train,3,0.4125,cf4c314897ac931ee67ea345f571946ce9d64ba4acfb71832737d4511459d668
simulated_panel,interpolation,2,stressor|dose_mM,stressor,dose_mM,stressor=copper_sulfate,stressor=copper_sulfate|dose_mM=1.65,,copper_sulfate,,1.6500000000000001,1.65,train,3,0.4125,cf4c314897ac931ee67ea345f571946ce9d64ba4acfb71832737d4511459d668
simulated_panel,interpolation,2,stressor|dose_mM,stressor,dose_mM,stressor=diamide,stressor=diamide|dose_mM=0.61875,,diamide,,0.6187499999999999,0.61875,test,3,0.61875,cf4c314897ac931ee67ea345f571946ce9d64ba4acfb71832737d4511459d668
simulated_panel,interpolation,2,stressor|dose_mM,stressor,dose_mM,stressor=diamide,stressor=diamide|dose_mM=0.1546875,,diamide,,0.1546875,0.1546875,train,3,0.61875,cf4c314897ac931ee67ea345f571946ce9d64ba4acfb71832737d4511459d668
simulated_panel,interpolation,2,stressor|dose_mM,stressor,dose_mM,stressor=diamide,stressor=diamide|dose_mM=0.309375,,diamide,,0.30937499999999996,0.309375,train,3,0.61875,cf4c314897ac931ee67ea345f571946ce9d64ba4acfb71832737d4511459d668
simulated_panel,interpolation,2,stressor|dose_mM,stressor,dose_mM,stressor=diamide,stressor=diamide|dose_mM=1.2375,,diamide,,1.2374999999999998,1.2375,train,3,0.61875,cf4c314897ac931ee67ea345f571946ce9d64ba4acfb71832737d4511459d668
simulated_panel,interpolation,2,stressor|dose_mM,stressor,dose_mM,stressor=diamide,stressor=diamide|dose_mM=2.475,,diamide,,2.475,2.475,train,3,0.61875,cf4c314897ac931ee67ea345f571946ce9d64ba4acfb71832737d4511459d668
simulated_panel,interpolation,2,stressor|dose_mM,stressor,dose_mM,stressor=fluconazole,stressor=fluconazole|dose_mM=24.75,,fluconazole,,24.750000000000004,24.75,test,3,24.75,cf4c314897ac931ee67ea345f571946ce9d64ba4acfb71832737d4511459d668
simulated_panel,interpolation,2,stressor|dose_mM,stressor,dose_mM,stressor=fluconazole,stressor=fluconazole|dose_mM=12.375,,fluconazole,,12.375000000000002,12.375,train,3,24.75,cf4c314897ac931ee67ea345f571946ce9d64ba4acfb71832737d4511459d668
simulated_panel,interpolation,2,stressor|dose_mM,stressor,dose_mM,stressor=fluconazole,stressor=fluconazole|dose_mM=3.09375,,fluconazole,,3.0937500000000004,3.09375,train,3,24.75,cf4c314897ac931ee67ea345f571946ce9d64ba4acfb71832737d4511459d668
simulated_panel,interpolation,2,stressor|dose_mM,stressor,dose_mM,stressor=fluconazole,stressor=fluconazole|dose_mM=49.5,,fluconazole,,49.50000000000001,49.5,train,3,24.75,cf4c314897ac931ee67ea345f571946ce9d64ba4acfb71832737d4511459d668
simulated_panel,interpolation,2,stressor|dose_mM,stressor,dose_mM,stressor=fluconazole,stressor=fluconazole|dose_mM=6.1875,,fluconazole,,6.187500000000001,6.1875,train,3,24.75,cf4c314897ac931ee67ea345f571946ce9d64ba4acfb71832737d4511459d668
simulated_panel,interpolation,2,stressor|dose_mM,stressor,dose_mM,stressor=glucose_starvation,stressor=glucose_starvation|dose_mM=0.2475,,glucose_starvation,,0.2475,0.2475,test,3,0.2475,cf4c314897ac931ee67ea345f571946ce9d64ba4acfb71832737d4511459d668
simulated_panel,interpolation,2,stressor|dose_mM,stressor,dose_mM,stressor=glucose_starvation,stressor=glucose_starvation|dose_mM=0.061875,,glucose_starvation,,0.061875,0.061875,train,3,0.2475,cf4c314897ac931ee67ea345f571946ce9d64ba4acfb71832737d4511459d668
simulated_panel,interpolation,2,stressor|dose_mM,stressor,dose_mM,stressor=glucose_starvation,stressor=glucose_starvation|dose_mM=0.12375,,glucose_starvation,,0.12375,0.12375,train,3,0.2475,cf4c314897ac931ee67ea345f571946ce9d64ba4acfb71832737d4511459d668
simulated_panel,interpolation,2,stressor|dose_mM,stressor,dose_mM,stressor=glucose_starvation,stressor=glucose_starvation|dose_mM=0.495,,glucose_starvation,,0.49499999999999994,0.495,train,3,0.2475,cf4c314897ac931ee67ea345f571946ce9d64ba4acfb71832737d4511459d668
simulated_panel,interpolation,2,stressor|dose_mM,stressor,dose_mM,stressor=glucose_starvation,stressor=glucose_starvation|dose_mM=0.99,,glucose_starvation,,0.99,0.99,train,3,0.2475,cf4c314897ac931ee67ea345f571946ce9d64ba4acfb71832737d4511459d668
simulated_panel,interpolation,2,stressor|dose_mM,stressor,dose_mM,stressor=heat,stressor=heat|dose_mM=4.95,,heat,,4.949999999999999,4.95,test,3,4.95,cf4c314897ac931ee67ea345f571946ce9d64ba4acfb71832737d4511459d668
simulated_panel,interpolation,2,stressor|dose_mM,stressor,dose_mM,stressor=heat,stressor=heat|dose_mM=0.61875,,heat,,0.61875,0.61875,train,3,4.95,cf4c314897ac931ee67ea345f571946ce9d64ba4acfb71832737d4511459d668
simulated_panel,interpolation,2,stressor|dose_mM,stressor,dose_mM,stressor=heat,stressor=heat|dose_mM=1.2375,,heat,,1.2375,1.2375,train,3,4.95,cf4c314897ac931ee67ea345f571946ce9d64ba4acfb71832737d4511459d668
simulated_panel,interpolation,2,stressor|dose_mM,stressor,dose_mM,stressor=heat,stressor=heat|dose_mM=2.475,,heat,,2.475,2.475,train,3,4.95,cf4c314897ac931ee67ea345f571946ce9d64ba4acfb71832737d4511459d668
simulated_panel,interpolation,2,stressor|dose_mM,stressor,dose_mM,stressor=heat,stressor=heat|dose_mM=9.9,,heat,,9.9,9.9,train,3,4.95,cf4c314897ac931ee67ea345f571946ce9d64ba4acfb71832737d4511459d668
simulated_panel,interpolation,2,stressor|dose_mM,stressor,dose_mM,stressor=hydroxyurea,stressor=hydroxyurea|dose_mM=82.5,,hydroxyurea,,82.49999999999999,82.5,test,3,82.5,cf4c314897ac931ee67ea345f571946ce9d64ba4acfb71832737d4511459d668
simulated_panel,interpolation,2,stressor|dose_mM,stressor,dose_mM,stressor=hydroxyurea,stressor=hydroxyurea|dose_mM=10.3125,,hydroxyurea,,10.3125,10.3125,train,3,82.5,cf4c314897ac931ee67ea345f571946ce9d64ba4acfb71832737d4511459d668
simulated_panel,interpolation,2,stressor|dose_mM,stressor,dose_mM,stressor=hydroxyurea,stressor=hydroxyurea|dose_mM=165,,hydroxyurea,,165.0,165,train,3,82.5,cf4c314897ac931ee67ea345f571946ce9d64ba4acfb71832737d4511459d668
simulated_panel,interpolation,2,stressor|dose_mM,stressor,dose_mM,stressor=hydroxyurea,stressor=hydroxyurea|dose_mM=20.625,,hydroxyurea,,20.625,20.625,train,3,82.5,cf4c314897ac931ee67ea345f571946ce9d64ba4acfb71832737d4511459d668
simulated_panel,interpolation,2,stressor|dose_mM,stressor,dose_mM,stressor=hydroxyurea,stressor=hydroxyurea|dose_mM=41.25,,hydroxyurea,,41.249999999999986,41.25,train,3,82.5,cf4c314897ac931ee67ea345f571946ce9d64ba4acfb71832737d4511459d668
simulated_panel,interpolation,2,stressor|dose_mM,stressor,dose_mM,stressor=menadione,stressor=menadione|dose_mM=20.625,,menadione,,20.625,20.625,test,3,20.625,cf4c314897ac931ee67ea345f571946ce9d64ba4acfb71832737d4511459d668
simulated_panel,interpolation,2,stressor|dose_mM,stressor,dose_mM,stressor=menadione,stressor=menadione|dose_mM=10.3125,,menadione,,10.3125,10.3125,train,3,20.625,cf4c314897ac931ee67ea345f571946ce9d64ba4acfb71832737d4511459d668
simulated_panel,interpolation,2,stressor|dose_mM,stressor,dose_mM,stressor=menadione,stressor=menadione|dose_mM=165,,menadione,,165.0,165,train,3,20.625,cf4c314897ac931ee67ea345f571946ce9d64ba4acfb71832737d4511459d668
simulated_panel,interpolation,2,stressor|dose_mM,stressor,dose_mM,stressor=menadione,stressor=menadione|dose_mM=41.25,,menadione,,41.249999999999986,41.25,train,3,20.625,cf4c314897ac931ee67ea345f571946ce9d64ba4acfb71832737d4511459d668
simulated_panel,interpolation,2,stressor|dose_mM,stressor,dose_mM,stressor=menadione,stressor=menadione|dose_mM=82.5,,menadione,,82.49999999999999,82.5,train,3,20.625,cf4c314897ac931ee67ea345f571946ce9d64ba4acfb71832737d4511459d668
simulated_panel,interpolation,2,stressor|dose_mM,stressor,dose_mM,stressor=methionine_starvation,stressor=methionine_starvation|dose_mM=0.165,,methionine_starvation,,0.1650000000000001,0.165,test,3,0.165,cf4c314897ac931ee67ea345f571946ce9d64ba4acfb71832737d4511459d668
simulated_panel,interpolation,2,stressor|dose_mM,stressor,dose_mM,stressor=methionine_starvation,stressor=methionine_starvation|dose_mM=0.0825,,methionine_starvation,,0.08250000000000002,0.0825,train,3,0.165,cf4c314897ac931ee67ea345f571946ce9d64ba4acfb71832737d4511459d668
simulated_panel,interpolation,2,stressor|dose_mM,stressor,dose_mM,stressor=methionine_starvation,stressor=methionine_starvation|dose_mM=0.33,,methionine_starvation,,0.3300000000000001,0.33,train,3,0.165,cf4c314897ac931ee67ea345f571946ce9d64ba4acfb71832737d4511459d668
simulated_panel,interpolation,2,stressor|dose_mM,stressor,dose_mM,stressor=methionine_starvation,stressor=methionine_starvation|dose_mM=0.66,,methionine_starvation,,0.6600000000000001,0.66,train,3,0.165,cf4c314897ac931ee67ea345f571946ce9d64ba4acfb71832737d4511459d668
simulated_panel,interpolation,2,stressor|dose_mM,stressor,dose_mM,stressor=methionine_starvation,stressor=methionine_starvation|dose_mM=1.32,,methionine_starvation,,1.3200000000000003,1.32,train,3,0.165,cf4c314897ac931ee67ea345f571946ce9d64ba4acfb71832737d4511459d668
simulated_panel,interpolation,2,stressor|dose_mM,stressor,dose_mM,stressor=rapamycin,stressor=rapamycin|dose_mM=8.25,,rapamycin,,8.249999999999998,8.25,test,3,8.25,cf4c314897ac931ee67ea345f571946ce9d64ba4acfb71832737d4511459d668
simulated_panel,interpolation,2,stressor|dose_mM,stressor,dose_mM,stressor=rapamycin,stressor=rapamycin|dose_mM=16.5,,rapamycin,,16.5,16.5,train,3,8.25,cf4c314897ac931ee67ea345f571946ce9d64ba4acfb71832737d4511459d668
simulated_panel,interpolation,2,stressor|dose_mM,stressor,dose_mM,stressor=rapamycin,stressor=rapamycin|dose_mM=2.0625,,rapamycin,,2.0625,2.0625,train,3,8.25,cf4c314897ac931ee67ea345f571946ce9d64ba4acfb71832737d4511459d668
simulated_panel,interpolation,2,stressor|dose_mM,stressor,dose_mM,stressor=rapamycin,stressor=rapamycin|dose_mM=33,,rapamycin,,33.0,33,train,3,8.25,cf4c314897ac931ee67ea345f571946ce9d64ba4acfb71832737d4511459d668
simulated_panel,interpolation,2,stressor|dose_mM,stressor,dose_mM,stressor=rapamycin,stressor=rapamycin|dose_mM=4.125,,rapamycin,,4.125,4.125,train,3,8.25,cf4c314897ac931ee67ea345f571946ce9d64ba4acfb71832737d4511459d668
simulated_panel,interpolation,2,stressor|dose_mM,stressor,dose_mM,stressor=sodium_hydroxide,stressor=sodium_hydroxide|dose_mM=2.475,,sodium_hydroxide,,2.475,2.475,test,3,2.475,cf4c314897ac931ee67ea345f571946ce9d64ba4acfb71832737d4511459d668
simulated_panel,interpolation,2,stressor|dose_mM,stressor,dose_mM,stressor=sodium_hydroxide,stressor=sodium_hydroxide|dose_mM=0.309375,,sodium_hydroxide,,0.309375,0.309375,train,3,2.475,cf4c314897ac931ee67ea345f571946ce9d64ba4acfb71832737d4511459d668
simulated_panel,interpolation,2,stressor|dose_mM,stressor,dose_mM,stressor=sodium_hydroxide,stressor=sodium_hydroxide|dose_mM=0.61875,,sodium_hydroxide,,0.61875,0.61875,train,3,2.475,cf4c314897ac931ee67ea345f571946ce9d64ba4acfb71832737d4511459d668
simulated_panel,interpolation,2,stressor|dose_mM,stressor,dose_mM,stressor=sodium_hydroxide,stressor=sodium_hydroxide|dose_mM=1.2375,,sodium_hydroxide,,1.2375,1.2375,train,3,2.475,cf4c314897ac931ee67ea345f571946ce9d64ba4acfb71832737d4511459d668
simulated_panel,interpolation,2,stressor|dose_mM,stressor,dose_mM,stressor=sodium_hydroxide,stressor=sodium_hydroxide|dose_mM=4.95,,sodium_hydroxide,,4.95,4.95,train,3,2.475,cf4c314897ac931ee67ea345f571946ce9d64ba4acfb71832737d4511459d668
simulated_panel,interpolation,2,stressor|dose_mM,stressor,dose_mM,stressor=sorbitol,stressor=sorbitol|dose_mM=0.20625,,sorbitol,,0.20625000000000002,0.20625,test,3,0.20625,cf4c314897ac931ee67ea345f571946ce9d64ba4acfb71832737d4511459d668
simulated_panel,interpolation,2,stressor|dose_mM,stressor,dose_mM,stressor=sorbitol,stressor=sorbitol|dose_mM=0.103125,,sorbitol,,0.10312500000000001,0.103125,train,3,0.20625,cf4c314897ac931ee67ea345f571946ce9d64ba4acfb71832737d4511459d668
simulated_panel,interpolation,2,stressor|dose_mM,stressor,dose_mM,stressor=sorbitol,stressor=sorbitol|dose_mM=0.4125,,sorbitol,,0.4125000000000001,0.4125,train,3,0.20625,cf4c314897ac931ee67ea345f571946ce9d64ba4acfb71832737d4511459d668
simulated_panel,interpolation,2,stressor|dose_mM,stressor,dose_mM,stressor=sorbitol,stressor=sorbitol|dose_mM=0.825,,sorbitol,,0.8250000000000001,0.825,train,3,0.20625,cf4c314897ac931ee67ea345f571946ce9d64ba4acfb71832737d4511459d668
simulated_panel,interpolation,2,stressor|dose_mM,stressor,dose_mM,stressor=sorbitol,stressor=sorbitol|dose_mM=1.65,,sorbitol,,1.6500000000000001,1.65,train,3,0.20625,cf4c314897ac931ee67ea345f571946ce9d64ba4acfb71832737d4511459d668
simulated_panel,interpolation,2,stressor|dose_mM,stressor,dose_mM,stressor=tunicamycin,stressor=tunicamycin|dose_mM=0.20625,,tunicamycin,,0.20625000000000002,0.20625,test,3,0.20625,cf4c314897ac931ee67ea345f571946ce9d64ba4acfb71832737d4511459d668
simulated_panel,interpolation,2,stressor|dose_mM,stressor,dose_mM,stressor=tunicamycin,stressor=tunicamycin|dose_mM=0.103125,,tunicamycin,,0.10312500000000001,0.103125,train,3,0.20625,cf4c314897ac931ee67ea345f571946ce9d64ba4acfb71832737d4511459d668
simulated_panel,interpolation,2,stressor|dose_mM,stressor,dose_mM,stressor=tunicamycin,stressor=tunicamycin|dose_mM=0.4125,,tunicamycin,,0.4125000000000001,0.4125,train,3,0.20625,cf4c314897ac931ee67ea345f571946ce9d64ba4acfb71832737d4511459d668
simulated_panel,interpolation,2,stressor|dose_mM,stressor,dose_mM,stressor=tunicamycin,stressor=tunicamycin|dose_mM=0.825,,tunicamycin,,0.8250000000000001,0.825,train,3,0.20625,cf4c314897ac931ee67ea345f571946ce9d64ba4acfb71832737d4511459d668
simulated_panel,interpolation,2,stressor|dose_mM,stressor,dose_mM,stressor=tunicamycin,stressor=tunicamycin|dose_mM=1.65,,tunicamycin,,1.6500000000000001,1.65,train,3,0.20625,cf4c314897ac931ee67ea345f571946ce9d64ba4acfb71832737d4511459d668
